Algorithm,Type,Pattern,Size,Time(ms)
dual_pivot_parallel_16,double,MANY_DUPLICATES_10,1000,0.01458
dual_pivot_parallel_16,double,MANY_DUPLICATES_10,1259,0.02714
dual_pivot_parallel_16,double,MANY_DUPLICATES_10,1585,0.03921
dual_pivot_parallel_16,double,MANY_DUPLICATES_10,1995,0.05433
dual_pivot_parallel_16,double,MANY_DUPLICATES_10,2512,0.07215
dual_pivot_parallel_16,double,MANY_DUPLICATES_10,3162,0.09094
dual_pivot_parallel_16,double,MANY_DUPLICATES_10,3981,0.10637
dual_pivot_parallel_16,double,MANY_DUPLICATES_10,5012,0.15381
dual_pivot_parallel_16,double,MANY_DUPLICATES_10,6310,0.19404
dual_pivot_parallel_16,double,MANY_DUPLICATES_10,7943,0.24893
dual_pivot_parallel_16,double,MANY_DUPLICATES_10,10000,0.35637
dual_pivot_parallel_16,double,MANY_DUPLICATES_10,12589,0.46233
dual_pivot_parallel_16,double,MANY_DUPLICATES_10,15849,0.59066
dual_pivot_parallel_16,double,MANY_DUPLICATES_10,19953,0.68760
dual_pivot_parallel_16,double,MANY_DUPLICATES_10,25119,0.87435
dual_pivot_parallel_16,double,MANY_DUPLICATES_10,31623,1.17963
dual_pivot_parallel_16,double,MANY_DUPLICATES_10,39811,1.33913
dual_pivot_parallel_16,double,MANY_DUPLICATES_10,50119,1.76025
dual_pivot_parallel_16,double,MANY_DUPLICATES_10,63096,2.27047
dual_pivot_parallel_16,double,MANY_DUPLICATES_10,79433,2.23755
dual_pivot_parallel_16,double,MANY_DUPLICATES_10,100000,3.15517
dual_pivot_parallel_16,double,MANY_DUPLICATES_10,125893,4.10995
dual_pivot_parallel_16,double,MANY_DUPLICATES_10,158489,3.27301
dual_pivot_parallel_16,double,MANY_DUPLICATES_10,199526,4.72241
dual_pivot_parallel_16,double,MANY_DUPLICATES_10,251189,4.88093
dual_pivot_parallel_16,double,MANY_DUPLICATES_10,316228,5.99167
dual_pivot_parallel_16,double,MANY_DUPLICATES_10,398107,7.09234
dual_pivot_parallel_16,double,MANY_DUPLICATES_10,501187,8.51753
dual_pivot_parallel_16,double,MANY_DUPLICATES_10,630957,9.88657
dual_pivot_parallel_16,double,MANY_DUPLICATES_10,794328,11.16760
dual_pivot_parallel_16,double,MANY_DUPLICATES_10,1000000,16.67830
dual_pivot_parallel_16,double,MANY_DUPLICATES_10,1258925,20.28280
dual_pivot_parallel_16,double,MANY_DUPLICATES_10,1584893,22.45700
dual_pivot_parallel_16,double,MANY_DUPLICATES_10,1995262,27.58940
dual_pivot_parallel_16,double,MANY_DUPLICATES_10,2511886,33.32610
dual_pivot_parallel_16,double,MANY_DUPLICATES_10,3162277,44.95110
dual_pivot_parallel_16,double,MANY_DUPLICATES_10,3981071,51.24480
dual_pivot_parallel_16,double,MANY_DUPLICATES_10,5011872,76.68410
dual_pivot_parallel_16,double,MANY_DUPLICATES_10,6309573,86.41680
dual_pivot_parallel_16,double,MANY_DUPLICATES_10,7943282,106.33400
dual_pivot_parallel_16,double,MANY_DUPLICATES_10,10000000,146.54100
dual_pivot_parallel_16,double,MANY_DUPLICATES_50,1000,0.02452
dual_pivot_parallel_16,double,MANY_DUPLICATES_50,1259,0.02331
dual_pivot_parallel_16,double,MANY_DUPLICATES_50,1585,0.03319
dual_pivot_parallel_16,double,MANY_DUPLICATES_50,1995,0.04482
dual_pivot_parallel_16,double,MANY_DUPLICATES_50,2512,0.05158
dual_pivot_parallel_16,double,MANY_DUPLICATES_50,3162,0.07749
dual_pivot_parallel_16,double,MANY_DUPLICATES_50,3981,0.10041
dual_pivot_parallel_16,double,MANY_DUPLICATES_50,5012,0.13022
dual_pivot_parallel_16,double,MANY_DUPLICATES_50,6310,0.18635
dual_pivot_parallel_16,double,MANY_DUPLICATES_50,7943,0.23303
dual_pivot_parallel_16,double,MANY_DUPLICATES_50,10000,0.30544
dual_pivot_parallel_16,double,MANY_DUPLICATES_50,12589,0.37391
dual_pivot_parallel_16,double,MANY_DUPLICATES_50,15849,0.48215
dual_pivot_parallel_16,double,MANY_DUPLICATES_50,19953,0.60776
dual_pivot_parallel_16,double,MANY_DUPLICATES_50,25119,0.80269
dual_pivot_parallel_16,double,MANY_DUPLICATES_50,31623,1.03960
dual_pivot_parallel_16,double,MANY_DUPLICATES_50,39811,1.28632
dual_pivot_parallel_16,double,MANY_DUPLICATES_50,50119,1.69590
dual_pivot_parallel_16,double,MANY_DUPLICATES_50,63096,2.22777
dual_pivot_parallel_16,double,MANY_DUPLICATES_50,79433,2.11903
dual_pivot_parallel_16,double,MANY_DUPLICATES_50,100000,2.78030
dual_pivot_parallel_16,double,MANY_DUPLICATES_50,125893,3.75746
dual_pivot_parallel_16,double,MANY_DUPLICATES_50,158489,2.88819
dual_pivot_parallel_16,double,MANY_DUPLICATES_50,199526,4.06617
dual_pivot_parallel_16,double,MANY_DUPLICATES_50,251189,4.81939
dual_pivot_parallel_16,double,MANY_DUPLICATES_50,316228,5.66068
dual_pivot_parallel_16,double,MANY_DUPLICATES_50,398107,6.63331
dual_pivot_parallel_16,double,MANY_DUPLICATES_50,501187,8.78416
dual_pivot_parallel_16,double,MANY_DUPLICATES_50,630957,9.68468
dual_pivot_parallel_16,double,MANY_DUPLICATES_50,794328,11.12720
dual_pivot_parallel_16,double,MANY_DUPLICATES_50,1000000,16.07350
dual_pivot_parallel_16,double,MANY_DUPLICATES_50,1258925,18.93810
dual_pivot_parallel_16,double,MANY_DUPLICATES_50,1584893,21.94840
dual_pivot_parallel_16,double,MANY_DUPLICATES_50,1995262,28.07830
dual_pivot_parallel_16,double,MANY_DUPLICATES_50,2511886,33.16790
dual_pivot_parallel_16,double,MANY_DUPLICATES_50,3162277,42.62460
dual_pivot_parallel_16,double,MANY_DUPLICATES_50,3981071,52.12500
dual_pivot_parallel_16,double,MANY_DUPLICATES_50,5011872,73.33460
dual_pivot_parallel_16,double,MANY_DUPLICATES_50,6309573,83.53480
dual_pivot_parallel_16,double,MANY_DUPLICATES_50,7943282,107.65700
dual_pivot_parallel_16,double,MANY_DUPLICATES_50,10000000,143.71100
dual_pivot_parallel_16,double,MANY_DUPLICATES_90,1000,0.01517
dual_pivot_parallel_16,double,MANY_DUPLICATES_90,1259,0.02426
dual_pivot_parallel_16,double,MANY_DUPLICATES_90,1585,0.03508
dual_pivot_parallel_16,double,MANY_DUPLICATES_90,1995,0.04663
dual_pivot_parallel_16,double,MANY_DUPLICATES_90,2512,0.05811
dual_pivot_parallel_16,double,MANY_DUPLICATES_90,3162,0.08675
dual_pivot_parallel_16,double,MANY_DUPLICATES_90,3981,0.10446
dual_pivot_parallel_16,double,MANY_DUPLICATES_90,5012,0.13929
dual_pivot_parallel_16,double,MANY_DUPLICATES_90,6310,0.18232
dual_pivot_parallel_16,double,MANY_DUPLICATES_90,7943,0.23189
dual_pivot_parallel_16,double,MANY_DUPLICATES_90,10000,0.30016
dual_pivot_parallel_16,double,MANY_DUPLICATES_90,12589,0.37545
dual_pivot_parallel_16,double,MANY_DUPLICATES_90,15849,0.49237
dual_pivot_parallel_16,double,MANY_DUPLICATES_90,19953,0.61440
dual_pivot_parallel_16,double,MANY_DUPLICATES_90,25119,0.78166
dual_pivot_parallel_16,double,MANY_DUPLICATES_90,31623,1.06743
dual_pivot_parallel_16,double,MANY_DUPLICATES_90,39811,1.29883
dual_pivot_parallel_16,double,MANY_DUPLICATES_90,50119,1.70453
dual_pivot_parallel_16,double,MANY_DUPLICATES_90,63096,2.19947
dual_pivot_parallel_16,double,MANY_DUPLICATES_90,79433,2.06435
dual_pivot_parallel_16,double,MANY_DUPLICATES_90,100000,2.81853
dual_pivot_parallel_16,double,MANY_DUPLICATES_90,125893,3.68223
dual_pivot_parallel_16,double,MANY_DUPLICATES_90,158489,3.16316
dual_pivot_parallel_16,double,MANY_DUPLICATES_90,199526,4.65505
dual_pivot_parallel_16,double,MANY_DUPLICATES_90,251189,4.65559
dual_pivot_parallel_16,double,MANY_DUPLICATES_90,316228,5.80764
dual_pivot_parallel_16,double,MANY_DUPLICATES_90,398107,6.96401
dual_pivot_parallel_16,double,MANY_DUPLICATES_90,501187,8.44968
dual_pivot_parallel_16,double,MANY_DUPLICATES_90,630957,9.96173
dual_pivot_parallel_16,double,MANY_DUPLICATES_90,794328,11.36310
dual_pivot_parallel_16,double,MANY_DUPLICATES_90,1000000,16.13340
dual_pivot_parallel_16,double,MANY_DUPLICATES_90,1258925,19.35420
dual_pivot_parallel_16,double,MANY_DUPLICATES_90,1584893,22.90210
dual_pivot_parallel_16,double,MANY_DUPLICATES_90,1995262,27.75590
dual_pivot_parallel_16,double,MANY_DUPLICATES_90,2511886,32.19640
dual_pivot_parallel_16,double,MANY_DUPLICATES_90,3162277,44.19360
dual_pivot_parallel_16,double,MANY_DUPLICATES_90,3981071,50.77630
dual_pivot_parallel_16,double,MANY_DUPLICATES_90,5011872,76.78590
dual_pivot_parallel_16,double,MANY_DUPLICATES_90,6309573,85.04490
dual_pivot_parallel_16,double,MANY_DUPLICATES_90,7943282,112.09800
dual_pivot_parallel_16,double,MANY_DUPLICATES_90,10000000,145.23600
dual_pivot_parallel_16,double,NEARLY_SORTED,1000,0.00861
dual_pivot_parallel_16,double,NEARLY_SORTED,1259,0.01388
dual_pivot_parallel_16,double,NEARLY_SORTED,1585,0.01714
dual_pivot_parallel_16,double,NEARLY_SORTED,1995,0.02552
dual_pivot_parallel_16,double,NEARLY_SORTED,2512,0.03674
dual_pivot_parallel_16,double,NEARLY_SORTED,3162,0.04637
dual_pivot_parallel_16,double,NEARLY_SORTED,3981,0.06254
dual_pivot_parallel_16,double,NEARLY_SORTED,5012,0.08472
dual_pivot_parallel_16,double,NEARLY_SORTED,6310,0.10558
dual_pivot_parallel_16,double,NEARLY_SORTED,7943,0.15233
dual_pivot_parallel_16,double,NEARLY_SORTED,10000,0.17655
dual_pivot_parallel_16,double,NEARLY_SORTED,12589,0.22988
dual_pivot_parallel_16,double,NEARLY_SORTED,15849,0.29925
dual_pivot_parallel_16,double,NEARLY_SORTED,19953,0.37162
dual_pivot_parallel_16,double,NEARLY_SORTED,25119,0.47648
dual_pivot_parallel_16,double,NEARLY_SORTED,31623,0.57383
dual_pivot_parallel_16,double,NEARLY_SORTED,39811,0.81041
dual_pivot_parallel_16,double,NEARLY_SORTED,50119,0.98943
dual_pivot_parallel_16,double,NEARLY_SORTED,63096,1.29331
dual_pivot_parallel_16,double,NEARLY_SORTED,79433,1.00211
dual_pivot_parallel_16,double,NEARLY_SORTED,100000,1.25676
dual_pivot_parallel_16,double,NEARLY_SORTED,125893,1.59028
dual_pivot_parallel_16,double,NEARLY_SORTED,158489,1.67178
dual_pivot_parallel_16,double,NEARLY_SORTED,199526,1.82324
dual_pivot_parallel_16,double,NEARLY_SORTED,251189,2.27506
dual_pivot_parallel_16,double,NEARLY_SORTED,316228,2.63186
dual_pivot_parallel_16,double,NEARLY_SORTED,398107,3.36671
dual_pivot_parallel_16,double,NEARLY_SORTED,501187,4.04748
dual_pivot_parallel_16,double,NEARLY_SORTED,630957,3.88269
dual_pivot_parallel_16,double,NEARLY_SORTED,794328,4.97149
dual_pivot_parallel_16,double,NEARLY_SORTED,1000000,6.29477
dual_pivot_parallel_16,double,NEARLY_SORTED,1258925,7.63586
dual_pivot_parallel_16,double,NEARLY_SORTED,1584893,9.33330
dual_pivot_parallel_16,double,NEARLY_SORTED,1995262,11.82430
dual_pivot_parallel_16,double,NEARLY_SORTED,2511886,15.42710
dual_pivot_parallel_16,double,NEARLY_SORTED,3162277,19.21530
dual_pivot_parallel_16,double,NEARLY_SORTED,3981071,22.70760
dual_pivot_parallel_16,double,NEARLY_SORTED,5011872,29.92800
dual_pivot_parallel_16,double,NEARLY_SORTED,6309573,36.63270
dual_pivot_parallel_16,double,NEARLY_SORTED,7943282,46.80200
dual_pivot_parallel_16,double,NEARLY_SORTED,10000000,62.51430
dual_pivot_parallel_16,double,ORGAN_PIPE,1000,0.00333
dual_pivot_parallel_16,double,ORGAN_PIPE,1259,0.00254
dual_pivot_parallel_16,double,ORGAN_PIPE,1585,0.00309
dual_pivot_parallel_16,double,ORGAN_PIPE,1995,0.00369
dual_pivot_parallel_16,double,ORGAN_PIPE,2512,0.00466
dual_pivot_parallel_16,double,ORGAN_PIPE,3162,0.00560
dual_pivot_parallel_16,double,ORGAN_PIPE,3981,0.00761
dual_pivot_parallel_16,double,ORGAN_PIPE,5012,0.00916
dual_pivot_parallel_16,double,ORGAN_PIPE,6310,0.01135
dual_pivot_parallel_16,double,ORGAN_PIPE,7943,0.01408
dual_pivot_parallel_16,double,ORGAN_PIPE,10000,0.02803
dual_pivot_parallel_16,double,ORGAN_PIPE,12589,0.03994
dual_pivot_parallel_16,double,ORGAN_PIPE,15849,0.05811
dual_pivot_parallel_16,double,ORGAN_PIPE,19953,0.06730
dual_pivot_parallel_16,double,ORGAN_PIPE,25119,0.08173
dual_pivot_parallel_16,double,ORGAN_PIPE,31623,0.10489
dual_pivot_parallel_16,double,ORGAN_PIPE,39811,0.12834
dual_pivot_parallel_16,double,ORGAN_PIPE,50119,0.16159
dual_pivot_parallel_16,double,ORGAN_PIPE,63096,0.20792
dual_pivot_parallel_16,double,ORGAN_PIPE,79433,0.46610
dual_pivot_parallel_16,double,ORGAN_PIPE,100000,0.55060
dual_pivot_parallel_16,double,ORGAN_PIPE,125893,0.62671
dual_pivot_parallel_16,double,ORGAN_PIPE,158489,0.65917
dual_pivot_parallel_16,double,ORGAN_PIPE,199526,0.78238
dual_pivot_parallel_16,double,ORGAN_PIPE,251189,0.95454
dual_pivot_parallel_16,double,ORGAN_PIPE,316228,1.19755
dual_pivot_parallel_16,double,ORGAN_PIPE,398107,1.55715
dual_pivot_parallel_16,double,ORGAN_PIPE,501187,2.10727
dual_pivot_parallel_16,double,ORGAN_PIPE,630957,2.42216
dual_pivot_parallel_16,double,ORGAN_PIPE,794328,3.09444
dual_pivot_parallel_16,double,ORGAN_PIPE,1000000,3.59797
dual_pivot_parallel_16,double,ORGAN_PIPE,1258925,4.68427
dual_pivot_parallel_16,double,ORGAN_PIPE,1584893,6.03579
dual_pivot_parallel_16,double,ORGAN_PIPE,1995262,7.05728
dual_pivot_parallel_16,double,ORGAN_PIPE,2511886,10.04720
dual_pivot_parallel_16,double,ORGAN_PIPE,3162277,12.76700
dual_pivot_parallel_16,double,ORGAN_PIPE,3981071,15.96280
dual_pivot_parallel_16,double,ORGAN_PIPE,5011872,20.32310
dual_pivot_parallel_16,double,ORGAN_PIPE,6309573,25.11550
dual_pivot_parallel_16,double,ORGAN_PIPE,7943282,32.19190
dual_pivot_parallel_16,double,ORGAN_PIPE,10000000,45.60070
dual_pivot_parallel_16,double,RANDOM,1000,0.02491
dual_pivot_parallel_16,double,RANDOM,1259,0.02756
dual_pivot_parallel_16,double,RANDOM,1585,0.03058
dual_pivot_parallel_16,double,RANDOM,1995,0.04343
dual_pivot_parallel_16,double,RANDOM,2512,0.05151
dual_pivot_parallel_16,double,RANDOM,3162,0.06946
dual_pivot_parallel_16,double,RANDOM,3981,0.10396
dual_pivot_parallel_16,double,RANDOM,5012,0.14173
dual_pivot_parallel_16,double,RANDOM,6310,0.17411
dual_pivot_parallel_16,double,RANDOM,7943,0.22679
dual_pivot_parallel_16,double,RANDOM,10000,0.30066
dual_pivot_parallel_16,double,RANDOM,12589,0.38488
dual_pivot_parallel_16,double,RANDOM,15849,0.48089
dual_pivot_parallel_16,double,RANDOM,19953,0.60783
dual_pivot_parallel_16,double,RANDOM,25119,0.80720
dual_pivot_parallel_16,double,RANDOM,31623,1.03464
dual_pivot_parallel_16,double,RANDOM,39811,1.29894
dual_pivot_parallel_16,double,RANDOM,50119,1.70488
dual_pivot_parallel_16,double,RANDOM,63096,2.18925
dual_pivot_parallel_16,double,RANDOM,79433,2.03869
dual_pivot_parallel_16,double,RANDOM,100000,2.79733
dual_pivot_parallel_16,double,RANDOM,125893,3.66091
dual_pivot_parallel_16,double,RANDOM,158489,2.91685
dual_pivot_parallel_16,double,RANDOM,199526,4.65273
dual_pivot_parallel_16,double,RANDOM,251189,4.55806
dual_pivot_parallel_16,double,RANDOM,316228,5.98193
dual_pivot_parallel_16,double,RANDOM,398107,6.98130
dual_pivot_parallel_16,double,RANDOM,501187,8.63666
dual_pivot_parallel_16,double,RANDOM,630957,9.60133
dual_pivot_parallel_16,double,RANDOM,794328,11.23760
dual_pivot_parallel_16,double,RANDOM,1000000,16.32880
dual_pivot_parallel_16,double,RANDOM,1258925,19.23550
dual_pivot_parallel_16,double,RANDOM,1584893,22.82270
dual_pivot_parallel_16,double,RANDOM,1995262,28.18670
dual_pivot_parallel_16,double,RANDOM,2511886,33.39450
dual_pivot_parallel_16,double,RANDOM,3162277,43.42260
dual_pivot_parallel_16,double,RANDOM,3981071,51.36270
dual_pivot_parallel_16,double,RANDOM,5011872,75.72440
dual_pivot_parallel_16,double,RANDOM,6309573,85.51690
dual_pivot_parallel_16,double,RANDOM,7943282,111.54500
dual_pivot_parallel_16,double,RANDOM,10000000,143.92400
dual_pivot_parallel_16,double,REVERSE_SORTED,1000,0.00139
dual_pivot_parallel_16,double,REVERSE_SORTED,1259,0.00182
dual_pivot_parallel_16,double,REVERSE_SORTED,1585,0.00211
dual_pivot_parallel_16,double,REVERSE_SORTED,1995,0.00253
dual_pivot_parallel_16,double,REVERSE_SORTED,2512,0.00307
dual_pivot_parallel_16,double,REVERSE_SORTED,3162,0.00385
dual_pivot_parallel_16,double,REVERSE_SORTED,3981,0.00468
dual_pivot_parallel_16,double,REVERSE_SORTED,5012,0.00592
dual_pivot_parallel_16,double,REVERSE_SORTED,6310,0.00752
dual_pivot_parallel_16,double,REVERSE_SORTED,7943,0.00933
dual_pivot_parallel_16,double,REVERSE_SORTED,10000,0.01134
dual_pivot_parallel_16,double,REVERSE_SORTED,12589,0.01447
dual_pivot_parallel_16,double,REVERSE_SORTED,15849,0.01826
dual_pivot_parallel_16,double,REVERSE_SORTED,19953,0.02273
dual_pivot_parallel_16,double,REVERSE_SORTED,25119,0.02868
dual_pivot_parallel_16,double,REVERSE_SORTED,31623,0.03625
dual_pivot_parallel_16,double,REVERSE_SORTED,39811,0.04488
dual_pivot_parallel_16,double,REVERSE_SORTED,50119,0.05623
dual_pivot_parallel_16,double,REVERSE_SORTED,63096,0.07110
dual_pivot_parallel_16,double,REVERSE_SORTED,79433,0.16925
dual_pivot_parallel_16,double,REVERSE_SORTED,100000,0.20081
dual_pivot_parallel_16,double,REVERSE_SORTED,125893,0.26537
dual_pivot_parallel_16,double,REVERSE_SORTED,158489,0.25681
dual_pivot_parallel_16,double,REVERSE_SORTED,199526,0.27332
dual_pivot_parallel_16,double,REVERSE_SORTED,251189,0.50274
dual_pivot_parallel_16,double,REVERSE_SORTED,316228,0.39454
dual_pivot_parallel_16,double,REVERSE_SORTED,398107,0.51145
dual_pivot_parallel_16,double,REVERSE_SORTED,501187,0.65983
dual_pivot_parallel_16,double,REVERSE_SORTED,630957,0.82831
dual_pivot_parallel_16,double,REVERSE_SORTED,794328,1.06170
dual_pivot_parallel_16,double,REVERSE_SORTED,1000000,1.32958
dual_pivot_parallel_16,double,REVERSE_SORTED,1258925,1.65387
dual_pivot_parallel_16,double,REVERSE_SORTED,1584893,2.00313
dual_pivot_parallel_16,double,REVERSE_SORTED,1995262,2.50826
dual_pivot_parallel_16,double,REVERSE_SORTED,2511886,3.55677
dual_pivot_parallel_16,double,REVERSE_SORTED,3162277,5.29951
dual_pivot_parallel_16,double,REVERSE_SORTED,3981071,6.57592
dual_pivot_parallel_16,double,REVERSE_SORTED,5011872,8.24026
dual_pivot_parallel_16,double,REVERSE_SORTED,6309573,11.31810
dual_pivot_parallel_16,double,REVERSE_SORTED,7943282,13.54950
dual_pivot_parallel_16,double,REVERSE_SORTED,10000000,17.46860
dual_pivot_parallel_16,double,SAWTOOTH,1000,0.00359
dual_pivot_parallel_16,double,SAWTOOTH,1259,0.00417
dual_pivot_parallel_16,double,SAWTOOTH,1585,0.00481
dual_pivot_parallel_16,double,SAWTOOTH,1995,0.00593
dual_pivot_parallel_16,double,SAWTOOTH,2512,0.00714
dual_pivot_parallel_16,double,SAWTOOTH,3162,0.00884
dual_pivot_parallel_16,double,SAWTOOTH,3981,0.01141
dual_pivot_parallel_16,double,SAWTOOTH,5012,0.01336
dual_pivot_parallel_16,double,SAWTOOTH,6310,0.01691
dual_pivot_parallel_16,double,SAWTOOTH,7943,0.02016
dual_pivot_parallel_16,double,SAWTOOTH,10000,0.03569
dual_pivot_parallel_16,double,SAWTOOTH,12589,0.04931
dual_pivot_parallel_16,double,SAWTOOTH,15849,0.06369
dual_pivot_parallel_16,double,SAWTOOTH,19953,0.08075
dual_pivot_parallel_16,double,SAWTOOTH,25119,0.09984
dual_pivot_parallel_16,double,SAWTOOTH,31623,0.12723
dual_pivot_parallel_16,double,SAWTOOTH,39811,0.15863
dual_pivot_parallel_16,double,SAWTOOTH,50119,0.19833
dual_pivot_parallel_16,double,SAWTOOTH,63096,0.25128
dual_pivot_parallel_16,double,SAWTOOTH,79433,0.29345
dual_pivot_parallel_16,double,SAWTOOTH,100000,0.46155
dual_pivot_parallel_16,double,SAWTOOTH,125893,0.44356
dual_pivot_parallel_16,double,SAWTOOTH,158489,0.67997
dual_pivot_parallel_16,double,SAWTOOTH,199526,0.66642
dual_pivot_parallel_16,double,SAWTOOTH,251189,0.97527
dual_pivot_parallel_16,double,SAWTOOTH,316228,1.20821
dual_pivot_parallel_16,double,SAWTOOTH,398107,1.43204
dual_pivot_parallel_16,double,SAWTOOTH,501187,1.76618
dual_pivot_parallel_16,double,SAWTOOTH,630957,2.28350
dual_pivot_parallel_16,double,SAWTOOTH,794328,2.58849
dual_pivot_parallel_16,double,SAWTOOTH,1000000,3.89088
dual_pivot_parallel_16,double,SAWTOOTH,1258925,3.91403
dual_pivot_parallel_16,double,SAWTOOTH,1584893,4.85505
dual_pivot_parallel_16,double,SAWTOOTH,1995262,6.80388
dual_pivot_parallel_16,double,SAWTOOTH,2511886,7.79114
dual_pivot_parallel_16,double,SAWTOOTH,3162277,9.76284
dual_pivot_parallel_16,double,SAWTOOTH,3981071,15.41610
dual_pivot_parallel_16,double,SAWTOOTH,5011872,18.87100
dual_pivot_parallel_16,double,SAWTOOTH,6309573,23.14430
dual_pivot_parallel_16,double,SAWTOOTH,7943282,30.94750
dual_pivot_parallel_16,double,SAWTOOTH,10000000,40.55580
dual_pivot_parallel_16,int,MANY_DUPLICATES_10,1000,0.02162
dual_pivot_parallel_16,int,MANY_DUPLICATES_10,1259,0.02055
dual_pivot_parallel_16,int,MANY_DUPLICATES_10,1585,0.04881
dual_pivot_parallel_16,int,MANY_DUPLICATES_10,1995,0.04181
dual_pivot_parallel_16,int,MANY_DUPLICATES_10,2512,0.05309
dual_pivot_parallel_16,int,MANY_DUPLICATES_10,3162,0.08352
dual_pivot_parallel_16,int,MANY_DUPLICATES_10,3981,0.09905
dual_pivot_parallel_16,int,MANY_DUPLICATES_10,5012,0.12022
dual_pivot_parallel_16,int,MANY_DUPLICATES_10,6310,0.15254
dual_pivot_parallel_16,int,MANY_DUPLICATES_10,7943,0.20849
dual_pivot_parallel_16,int,MANY_DUPLICATES_10,10000,0.37982
dual_pivot_parallel_16,int,MANY_DUPLICATES_10,12589,0.33794
dual_pivot_parallel_16,int,MANY_DUPLICATES_10,15849,0.46399
dual_pivot_parallel_16,int,MANY_DUPLICATES_10,19953,0.55232
dual_pivot_parallel_16,int,MANY_DUPLICATES_10,25119,0.74433
dual_pivot_parallel_16,int,MANY_DUPLICATES_10,31623,1.82584
dual_pivot_parallel_16,int,MANY_DUPLICATES_10,39811,1.22879
dual_pivot_parallel_16,int,MANY_DUPLICATES_10,50119,1.67114
dual_pivot_parallel_16,int,MANY_DUPLICATES_10,63096,2.40262
dual_pivot_parallel_16,int,MANY_DUPLICATES_10,79433,1.98853
dual_pivot_parallel_16,int,MANY_DUPLICATES_10,100000,2.48770
dual_pivot_parallel_16,int,MANY_DUPLICATES_10,125893,3.16955
dual_pivot_parallel_16,int,MANY_DUPLICATES_10,158489,3.31737
dual_pivot_parallel_16,int,MANY_DUPLICATES_10,199526,3.93598
dual_pivot_parallel_16,int,MANY_DUPLICATES_10,251189,4.42641
dual_pivot_parallel_16,int,MANY_DUPLICATES_10,316228,5.40852
dual_pivot_parallel_16,int,MANY_DUPLICATES_10,398107,5.67163
dual_pivot_parallel_16,int,MANY_DUPLICATES_10,501187,7.09831
dual_pivot_parallel_16,int,MANY_DUPLICATES_10,630957,7.93963
dual_pivot_parallel_16,int,MANY_DUPLICATES_10,794328,8.45582
dual_pivot_parallel_16,int,MANY_DUPLICATES_10,1000000,10.99670
dual_pivot_parallel_16,int,MANY_DUPLICATES_10,1258925,14.71980
dual_pivot_parallel_16,int,MANY_DUPLICATES_10,1584893,17.09250
dual_pivot_parallel_16,int,MANY_DUPLICATES_10,1995262,21.27010
dual_pivot_parallel_16,int,MANY_DUPLICATES_10,2511886,25.42290
dual_pivot_parallel_16,int,MANY_DUPLICATES_10,3162277,34.21170
dual_pivot_parallel_16,int,MANY_DUPLICATES_10,3981071,40.56580
dual_pivot_parallel_16,int,MANY_DUPLICATES_10,5011872,52.78970
dual_pivot_parallel_16,int,MANY_DUPLICATES_10,6309573,65.89690
dual_pivot_parallel_16,int,MANY_DUPLICATES_10,7943282,86.69040
dual_pivot_parallel_16,int,MANY_DUPLICATES_10,10000000,111.73200
dual_pivot_parallel_16,int,MANY_DUPLICATES_50,1000,0.02532
dual_pivot_parallel_16,int,MANY_DUPLICATES_50,1259,0.03816
dual_pivot_parallel_16,int,MANY_DUPLICATES_50,1585,0.03084
dual_pivot_parallel_16,int,MANY_DUPLICATES_50,1995,0.04161
dual_pivot_parallel_16,int,MANY_DUPLICATES_50,2512,0.07686
dual_pivot_parallel_16,int,MANY_DUPLICATES_50,3162,0.10914
dual_pivot_parallel_16,int,MANY_DUPLICATES_50,3981,0.10363
dual_pivot_parallel_16,int,MANY_DUPLICATES_50,5012,0.13102
dual_pivot_parallel_16,int,MANY_DUPLICATES_50,6310,0.15375
dual_pivot_parallel_16,int,MANY_DUPLICATES_50,7943,0.27995
dual_pivot_parallel_16,int,MANY_DUPLICATES_50,10000,0.27805
dual_pivot_parallel_16,int,MANY_DUPLICATES_50,12589,0.35964
dual_pivot_parallel_16,int,MANY_DUPLICATES_50,15849,0.72608
dual_pivot_parallel_16,int,MANY_DUPLICATES_50,19953,1.03580
dual_pivot_parallel_16,int,MANY_DUPLICATES_50,25119,1.23403
dual_pivot_parallel_16,int,MANY_DUPLICATES_50,31623,1.11448
dual_pivot_parallel_16,int,MANY_DUPLICATES_50,39811,1.27468
dual_pivot_parallel_16,int,MANY_DUPLICATES_50,50119,1.61770
dual_pivot_parallel_16,int,MANY_DUPLICATES_50,63096,2.10400
dual_pivot_parallel_16,int,MANY_DUPLICATES_50,79433,2.03275
dual_pivot_parallel_16,int,MANY_DUPLICATES_50,100000,2.55586
dual_pivot_parallel_16,int,MANY_DUPLICATES_50,125893,3.08898
dual_pivot_parallel_16,int,MANY_DUPLICATES_50,158489,3.54881
dual_pivot_parallel_16,int,MANY_DUPLICATES_50,199526,3.75890
dual_pivot_parallel_16,int,MANY_DUPLICATES_50,251189,4.15051
dual_pivot_parallel_16,int,MANY_DUPLICATES_50,316228,4.18374
dual_pivot_parallel_16,int,MANY_DUPLICATES_50,398107,5.39481
dual_pivot_parallel_16,int,MANY_DUPLICATES_50,501187,6.96516
dual_pivot_parallel_16,int,MANY_DUPLICATES_50,630957,7.41423
dual_pivot_parallel_16,int,MANY_DUPLICATES_50,794328,9.91398
dual_pivot_parallel_16,int,MANY_DUPLICATES_50,1000000,11.74830
dual_pivot_parallel_16,int,MANY_DUPLICATES_50,1258925,15.57520
dual_pivot_parallel_16,int,MANY_DUPLICATES_50,1584893,17.44700
dual_pivot_parallel_16,int,MANY_DUPLICATES_50,1995262,21.36270
dual_pivot_parallel_16,int,MANY_DUPLICATES_50,2511886,26.23790
dual_pivot_parallel_16,int,MANY_DUPLICATES_50,3162277,30.91230
dual_pivot_parallel_16,int,MANY_DUPLICATES_50,3981071,41.08830
dual_pivot_parallel_16,int,MANY_DUPLICATES_50,5011872,51.03320
dual_pivot_parallel_16,int,MANY_DUPLICATES_50,6309573,70.78770
dual_pivot_parallel_16,int,MANY_DUPLICATES_50,7943282,89.08370
dual_pivot_parallel_16,int,MANY_DUPLICATES_50,10000000,109.18000
dual_pivot_parallel_16,int,MANY_DUPLICATES_90,1000,0.02317
dual_pivot_parallel_16,int,MANY_DUPLICATES_90,1259,0.02207
dual_pivot_parallel_16,int,MANY_DUPLICATES_90,1585,0.04256
dual_pivot_parallel_16,int,MANY_DUPLICATES_90,1995,0.04270
dual_pivot_parallel_16,int,MANY_DUPLICATES_90,2512,0.05528
dual_pivot_parallel_16,int,MANY_DUPLICATES_90,3162,0.07395
dual_pivot_parallel_16,int,MANY_DUPLICATES_90,3981,0.09924
dual_pivot_parallel_16,int,MANY_DUPLICATES_90,5012,0.17790
dual_pivot_parallel_16,int,MANY_DUPLICATES_90,6310,0.29674
dual_pivot_parallel_16,int,MANY_DUPLICATES_90,7943,0.20907
dual_pivot_parallel_16,int,MANY_DUPLICATES_90,10000,0.27007
dual_pivot_parallel_16,int,MANY_DUPLICATES_90,12589,0.35049
dual_pivot_parallel_16,int,MANY_DUPLICATES_90,15849,0.45315
dual_pivot_parallel_16,int,MANY_DUPLICATES_90,19953,0.95243
dual_pivot_parallel_16,int,MANY_DUPLICATES_90,25119,1.19124
dual_pivot_parallel_16,int,MANY_DUPLICATES_90,31623,1.21316
dual_pivot_parallel_16,int,MANY_DUPLICATES_90,39811,1.27500
dual_pivot_parallel_16,int,MANY_DUPLICATES_90,50119,2.35406
dual_pivot_parallel_16,int,MANY_DUPLICATES_90,63096,2.08397
dual_pivot_parallel_16,int,MANY_DUPLICATES_90,79433,2.01055
dual_pivot_parallel_16,int,MANY_DUPLICATES_90,100000,3.04870
dual_pivot_parallel_16,int,MANY_DUPLICATES_90,125893,2.59598
dual_pivot_parallel_16,int,MANY_DUPLICATES_90,158489,3.09732
dual_pivot_parallel_16,int,MANY_DUPLICATES_90,199526,3.70242
dual_pivot_parallel_16,int,MANY_DUPLICATES_90,251189,3.99516
dual_pivot_parallel_16,int,MANY_DUPLICATES_90,316228,4.93837
dual_pivot_parallel_16,int,MANY_DUPLICATES_90,398107,5.63775
dual_pivot_parallel_16,int,MANY_DUPLICATES_90,501187,6.47010
dual_pivot_parallel_16,int,MANY_DUPLICATES_90,630957,8.27955
dual_pivot_parallel_16,int,MANY_DUPLICATES_90,794328,9.95698
dual_pivot_parallel_16,int,MANY_DUPLICATES_90,1000000,11.94790
dual_pivot_parallel_16,int,MANY_DUPLICATES_90,1258925,14.99400
dual_pivot_parallel_16,int,MANY_DUPLICATES_90,1584893,17.26230
dual_pivot_parallel_16,int,MANY_DUPLICATES_90,1995262,21.91850
dual_pivot_parallel_16,int,MANY_DUPLICATES_90,2511886,26.43510
dual_pivot_parallel_16,int,MANY_DUPLICATES_90,3162277,30.53710
dual_pivot_parallel_16,int,MANY_DUPLICATES_90,3981071,38.30760
dual_pivot_parallel_16,int,MANY_DUPLICATES_90,5011872,49.12350
dual_pivot_parallel_16,int,MANY_DUPLICATES_90,6309573,78.69020
dual_pivot_parallel_16,int,MANY_DUPLICATES_90,7943282,95.73320
dual_pivot_parallel_16,int,MANY_DUPLICATES_90,10000000,120.75100
dual_pivot_parallel_16,int,NEARLY_SORTED,1000,0.01372
dual_pivot_parallel_16,int,NEARLY_SORTED,1259,0.01324
dual_pivot_parallel_16,int,NEARLY_SORTED,1585,0.01463
dual_pivot_parallel_16,int,NEARLY_SORTED,1995,0.02314
dual_pivot_parallel_16,int,NEARLY_SORTED,2512,0.03339
dual_pivot_parallel_16,int,NEARLY_SORTED,3162,0.04257
dual_pivot_parallel_16,int,NEARLY_SORTED,3981,0.05659
dual_pivot_parallel_16,int,NEARLY_SORTED,5012,0.07331
dual_pivot_parallel_16,int,NEARLY_SORTED,6310,0.09464
dual_pivot_parallel_16,int,NEARLY_SORTED,7943,0.12490
dual_pivot_parallel_16,int,NEARLY_SORTED,10000,0.16240
dual_pivot_parallel_16,int,NEARLY_SORTED,12589,0.21236
dual_pivot_parallel_16,int,NEARLY_SORTED,15849,0.26515
dual_pivot_parallel_16,int,NEARLY_SORTED,19953,0.33688
dual_pivot_parallel_16,int,NEARLY_SORTED,25119,0.43616
dual_pivot_parallel_16,int,NEARLY_SORTED,31623,0.54898
dual_pivot_parallel_16,int,NEARLY_SORTED,39811,0.72889
dual_pivot_parallel_16,int,NEARLY_SORTED,50119,0.92769
dual_pivot_parallel_16,int,NEARLY_SORTED,63096,1.20991
dual_pivot_parallel_16,int,NEARLY_SORTED,79433,0.98924
dual_pivot_parallel_16,int,NEARLY_SORTED,100000,1.17446
dual_pivot_parallel_16,int,NEARLY_SORTED,125893,1.57637
dual_pivot_parallel_16,int,NEARLY_SORTED,158489,1.51608
dual_pivot_parallel_16,int,NEARLY_SORTED,199526,1.69636
dual_pivot_parallel_16,int,NEARLY_SORTED,251189,2.05031
dual_pivot_parallel_16,int,NEARLY_SORTED,316228,2.28823
dual_pivot_parallel_16,int,NEARLY_SORTED,398107,2.96547
dual_pivot_parallel_16,int,NEARLY_SORTED,501187,3.33815
dual_pivot_parallel_16,int,NEARLY_SORTED,630957,3.52315
dual_pivot_parallel_16,int,NEARLY_SORTED,794328,4.43659
dual_pivot_parallel_16,int,NEARLY_SORTED,1000000,5.65694
dual_pivot_parallel_16,int,NEARLY_SORTED,1258925,6.68364
dual_pivot_parallel_16,int,NEARLY_SORTED,1584893,7.70366
dual_pivot_parallel_16,int,NEARLY_SORTED,1995262,10.26100
dual_pivot_parallel_16,int,NEARLY_SORTED,2511886,12.73870
dual_pivot_parallel_16,int,NEARLY_SORTED,3162277,16.68560
dual_pivot_parallel_16,int,NEARLY_SORTED,3981071,18.79540
dual_pivot_parallel_16,int,NEARLY_SORTED,5011872,26.78310
dual_pivot_parallel_16,int,NEARLY_SORTED,6309573,33.28940
dual_pivot_parallel_16,int,NEARLY_SORTED,7943282,42.92720
dual_pivot_parallel_16,int,NEARLY_SORTED,10000000,55.40510
dual_pivot_parallel_16,int,ORGAN_PIPE,1000,0.00164
dual_pivot_parallel_16,int,ORGAN_PIPE,1259,0.00162
dual_pivot_parallel_16,int,ORGAN_PIPE,1585,0.00153
dual_pivot_parallel_16,int,ORGAN_PIPE,1995,0.00203
dual_pivot_parallel_16,int,ORGAN_PIPE,2512,0.00291
dual_pivot_parallel_16,int,ORGAN_PIPE,3162,0.00302
dual_pivot_parallel_16,int,ORGAN_PIPE,3981,0.00364
dual_pivot_parallel_16,int,ORGAN_PIPE,5012,0.00412
dual_pivot_parallel_16,int,ORGAN_PIPE,6310,0.00502
dual_pivot_parallel_16,int,ORGAN_PIPE,7943,0.00671
dual_pivot_parallel_16,int,ORGAN_PIPE,10000,0.00899
dual_pivot_parallel_16,int,ORGAN_PIPE,12589,0.01204
dual_pivot_parallel_16,int,ORGAN_PIPE,15849,0.01416
dual_pivot_parallel_16,int,ORGAN_PIPE,19953,0.02417
dual_pivot_parallel_16,int,ORGAN_PIPE,25119,0.03719
dual_pivot_parallel_16,int,ORGAN_PIPE,31623,0.04856
dual_pivot_parallel_16,int,ORGAN_PIPE,39811,0.06557
dual_pivot_parallel_16,int,ORGAN_PIPE,50119,0.07800
dual_pivot_parallel_16,int,ORGAN_PIPE,63096,0.10151
dual_pivot_parallel_16,int,ORGAN_PIPE,79433,0.35050
dual_pivot_parallel_16,int,ORGAN_PIPE,100000,0.39949
dual_pivot_parallel_16,int,ORGAN_PIPE,125893,0.49253
dual_pivot_parallel_16,int,ORGAN_PIPE,158489,0.52484
dual_pivot_parallel_16,int,ORGAN_PIPE,199526,0.70196
dual_pivot_parallel_16,int,ORGAN_PIPE,251189,0.80172
dual_pivot_parallel_16,int,ORGAN_PIPE,316228,0.88798
dual_pivot_parallel_16,int,ORGAN_PIPE,398107,1.28015
dual_pivot_parallel_16,int,ORGAN_PIPE,501187,1.34339
dual_pivot_parallel_16,int,ORGAN_PIPE,630957,2.00500
dual_pivot_parallel_16,int,ORGAN_PIPE,794328,2.24974
dual_pivot_parallel_16,int,ORGAN_PIPE,1000000,3.10353
dual_pivot_parallel_16,int,ORGAN_PIPE,1258925,3.52230
dual_pivot_parallel_16,int,ORGAN_PIPE,1584893,4.44050
dual_pivot_parallel_16,int,ORGAN_PIPE,1995262,5.22616
dual_pivot_parallel_16,int,ORGAN_PIPE,2511886,7.13744
dual_pivot_parallel_16,int,ORGAN_PIPE,3162277,9.32974
dual_pivot_parallel_16,int,ORGAN_PIPE,3981071,10.48560
dual_pivot_parallel_16,int,ORGAN_PIPE,5011872,13.47340
dual_pivot_parallel_16,int,ORGAN_PIPE,6309573,17.76770
dual_pivot_parallel_16,int,ORGAN_PIPE,7943282,22.89670
dual_pivot_parallel_16,int,ORGAN_PIPE,10000000,28.42510
dual_pivot_parallel_16,int,RANDOM,1000,0.01462
dual_pivot_parallel_16,int,RANDOM,1259,0.02491
dual_pivot_parallel_16,int,RANDOM,1585,0.03174
dual_pivot_parallel_16,int,RANDOM,1995,0.04223
dual_pivot_parallel_16,int,RANDOM,2512,0.05542
dual_pivot_parallel_16,int,RANDOM,3162,0.06915
dual_pivot_parallel_16,int,RANDOM,3981,0.09569
dual_pivot_parallel_16,int,RANDOM,5012,0.12725
dual_pivot_parallel_16,int,RANDOM,6310,0.16236
dual_pivot_parallel_16,int,RANDOM,7943,0.21622
dual_pivot_parallel_16,int,RANDOM,10000,0.27536
dual_pivot_parallel_16,int,RANDOM,12589,0.33833
dual_pivot_parallel_16,int,RANDOM,15849,0.45413
dual_pivot_parallel_16,int,RANDOM,19953,0.59086
dual_pivot_parallel_16,int,RANDOM,25119,0.77873
dual_pivot_parallel_16,int,RANDOM,31623,1.00158
dual_pivot_parallel_16,int,RANDOM,39811,1.26146
dual_pivot_parallel_16,int,RANDOM,50119,1.62124
dual_pivot_parallel_16,int,RANDOM,63096,2.06179
dual_pivot_parallel_16,int,RANDOM,79433,2.51967
dual_pivot_parallel_16,int,RANDOM,100000,2.44939
dual_pivot_parallel_16,int,RANDOM,125893,3.27800
dual_pivot_parallel_16,int,RANDOM,158489,3.57293
dual_pivot_parallel_16,int,RANDOM,199526,3.39507
dual_pivot_parallel_16,int,RANDOM,251189,4.19668
dual_pivot_parallel_16,int,RANDOM,316228,5.20509
dual_pivot_parallel_16,int,RANDOM,398107,6.24655
dual_pivot_parallel_16,int,RANDOM,501187,7.16062
dual_pivot_parallel_16,int,RANDOM,630957,9.29057
dual_pivot_parallel_16,int,RANDOM,794328,9.80848
dual_pivot_parallel_16,int,RANDOM,1000000,14.76770
dual_pivot_parallel_16,int,RANDOM,1258925,15.55950
dual_pivot_parallel_16,int,RANDOM,1584893,19.17930
dual_pivot_parallel_16,int,RANDOM,1995262,22.34260
dual_pivot_parallel_16,int,RANDOM,2511886,27.88810
dual_pivot_parallel_16,int,RANDOM,3162277,37.30990
dual_pivot_parallel_16,int,RANDOM,3981071,44.96790
dual_pivot_parallel_16,int,RANDOM,5011872,61.73560
dual_pivot_parallel_16,int,RANDOM,6309573,74.03080
dual_pivot_parallel_16,int,RANDOM,7943282,84.28880
dual_pivot_parallel_16,int,RANDOM,10000000,113.94200
dual_pivot_parallel_16,int,REVERSE_SORTED,1000,0.00076
dual_pivot_parallel_16,int,REVERSE_SORTED,1259,0.00062
dual_pivot_parallel_16,int,REVERSE_SORTED,1585,0.00082
dual_pivot_parallel_16,int,REVERSE_SORTED,1995,0.00103
dual_pivot_parallel_16,int,REVERSE_SORTED,2512,0.00140
dual_pivot_parallel_16,int,REVERSE_SORTED,3162,0.00156
dual_pivot_parallel_16,int,REVERSE_SORTED,3981,0.00186
dual_pivot_parallel_16,int,REVERSE_SORTED,5012,0.00213
dual_pivot_parallel_16,int,REVERSE_SORTED,6310,0.00265
dual_pivot_parallel_16,int,REVERSE_SORTED,7943,0.00345
dual_pivot_parallel_16,int,REVERSE_SORTED,10000,0.00412
dual_pivot_parallel_16,int,REVERSE_SORTED,12589,0.00515
dual_pivot_parallel_16,int,REVERSE_SORTED,15849,0.00656
dual_pivot_parallel_16,int,REVERSE_SORTED,19953,0.00837
dual_pivot_parallel_16,int,REVERSE_SORTED,25119,0.01035
dual_pivot_parallel_16,int,REVERSE_SORTED,31623,0.01314
dual_pivot_parallel_16,int,REVERSE_SORTED,39811,0.01629
dual_pivot_parallel_16,int,REVERSE_SORTED,50119,0.02079
dual_pivot_parallel_16,int,REVERSE_SORTED,63096,0.02734
dual_pivot_parallel_16,int,REVERSE_SORTED,79433,0.10774
dual_pivot_parallel_16,int,REVERSE_SORTED,100000,0.10049
dual_pivot_parallel_16,int,REVERSE_SORTED,125893,0.16387
dual_pivot_parallel_16,int,REVERSE_SORTED,158489,0.18435
dual_pivot_parallel_16,int,REVERSE_SORTED,199526,0.18115
dual_pivot_parallel_16,int,REVERSE_SORTED,251189,0.22322
dual_pivot_parallel_16,int,REVERSE_SORTED,316228,0.28934
dual_pivot_parallel_16,int,REVERSE_SORTED,398107,0.32647
dual_pivot_parallel_16,int,REVERSE_SORTED,501187,0.44028
dual_pivot_parallel_16,int,REVERSE_SORTED,630957,0.55346
dual_pivot_parallel_16,int,REVERSE_SORTED,794328,0.70377
dual_pivot_parallel_16,int,REVERSE_SORTED,1000000,0.87677
dual_pivot_parallel_16,int,REVERSE_SORTED,1258925,1.12550
dual_pivot_parallel_16,int,REVERSE_SORTED,1584893,1.34346
dual_pivot_parallel_16,int,REVERSE_SORTED,1995262,1.67271
dual_pivot_parallel_16,int,REVERSE_SORTED,2511886,2.17961
dual_pivot_parallel_16,int,REVERSE_SORTED,3162277,2.54594
dual_pivot_parallel_16,int,REVERSE_SORTED,3981071,3.49751
dual_pivot_parallel_16,int,REVERSE_SORTED,5011872,4.44811
dual_pivot_parallel_16,int,REVERSE_SORTED,6309573,6.02222
dual_pivot_parallel_16,int,REVERSE_SORTED,7943282,7.06934
dual_pivot_parallel_16,int,REVERSE_SORTED,10000000,9.03175
dual_pivot_parallel_16,int,SAWTOOTH,1000,0.00268
dual_pivot_parallel_16,int,SAWTOOTH,1259,0.00331
dual_pivot_parallel_16,int,SAWTOOTH,1585,0.00328
dual_pivot_parallel_16,int,SAWTOOTH,1995,0.00369
dual_pivot_parallel_16,int,SAWTOOTH,2512,0.00419
dual_pivot_parallel_16,int,SAWTOOTH,3162,0.00485
dual_pivot_parallel_16,int,SAWTOOTH,3981,0.00653
dual_pivot_parallel_16,int,SAWTOOTH,5012,0.00757
dual_pivot_parallel_16,int,SAWTOOTH,6310,0.00877
dual_pivot_parallel_16,int,SAWTOOTH,7943,0.01110
dual_pivot_parallel_16,int,SAWTOOTH,10000,0.01362
dual_pivot_parallel_16,int,SAWTOOTH,12589,0.01798
dual_pivot_parallel_16,int,SAWTOOTH,15849,0.02183
dual_pivot_parallel_16,int,SAWTOOTH,19953,0.03808
dual_pivot_parallel_16,int,SAWTOOTH,25119,0.04910
dual_pivot_parallel_16,int,SAWTOOTH,31623,0.07180
dual_pivot_parallel_16,int,SAWTOOTH,39811,0.08962
dual_pivot_parallel_16,int,SAWTOOTH,50119,0.10803
dual_pivot_parallel_16,int,SAWTOOTH,63096,0.13029
dual_pivot_parallel_16,int,SAWTOOTH,79433,0.26329
dual_pivot_parallel_16,int,SAWTOOTH,100000,0.35574
dual_pivot_parallel_16,int,SAWTOOTH,125893,0.34784
dual_pivot_parallel_16,int,SAWTOOTH,158489,0.48758
dual_pivot_parallel_16,int,SAWTOOTH,199526,0.49963
dual_pivot_parallel_16,int,SAWTOOTH,251189,0.65453
dual_pivot_parallel_16,int,SAWTOOTH,316228,0.78147
dual_pivot_parallel_16,int,SAWTOOTH,398107,1.01217
dual_pivot_parallel_16,int,SAWTOOTH,501187,1.21877
dual_pivot_parallel_16,int,SAWTOOTH,630957,1.48349
dual_pivot_parallel_16,int,SAWTOOTH,794328,1.64406
dual_pivot_parallel_16,int,SAWTOOTH,1000000,2.48862
dual_pivot_parallel_16,int,SAWTOOTH,1258925,2.42303
dual_pivot_parallel_16,int,SAWTOOTH,1584893,3.20166
dual_pivot_parallel_16,int,SAWTOOTH,1995262,4.96062
dual_pivot_parallel_16,int,SAWTOOTH,2511886,4.92701
dual_pivot_parallel_16,int,SAWTOOTH,3162277,5.55235
dual_pivot_parallel_16,int,SAWTOOTH,3981071,10.02360
dual_pivot_parallel_16,int,SAWTOOTH,5011872,11.28480
dual_pivot_parallel_16,int,SAWTOOTH,6309573,15.28760
dual_pivot_parallel_16,int,SAWTOOTH,7943282,19.67020
dual_pivot_parallel_16,int,SAWTOOTH,10000000,25.38570
dual_pivot_parallel_2,double,MANY_DUPLICATES_10,1000,0.01611
dual_pivot_parallel_2,double,MANY_DUPLICATES_10,1259,0.05474
dual_pivot_parallel_2,double,MANY_DUPLICATES_10,1585,0.03286
dual_pivot_parallel_2,double,MANY_DUPLICATES_10,1995,0.14575
dual_pivot_parallel_2,double,MANY_DUPLICATES_10,2512,0.10190
dual_pivot_parallel_2,double,MANY_DUPLICATES_10,3162,0.23065
dual_pivot_parallel_2,double,MANY_DUPLICATES_10,3981,0.20611
dual_pivot_parallel_2,double,MANY_DUPLICATES_10,5012,0.22770
dual_pivot_parallel_2,double,MANY_DUPLICATES_10,6310,0.46327
dual_pivot_parallel_2,double,MANY_DUPLICATES_10,7943,0.21545
dual_pivot_parallel_2,double,MANY_DUPLICATES_10,10000,0.29374
dual_pivot_parallel_2,double,MANY_DUPLICATES_10,12589,0.79891
dual_pivot_parallel_2,double,MANY_DUPLICATES_10,15849,1.44474
dual_pivot_parallel_2,double,MANY_DUPLICATES_10,19953,1.06268
dual_pivot_parallel_2,double,MANY_DUPLICATES_10,25119,0.86533
dual_pivot_parallel_2,double,MANY_DUPLICATES_10,31623,1.06938
dual_pivot_parallel_2,double,MANY_DUPLICATES_10,39811,2.21756
dual_pivot_parallel_2,double,MANY_DUPLICATES_10,50119,1.68454
dual_pivot_parallel_2,double,MANY_DUPLICATES_10,63096,2.17969
dual_pivot_parallel_2,double,MANY_DUPLICATES_10,79433,1.58299
dual_pivot_parallel_2,double,MANY_DUPLICATES_10,100000,2.57932
dual_pivot_parallel_2,double,MANY_DUPLICATES_10,125893,3.41821
dual_pivot_parallel_2,double,MANY_DUPLICATES_10,158489,3.67011
dual_pivot_parallel_2,double,MANY_DUPLICATES_10,199526,4.61518
dual_pivot_parallel_2,double,MANY_DUPLICATES_10,251189,5.52569
dual_pivot_parallel_2,double,MANY_DUPLICATES_10,316228,7.31311
dual_pivot_parallel_2,double,MANY_DUPLICATES_10,398107,8.63208
dual_pivot_parallel_2,double,MANY_DUPLICATES_10,501187,11.68670
dual_pivot_parallel_2,double,MANY_DUPLICATES_10,630957,14.42010
dual_pivot_parallel_2,double,MANY_DUPLICATES_10,794328,18.47550
dual_pivot_parallel_2,double,MANY_DUPLICATES_10,1000000,23.57390
dual_pivot_parallel_2,double,MANY_DUPLICATES_10,1258925,29.39740
dual_pivot_parallel_2,double,MANY_DUPLICATES_10,1584893,37.77440
dual_pivot_parallel_2,double,MANY_DUPLICATES_10,1995262,50.83000
dual_pivot_parallel_2,double,MANY_DUPLICATES_10,2511886,66.02690
dual_pivot_parallel_2,double,MANY_DUPLICATES_10,3162277,82.53830
dual_pivot_parallel_2,double,MANY_DUPLICATES_10,3981071,105.48500
dual_pivot_parallel_2,double,MANY_DUPLICATES_10,5011872,137.65700
dual_pivot_parallel_2,double,MANY_DUPLICATES_10,6309573,183.87800
dual_pivot_parallel_2,double,MANY_DUPLICATES_10,7943282,226.23300
dual_pivot_parallel_2,double,MANY_DUPLICATES_10,10000000,297.89500
dual_pivot_parallel_2,double,MANY_DUPLICATES_50,1000,0.01580
dual_pivot_parallel_2,double,MANY_DUPLICATES_50,1259,0.02580
dual_pivot_parallel_2,double,MANY_DUPLICATES_50,1585,0.03274
dual_pivot_parallel_2,double,MANY_DUPLICATES_50,1995,0.03892
dual_pivot_parallel_2,double,MANY_DUPLICATES_50,2512,0.05945
dual_pivot_parallel_2,double,MANY_DUPLICATES_50,3162,0.08314
dual_pivot_parallel_2,double,MANY_DUPLICATES_50,3981,0.10386
dual_pivot_parallel_2,double,MANY_DUPLICATES_50,5012,0.13710
dual_pivot_parallel_2,double,MANY_DUPLICATES_50,6310,0.16842
dual_pivot_parallel_2,double,MANY_DUPLICATES_50,7943,0.23067
dual_pivot_parallel_2,double,MANY_DUPLICATES_50,10000,0.29921
dual_pivot_parallel_2,double,MANY_DUPLICATES_50,12589,0.37028
dual_pivot_parallel_2,double,MANY_DUPLICATES_50,15849,0.49987
dual_pivot_parallel_2,double,MANY_DUPLICATES_50,19953,0.63602
dual_pivot_parallel_2,double,MANY_DUPLICATES_50,25119,0.81110
dual_pivot_parallel_2,double,MANY_DUPLICATES_50,31623,1.07874
dual_pivot_parallel_2,double,MANY_DUPLICATES_50,39811,1.30848
dual_pivot_parallel_2,double,MANY_DUPLICATES_50,50119,1.68914
dual_pivot_parallel_2,double,MANY_DUPLICATES_50,63096,2.21106
dual_pivot_parallel_2,double,MANY_DUPLICATES_50,79433,1.63712
dual_pivot_parallel_2,double,MANY_DUPLICATES_50,100000,2.76175
dual_pivot_parallel_2,double,MANY_DUPLICATES_50,125893,3.59336
dual_pivot_parallel_2,double,MANY_DUPLICATES_50,158489,3.96644
dual_pivot_parallel_2,double,MANY_DUPLICATES_50,199526,4.92509
dual_pivot_parallel_2,double,MANY_DUPLICATES_50,251189,5.97259
dual_pivot_parallel_2,double,MANY_DUPLICATES_50,316228,7.69964
dual_pivot_parallel_2,double,MANY_DUPLICATES_50,398107,9.18879
dual_pivot_parallel_2,double,MANY_DUPLICATES_50,501187,12.57890
dual_pivot_parallel_2,double,MANY_DUPLICATES_50,630957,15.50000
dual_pivot_parallel_2,double,MANY_DUPLICATES_50,794328,20.60140
dual_pivot_parallel_2,double,MANY_DUPLICATES_50,1000000,26.43200
dual_pivot_parallel_2,double,MANY_DUPLICATES_50,1258925,32.54220
dual_pivot_parallel_2,double,MANY_DUPLICATES_50,1584893,42.10250
dual_pivot_parallel_2,double,MANY_DUPLICATES_50,1995262,55.55710
dual_pivot_parallel_2,double,MANY_DUPLICATES_50,2511886,72.88830
dual_pivot_parallel_2,double,MANY_DUPLICATES_50,3162277,89.89620
dual_pivot_parallel_2,double,MANY_DUPLICATES_50,3981071,116.01500
dual_pivot_parallel_2,double,MANY_DUPLICATES_50,5011872,143.69300
dual_pivot_parallel_2,double,MANY_DUPLICATES_50,6309573,189.14600
dual_pivot_parallel_2,double,MANY_DUPLICATES_50,7943282,235.81400
dual_pivot_parallel_2,double,MANY_DUPLICATES_50,10000000,308.71500
dual_pivot_parallel_2,double,MANY_DUPLICATES_90,1000,0.01597
dual_pivot_parallel_2,double,MANY_DUPLICATES_90,1259,0.02427
dual_pivot_parallel_2,double,MANY_DUPLICATES_90,1585,0.02257
dual_pivot_parallel_2,double,MANY_DUPLICATES_90,1995,0.04810
dual_pivot_parallel_2,double,MANY_DUPLICATES_90,2512,0.06033
dual_pivot_parallel_2,double,MANY_DUPLICATES_90,3162,0.08686
dual_pivot_parallel_2,double,MANY_DUPLICATES_90,3981,0.10462
dual_pivot_parallel_2,double,MANY_DUPLICATES_90,5012,0.13105
dual_pivot_parallel_2,double,MANY_DUPLICATES_90,6310,0.16630
dual_pivot_parallel_2,double,MANY_DUPLICATES_90,7943,0.21897
dual_pivot_parallel_2,double,MANY_DUPLICATES_90,10000,0.30483
dual_pivot_parallel_2,double,MANY_DUPLICATES_90,12589,0.37329
dual_pivot_parallel_2,double,MANY_DUPLICATES_90,15849,0.49011
dual_pivot_parallel_2,double,MANY_DUPLICATES_90,19953,0.61488
dual_pivot_parallel_2,double,MANY_DUPLICATES_90,25119,0.79516
dual_pivot_parallel_2,double,MANY_DUPLICATES_90,31623,1.03104
dual_pivot_parallel_2,double,MANY_DUPLICATES_90,39811,1.32485
dual_pivot_parallel_2,double,MANY_DUPLICATES_90,50119,1.81460
dual_pivot_parallel_2,double,MANY_DUPLICATES_90,63096,2.20492
dual_pivot_parallel_2,double,MANY_DUPLICATES_90,79433,1.56818
dual_pivot_parallel_2,double,MANY_DUPLICATES_90,100000,2.70248
dual_pivot_parallel_2,double,MANY_DUPLICATES_90,125893,3.35433
dual_pivot_parallel_2,double,MANY_DUPLICATES_90,158489,3.67569
dual_pivot_parallel_2,double,MANY_DUPLICATES_90,199526,4.56783
dual_pivot_parallel_2,double,MANY_DUPLICATES_90,251189,5.63623
dual_pivot_parallel_2,double,MANY_DUPLICATES_90,316228,7.05714
dual_pivot_parallel_2,double,MANY_DUPLICATES_90,398107,8.70141
dual_pivot_parallel_2,double,MANY_DUPLICATES_90,501187,11.83060
dual_pivot_parallel_2,double,MANY_DUPLICATES_90,630957,14.50170
dual_pivot_parallel_2,double,MANY_DUPLICATES_90,794328,18.53400
dual_pivot_parallel_2,double,MANY_DUPLICATES_90,1000000,23.68920
dual_pivot_parallel_2,double,MANY_DUPLICATES_90,1258925,29.49100
dual_pivot_parallel_2,double,MANY_DUPLICATES_90,1584893,38.12450
dual_pivot_parallel_2,double,MANY_DUPLICATES_90,1995262,50.38920
dual_pivot_parallel_2,double,MANY_DUPLICATES_90,2511886,65.78660
dual_pivot_parallel_2,double,MANY_DUPLICATES_90,3162277,82.44420
dual_pivot_parallel_2,double,MANY_DUPLICATES_90,3981071,107.48900
dual_pivot_parallel_2,double,MANY_DUPLICATES_90,5011872,131.22900
dual_pivot_parallel_2,double,MANY_DUPLICATES_90,6309573,172.82100
dual_pivot_parallel_2,double,MANY_DUPLICATES_90,7943282,213.97600
dual_pivot_parallel_2,double,MANY_DUPLICATES_90,10000000,281.43500
dual_pivot_parallel_2,double,NEARLY_SORTED,1000,0.01040
dual_pivot_parallel_2,double,NEARLY_SORTED,1259,0.01644
dual_pivot_parallel_2,double,NEARLY_SORTED,1585,0.02079
dual_pivot_parallel_2,double,NEARLY_SORTED,1995,0.04316
dual_pivot_parallel_2,double,NEARLY_SORTED,2512,0.02889
dual_pivot_parallel_2,double,NEARLY_SORTED,3162,0.04666
dual_pivot_parallel_2,double,NEARLY_SORTED,3981,0.21537
dual_pivot_parallel_2,double,NEARLY_SORTED,5012,0.10572
dual_pivot_parallel_2,double,NEARLY_SORTED,6310,0.36096
dual_pivot_parallel_2,double,NEARLY_SORTED,7943,0.45597
dual_pivot_parallel_2,double,NEARLY_SORTED,10000,0.17042
dual_pivot_parallel_2,double,NEARLY_SORTED,12589,0.25032
dual_pivot_parallel_2,double,NEARLY_SORTED,15849,0.30454
dual_pivot_parallel_2,double,NEARLY_SORTED,19953,0.36300
dual_pivot_parallel_2,double,NEARLY_SORTED,25119,0.47314
dual_pivot_parallel_2,double,NEARLY_SORTED,31623,0.57504
dual_pivot_parallel_2,double,NEARLY_SORTED,39811,1.64375
dual_pivot_parallel_2,double,NEARLY_SORTED,50119,1.19999
dual_pivot_parallel_2,double,NEARLY_SORTED,63096,1.80714
dual_pivot_parallel_2,double,NEARLY_SORTED,79433,1.04565
dual_pivot_parallel_2,double,NEARLY_SORTED,100000,1.31828
dual_pivot_parallel_2,double,NEARLY_SORTED,125893,1.71834
dual_pivot_parallel_2,double,NEARLY_SORTED,158489,2.04741
dual_pivot_parallel_2,double,NEARLY_SORTED,199526,2.73596
dual_pivot_parallel_2,double,NEARLY_SORTED,251189,3.17086
dual_pivot_parallel_2,double,NEARLY_SORTED,316228,4.08745
dual_pivot_parallel_2,double,NEARLY_SORTED,398107,5.24787
dual_pivot_parallel_2,double,NEARLY_SORTED,501187,6.68545
dual_pivot_parallel_2,double,NEARLY_SORTED,630957,8.28702
dual_pivot_parallel_2,double,NEARLY_SORTED,794328,10.63260
dual_pivot_parallel_2,double,NEARLY_SORTED,1000000,13.78620
dual_pivot_parallel_2,double,NEARLY_SORTED,1258925,17.26550
dual_pivot_parallel_2,double,NEARLY_SORTED,1584893,21.84050
dual_pivot_parallel_2,double,NEARLY_SORTED,1995262,27.71280
dual_pivot_parallel_2,double,NEARLY_SORTED,2511886,36.19000
dual_pivot_parallel_2,double,NEARLY_SORTED,3162277,46.18440
dual_pivot_parallel_2,double,NEARLY_SORTED,3981071,58.34540
dual_pivot_parallel_2,double,NEARLY_SORTED,5011872,75.09930
dual_pivot_parallel_2,double,NEARLY_SORTED,6309573,95.90530
dual_pivot_parallel_2,double,NEARLY_SORTED,7943282,122.74800
dual_pivot_parallel_2,double,NEARLY_SORTED,10000000,159.09100
dual_pivot_parallel_2,double,ORGAN_PIPE,1000,0.00272
dual_pivot_parallel_2,double,ORGAN_PIPE,1259,0.00818
dual_pivot_parallel_2,double,ORGAN_PIPE,1585,0.00976
dual_pivot_parallel_2,double,ORGAN_PIPE,1995,0.00578
dual_pivot_parallel_2,double,ORGAN_PIPE,2512,0.00571
dual_pivot_parallel_2,double,ORGAN_PIPE,3162,0.02064
dual_pivot_parallel_2,double,ORGAN_PIPE,3981,0.00857
dual_pivot_parallel_2,double,ORGAN_PIPE,5012,0.01117
dual_pivot_parallel_2,double,ORGAN_PIPE,6310,0.01219
dual_pivot_parallel_2,double,ORGAN_PIPE,7943,0.05509
dual_pivot_parallel_2,double,ORGAN_PIPE,10000,0.03603
dual_pivot_parallel_2,double,ORGAN_PIPE,12589,0.09114
dual_pivot_parallel_2,double,ORGAN_PIPE,15849,0.05968
dual_pivot_parallel_2,double,ORGAN_PIPE,19953,0.18472
dual_pivot_parallel_2,double,ORGAN_PIPE,25119,0.11994
dual_pivot_parallel_2,double,ORGAN_PIPE,31623,0.10916
dual_pivot_parallel_2,double,ORGAN_PIPE,39811,0.13022
dual_pivot_parallel_2,double,ORGAN_PIPE,50119,0.16865
dual_pivot_parallel_2,double,ORGAN_PIPE,63096,0.30470
dual_pivot_parallel_2,double,ORGAN_PIPE,79433,0.30477
dual_pivot_parallel_2,double,ORGAN_PIPE,100000,0.38548
dual_pivot_parallel_2,double,ORGAN_PIPE,125893,0.43734
dual_pivot_parallel_2,double,ORGAN_PIPE,158489,0.49766
dual_pivot_parallel_2,double,ORGAN_PIPE,199526,0.54447
dual_pivot_parallel_2,double,ORGAN_PIPE,251189,0.64976
dual_pivot_parallel_2,double,ORGAN_PIPE,316228,0.84875
dual_pivot_parallel_2,double,ORGAN_PIPE,398107,1.11806
dual_pivot_parallel_2,double,ORGAN_PIPE,501187,1.43893
dual_pivot_parallel_2,double,ORGAN_PIPE,630957,1.93150
dual_pivot_parallel_2,double,ORGAN_PIPE,794328,2.62136
dual_pivot_parallel_2,double,ORGAN_PIPE,1000000,3.38086
dual_pivot_parallel_2,double,ORGAN_PIPE,1258925,4.41052
dual_pivot_parallel_2,double,ORGAN_PIPE,1584893,5.71007
dual_pivot_parallel_2,double,ORGAN_PIPE,1995262,7.79385
dual_pivot_parallel_2,double,ORGAN_PIPE,2511886,10.62110
dual_pivot_parallel_2,double,ORGAN_PIPE,3162277,13.49400
dual_pivot_parallel_2,double,ORGAN_PIPE,3981071,17.90330
dual_pivot_parallel_2,double,ORGAN_PIPE,5011872,23.30510
dual_pivot_parallel_2,double,ORGAN_PIPE,6309573,30.80760
dual_pivot_parallel_2,double,ORGAN_PIPE,7943282,40.62550
dual_pivot_parallel_2,double,ORGAN_PIPE,10000000,52.76970
dual_pivot_parallel_2,double,RANDOM,1000,0.01836
dual_pivot_parallel_2,double,RANDOM,1259,0.05306
dual_pivot_parallel_2,double,RANDOM,1585,0.10791
dual_pivot_parallel_2,double,RANDOM,1995,0.11578
dual_pivot_parallel_2,double,RANDOM,2512,0.16430
dual_pivot_parallel_2,double,RANDOM,3162,0.16187
dual_pivot_parallel_2,double,RANDOM,3981,0.25648
dual_pivot_parallel_2,double,RANDOM,5012,0.12649
dual_pivot_parallel_2,double,RANDOM,6310,0.17133
dual_pivot_parallel_2,double,RANDOM,7943,0.24626
dual_pivot_parallel_2,double,RANDOM,10000,0.29414
dual_pivot_parallel_2,double,RANDOM,12589,1.26124
dual_pivot_parallel_2,double,RANDOM,15849,0.47604
dual_pivot_parallel_2,double,RANDOM,19953,0.60048
dual_pivot_parallel_2,double,RANDOM,25119,0.96059
dual_pivot_parallel_2,double,RANDOM,31623,1.12481
dual_pivot_parallel_2,double,RANDOM,39811,1.29430
dual_pivot_parallel_2,double,RANDOM,50119,1.72802
dual_pivot_parallel_2,double,RANDOM,63096,2.35222
dual_pivot_parallel_2,double,RANDOM,79433,1.58439
dual_pivot_parallel_2,double,RANDOM,100000,2.58399
dual_pivot_parallel_2,double,RANDOM,125893,3.33854
dual_pivot_parallel_2,double,RANDOM,158489,3.64829
dual_pivot_parallel_2,double,RANDOM,199526,4.56098
dual_pivot_parallel_2,double,RANDOM,251189,5.50805
dual_pivot_parallel_2,double,RANDOM,316228,7.08528
dual_pivot_parallel_2,double,RANDOM,398107,8.66644
dual_pivot_parallel_2,double,RANDOM,501187,11.77940
dual_pivot_parallel_2,double,RANDOM,630957,14.45200
dual_pivot_parallel_2,double,RANDOM,794328,18.46720
dual_pivot_parallel_2,double,RANDOM,1000000,23.65860
dual_pivot_parallel_2,double,RANDOM,1258925,29.51950
dual_pivot_parallel_2,double,RANDOM,1584893,37.75310
dual_pivot_parallel_2,double,RANDOM,1995262,50.58210
dual_pivot_parallel_2,double,RANDOM,2511886,65.97030
dual_pivot_parallel_2,double,RANDOM,3162277,82.22510
dual_pivot_parallel_2,double,RANDOM,3981071,104.73400
dual_pivot_parallel_2,double,RANDOM,5011872,128.92600
dual_pivot_parallel_2,double,RANDOM,6309573,170.28800
dual_pivot_parallel_2,double,RANDOM,7943282,210.03200
dual_pivot_parallel_2,double,RANDOM,10000000,279.75100
dual_pivot_parallel_2,double,REVERSE_SORTED,1000,0.00130
dual_pivot_parallel_2,double,REVERSE_SORTED,1259,0.00174
dual_pivot_parallel_2,double,REVERSE_SORTED,1585,0.00211
dual_pivot_parallel_2,double,REVERSE_SORTED,1995,0.00471
dual_pivot_parallel_2,double,REVERSE_SORTED,2512,0.00334
dual_pivot_parallel_2,double,REVERSE_SORTED,3162,0.00615
dual_pivot_parallel_2,double,REVERSE_SORTED,3981,0.01517
dual_pivot_parallel_2,double,REVERSE_SORTED,5012,0.00565
dual_pivot_parallel_2,double,REVERSE_SORTED,6310,0.00705
dual_pivot_parallel_2,double,REVERSE_SORTED,7943,0.00941
dual_pivot_parallel_2,double,REVERSE_SORTED,10000,0.01186
dual_pivot_parallel_2,double,REVERSE_SORTED,12589,0.04842
dual_pivot_parallel_2,double,REVERSE_SORTED,15849,0.04453
dual_pivot_parallel_2,double,REVERSE_SORTED,19953,0.03025
dual_pivot_parallel_2,double,REVERSE_SORTED,25119,0.05122
dual_pivot_parallel_2,double,REVERSE_SORTED,31623,0.12387
dual_pivot_parallel_2,double,REVERSE_SORTED,39811,0.04394
dual_pivot_parallel_2,double,REVERSE_SORTED,50119,0.05771
dual_pivot_parallel_2,double,REVERSE_SORTED,63096,0.07110
dual_pivot_parallel_2,double,REVERSE_SORTED,79433,0.09273
dual_pivot_parallel_2,double,REVERSE_SORTED,100000,0.09884
dual_pivot_parallel_2,double,REVERSE_SORTED,125893,0.12369
dual_pivot_parallel_2,double,REVERSE_SORTED,158489,0.14676
dual_pivot_parallel_2,double,REVERSE_SORTED,199526,0.22263
dual_pivot_parallel_2,double,REVERSE_SORTED,251189,0.28254
dual_pivot_parallel_2,double,REVERSE_SORTED,316228,0.36800
dual_pivot_parallel_2,double,REVERSE_SORTED,398107,0.42512
dual_pivot_parallel_2,double,REVERSE_SORTED,501187,0.55978
dual_pivot_parallel_2,double,REVERSE_SORTED,630957,0.70244
dual_pivot_parallel_2,double,REVERSE_SORTED,794328,0.95641
dual_pivot_parallel_2,double,REVERSE_SORTED,1000000,1.19398
dual_pivot_parallel_2,double,REVERSE_SORTED,1258925,1.50948
dual_pivot_parallel_2,double,REVERSE_SORTED,1584893,2.00217
dual_pivot_parallel_2,double,REVERSE_SORTED,1995262,2.62431
dual_pivot_parallel_2,double,REVERSE_SORTED,2511886,3.59065
dual_pivot_parallel_2,double,REVERSE_SORTED,3162277,4.74280
dual_pivot_parallel_2,double,REVERSE_SORTED,3981071,6.12278
dual_pivot_parallel_2,double,REVERSE_SORTED,5011872,8.45870
dual_pivot_parallel_2,double,REVERSE_SORTED,6309573,10.86120
dual_pivot_parallel_2,double,REVERSE_SORTED,7943282,14.17740
dual_pivot_parallel_2,double,REVERSE_SORTED,10000000,18.56200
dual_pivot_parallel_2,double,SAWTOOTH,1000,0.00475
dual_pivot_parallel_2,double,SAWTOOTH,1259,0.00644
dual_pivot_parallel_2,double,SAWTOOTH,1585,0.00655
dual_pivot_parallel_2,double,SAWTOOTH,1995,0.00683
dual_pivot_parallel_2,double,SAWTOOTH,2512,0.00809
dual_pivot_parallel_2,double,SAWTOOTH,3162,0.01107
dual_pivot_parallel_2,double,SAWTOOTH,3981,0.03239
dual_pivot_parallel_2,double,SAWTOOTH,5012,0.03246
dual_pivot_parallel_2,double,SAWTOOTH,6310,0.06264
dual_pivot_parallel_2,double,SAWTOOTH,7943,0.07306
dual_pivot_parallel_2,double,SAWTOOTH,10000,0.08268
dual_pivot_parallel_2,double,SAWTOOTH,12589,0.05345
dual_pivot_parallel_2,double,SAWTOOTH,15849,0.15160
dual_pivot_parallel_2,double,SAWTOOTH,19953,0.07991
dual_pivot_parallel_2,double,SAWTOOTH,25119,0.11024
dual_pivot_parallel_2,double,SAWTOOTH,31623,0.18363
dual_pivot_parallel_2,double,SAWTOOTH,39811,0.18943
dual_pivot_parallel_2,double,SAWTOOTH,50119,0.22224
dual_pivot_parallel_2,double,SAWTOOTH,63096,0.69785
dual_pivot_parallel_2,double,SAWTOOTH,79433,0.18682
dual_pivot_parallel_2,double,SAWTOOTH,100000,0.32267
dual_pivot_parallel_2,double,SAWTOOTH,125893,0.36372
dual_pivot_parallel_2,double,SAWTOOTH,158489,0.39940
dual_pivot_parallel_2,double,SAWTOOTH,199526,0.52964
dual_pivot_parallel_2,double,SAWTOOTH,251189,0.65474
dual_pivot_parallel_2,double,SAWTOOTH,316228,0.84956
dual_pivot_parallel_2,double,SAWTOOTH,398107,1.19876
dual_pivot_parallel_2,double,SAWTOOTH,501187,1.49003
dual_pivot_parallel_2,double,SAWTOOTH,630957,1.78527
dual_pivot_parallel_2,double,SAWTOOTH,794328,2.36955
dual_pivot_parallel_2,double,SAWTOOTH,1000000,3.14022
dual_pivot_parallel_2,double,SAWTOOTH,1258925,4.06296
dual_pivot_parallel_2,double,SAWTOOTH,1584893,5.20467
dual_pivot_parallel_2,double,SAWTOOTH,1995262,7.23585
dual_pivot_parallel_2,double,SAWTOOTH,2511886,9.27634
dual_pivot_parallel_2,double,SAWTOOTH,3162277,11.62120
dual_pivot_parallel_2,double,SAWTOOTH,3981071,15.79020
dual_pivot_parallel_2,double,SAWTOOTH,5011872,21.26040
dual_pivot_parallel_2,double,SAWTOOTH,6309573,26.89890
dual_pivot_parallel_2,double,SAWTOOTH,7943282,34.90560
dual_pivot_parallel_2,double,SAWTOOTH,10000000,45.44520
dual_pivot_parallel_2,int,MANY_DUPLICATES_10,1000,0.01489
dual_pivot_parallel_2,int,MANY_DUPLICATES_10,1259,0.06785
dual_pivot_parallel_2,int,MANY_DUPLICATES_10,1585,0.08590
dual_pivot_parallel_2,int,MANY_DUPLICATES_10,1995,0.10707
dual_pivot_parallel_2,int,MANY_DUPLICATES_10,2512,0.14142
dual_pivot_parallel_2,int,MANY_DUPLICATES_10,3162,0.08559
dual_pivot_parallel_2,int,MANY_DUPLICATES_10,3981,0.22291
dual_pivot_parallel_2,int,MANY_DUPLICATES_10,5012,0.32618
dual_pivot_parallel_2,int,MANY_DUPLICATES_10,6310,0.59631
dual_pivot_parallel_2,int,MANY_DUPLICATES_10,7943,0.21395
dual_pivot_parallel_2,int,MANY_DUPLICATES_10,10000,0.25744
dual_pivot_parallel_2,int,MANY_DUPLICATES_10,12589,0.36168
dual_pivot_parallel_2,int,MANY_DUPLICATES_10,15849,0.85088
dual_pivot_parallel_2,int,MANY_DUPLICATES_10,19953,0.57630
dual_pivot_parallel_2,int,MANY_DUPLICATES_10,25119,1.59745
dual_pivot_parallel_2,int,MANY_DUPLICATES_10,31623,1.27562
dual_pivot_parallel_2,int,MANY_DUPLICATES_10,39811,1.69388
dual_pivot_parallel_2,int,MANY_DUPLICATES_10,50119,2.40679
dual_pivot_parallel_2,int,MANY_DUPLICATES_10,63096,2.11901
dual_pivot_parallel_2,int,MANY_DUPLICATES_10,79433,1.48380
dual_pivot_parallel_2,int,MANY_DUPLICATES_10,100000,2.13134
dual_pivot_parallel_2,int,MANY_DUPLICATES_10,125893,2.44629
dual_pivot_parallel_2,int,MANY_DUPLICATES_10,158489,3.35900
dual_pivot_parallel_2,int,MANY_DUPLICATES_10,199526,4.26258
dual_pivot_parallel_2,int,MANY_DUPLICATES_10,251189,6.02659
dual_pivot_parallel_2,int,MANY_DUPLICATES_10,316228,7.03056
dual_pivot_parallel_2,int,MANY_DUPLICATES_10,398107,9.51085
dual_pivot_parallel_2,int,MANY_DUPLICATES_10,501187,10.91740
dual_pivot_parallel_2,int,MANY_DUPLICATES_10,630957,13.70930
dual_pivot_parallel_2,int,MANY_DUPLICATES_10,794328,17.61520
dual_pivot_parallel_2,int,MANY_DUPLICATES_10,1000000,23.25350
dual_pivot_parallel_2,int,MANY_DUPLICATES_10,1258925,28.45010
dual_pivot_parallel_2,int,MANY_DUPLICATES_10,1584893,36.80290
dual_pivot_parallel_2,int,MANY_DUPLICATES_10,1995262,45.82620
dual_pivot_parallel_2,int,MANY_DUPLICATES_10,2511886,60.38900
dual_pivot_parallel_2,int,MANY_DUPLICATES_10,3162277,73.59080
dual_pivot_parallel_2,int,MANY_DUPLICATES_10,3981071,93.96310
dual_pivot_parallel_2,int,MANY_DUPLICATES_10,5011872,122.60900
dual_pivot_parallel_2,int,MANY_DUPLICATES_10,6309573,159.50100
dual_pivot_parallel_2,int,MANY_DUPLICATES_10,7943282,205.23900
dual_pivot_parallel_2,int,MANY_DUPLICATES_10,10000000,267.08100
dual_pivot_parallel_2,int,MANY_DUPLICATES_50,1000,0.01739
dual_pivot_parallel_2,int,MANY_DUPLICATES_50,1259,0.02640
dual_pivot_parallel_2,int,MANY_DUPLICATES_50,1585,0.08655
dual_pivot_parallel_2,int,MANY_DUPLICATES_50,1995,0.06640
dual_pivot_parallel_2,int,MANY_DUPLICATES_50,2512,0.08411
dual_pivot_parallel_2,int,MANY_DUPLICATES_50,3162,0.15594
dual_pivot_parallel_2,int,MANY_DUPLICATES_50,3981,0.34986
dual_pivot_parallel_2,int,MANY_DUPLICATES_50,5012,0.20504
dual_pivot_parallel_2,int,MANY_DUPLICATES_50,6310,0.17055
dual_pivot_parallel_2,int,MANY_DUPLICATES_50,7943,0.55257
dual_pivot_parallel_2,int,MANY_DUPLICATES_50,10000,0.28121
dual_pivot_parallel_2,int,MANY_DUPLICATES_50,12589,0.35040
dual_pivot_parallel_2,int,MANY_DUPLICATES_50,15849,0.45520
dual_pivot_parallel_2,int,MANY_DUPLICATES_50,19953,0.84970
dual_pivot_parallel_2,int,MANY_DUPLICATES_50,25119,1.26445
dual_pivot_parallel_2,int,MANY_DUPLICATES_50,31623,1.27715
dual_pivot_parallel_2,int,MANY_DUPLICATES_50,39811,1.37911
dual_pivot_parallel_2,int,MANY_DUPLICATES_50,50119,2.39639
dual_pivot_parallel_2,int,MANY_DUPLICATES_50,63096,2.10849
dual_pivot_parallel_2,int,MANY_DUPLICATES_50,79433,1.57504
dual_pivot_parallel_2,int,MANY_DUPLICATES_50,100000,2.14331
dual_pivot_parallel_2,int,MANY_DUPLICATES_50,125893,3.19245
dual_pivot_parallel_2,int,MANY_DUPLICATES_50,158489,3.58396
dual_pivot_parallel_2,int,MANY_DUPLICATES_50,199526,4.29365
dual_pivot_parallel_2,int,MANY_DUPLICATES_50,251189,5.48103
dual_pivot_parallel_2,int,MANY_DUPLICATES_50,316228,6.96722
dual_pivot_parallel_2,int,MANY_DUPLICATES_50,398107,9.56493
dual_pivot_parallel_2,int,MANY_DUPLICATES_50,501187,10.84840
dual_pivot_parallel_2,int,MANY_DUPLICATES_50,630957,13.60120
dual_pivot_parallel_2,int,MANY_DUPLICATES_50,794328,17.48170
dual_pivot_parallel_2,int,MANY_DUPLICATES_50,1000000,22.27690
dual_pivot_parallel_2,int,MANY_DUPLICATES_50,1258925,28.91500
dual_pivot_parallel_2,int,MANY_DUPLICATES_50,1584893,37.54550
dual_pivot_parallel_2,int,MANY_DUPLICATES_50,1995262,46.80710
dual_pivot_parallel_2,int,MANY_DUPLICATES_50,2511886,60.17660
dual_pivot_parallel_2,int,MANY_DUPLICATES_50,3162277,77.07880
dual_pivot_parallel_2,int,MANY_DUPLICATES_50,3981071,99.01930
dual_pivot_parallel_2,int,MANY_DUPLICATES_50,5011872,125.15000
dual_pivot_parallel_2,int,MANY_DUPLICATES_50,6309573,162.24700
dual_pivot_parallel_2,int,MANY_DUPLICATES_50,7943282,205.25500
dual_pivot_parallel_2,int,MANY_DUPLICATES_50,10000000,262.88900
dual_pivot_parallel_2,int,MANY_DUPLICATES_90,1000,0.01600
dual_pivot_parallel_2,int,MANY_DUPLICATES_90,1259,0.02651
dual_pivot_parallel_2,int,MANY_DUPLICATES_90,1585,0.03059
dual_pivot_parallel_2,int,MANY_DUPLICATES_90,1995,0.13128
dual_pivot_parallel_2,int,MANY_DUPLICATES_90,2512,0.06154
dual_pivot_parallel_2,int,MANY_DUPLICATES_90,3162,0.07734
dual_pivot_parallel_2,int,MANY_DUPLICATES_90,3981,0.30335
dual_pivot_parallel_2,int,MANY_DUPLICATES_90,5012,0.12100
dual_pivot_parallel_2,int,MANY_DUPLICATES_90,6310,0.37697
dual_pivot_parallel_2,int,MANY_DUPLICATES_90,7943,0.75043
dual_pivot_parallel_2,int,MANY_DUPLICATES_90,10000,0.96511
dual_pivot_parallel_2,int,MANY_DUPLICATES_90,12589,0.34056
dual_pivot_parallel_2,int,MANY_DUPLICATES_90,15849,0.44515
dual_pivot_parallel_2,int,MANY_DUPLICATES_90,19953,1.19453
dual_pivot_parallel_2,int,MANY_DUPLICATES_90,25119,0.83523
dual_pivot_parallel_2,int,MANY_DUPLICATES_90,31623,1.02562
dual_pivot_parallel_2,int,MANY_DUPLICATES_90,39811,1.96612
dual_pivot_parallel_2,int,MANY_DUPLICATES_90,50119,1.98647
dual_pivot_parallel_2,int,MANY_DUPLICATES_90,63096,2.42138
dual_pivot_parallel_2,int,MANY_DUPLICATES_90,79433,1.51486
dual_pivot_parallel_2,int,MANY_DUPLICATES_90,100000,2.27679
dual_pivot_parallel_2,int,MANY_DUPLICATES_90,125893,2.82515
dual_pivot_parallel_2,int,MANY_DUPLICATES_90,158489,3.39909
dual_pivot_parallel_2,int,MANY_DUPLICATES_90,199526,4.76174
dual_pivot_parallel_2,int,MANY_DUPLICATES_90,251189,5.46880
dual_pivot_parallel_2,int,MANY_DUPLICATES_90,316228,7.30671
dual_pivot_parallel_2,int,MANY_DUPLICATES_90,398107,8.60914
dual_pivot_parallel_2,int,MANY_DUPLICATES_90,501187,11.58110
dual_pivot_parallel_2,int,MANY_DUPLICATES_90,630957,14.50430
dual_pivot_parallel_2,int,MANY_DUPLICATES_90,794328,17.94040
dual_pivot_parallel_2,int,MANY_DUPLICATES_90,1000000,22.70030
dual_pivot_parallel_2,int,MANY_DUPLICATES_90,1258925,28.10390
dual_pivot_parallel_2,int,MANY_DUPLICATES_90,1584893,38.32570
dual_pivot_parallel_2,int,MANY_DUPLICATES_90,1995262,47.98110
dual_pivot_parallel_2,int,MANY_DUPLICATES_90,2511886,59.27920
dual_pivot_parallel_2,int,MANY_DUPLICATES_90,3162277,77.27960
dual_pivot_parallel_2,int,MANY_DUPLICATES_90,3981071,101.01500
dual_pivot_parallel_2,int,MANY_DUPLICATES_90,5011872,128.45800
dual_pivot_parallel_2,int,MANY_DUPLICATES_90,6309573,157.99500
dual_pivot_parallel_2,int,MANY_DUPLICATES_90,7943282,200.53800
dual_pivot_parallel_2,int,MANY_DUPLICATES_90,10000000,254.80400
dual_pivot_parallel_2,int,NEARLY_SORTED,1000,0.00972
dual_pivot_parallel_2,int,NEARLY_SORTED,1259,0.02902
dual_pivot_parallel_2,int,NEARLY_SORTED,1585,0.03168
dual_pivot_parallel_2,int,NEARLY_SORTED,1995,0.02040
dual_pivot_parallel_2,int,NEARLY_SORTED,2512,0.03734
dual_pivot_parallel_2,int,NEARLY_SORTED,3162,0.13642
dual_pivot_parallel_2,int,NEARLY_SORTED,3981,0.06144
dual_pivot_parallel_2,int,NEARLY_SORTED,5012,0.10477
dual_pivot_parallel_2,int,NEARLY_SORTED,6310,0.25919
dual_pivot_parallel_2,int,NEARLY_SORTED,7943,0.11933
dual_pivot_parallel_2,int,NEARLY_SORTED,10000,0.15991
dual_pivot_parallel_2,int,NEARLY_SORTED,12589,0.38717
dual_pivot_parallel_2,int,NEARLY_SORTED,15849,0.27126
dual_pivot_parallel_2,int,NEARLY_SORTED,19953,0.34598
dual_pivot_parallel_2,int,NEARLY_SORTED,25119,1.56416
dual_pivot_parallel_2,int,NEARLY_SORTED,31623,0.88134
dual_pivot_parallel_2,int,NEARLY_SORTED,39811,0.74987
dual_pivot_parallel_2,int,NEARLY_SORTED,50119,0.93814
dual_pivot_parallel_2,int,NEARLY_SORTED,63096,1.21504
dual_pivot_parallel_2,int,NEARLY_SORTED,79433,0.97317
dual_pivot_parallel_2,int,NEARLY_SORTED,100000,1.24490
dual_pivot_parallel_2,int,NEARLY_SORTED,125893,1.60336
dual_pivot_parallel_2,int,NEARLY_SORTED,158489,1.86973
dual_pivot_parallel_2,int,NEARLY_SORTED,199526,2.51268
dual_pivot_parallel_2,int,NEARLY_SORTED,251189,2.94852
dual_pivot_parallel_2,int,NEARLY_SORTED,316228,3.77929
dual_pivot_parallel_2,int,NEARLY_SORTED,398107,4.81051
dual_pivot_parallel_2,int,NEARLY_SORTED,501187,6.11570
dual_pivot_parallel_2,int,NEARLY_SORTED,630957,7.72281
dual_pivot_parallel_2,int,NEARLY_SORTED,794328,9.80473
dual_pivot_parallel_2,int,NEARLY_SORTED,1000000,12.76160
dual_pivot_parallel_2,int,NEARLY_SORTED,1258925,15.83830
dual_pivot_parallel_2,int,NEARLY_SORTED,1584893,19.95780
dual_pivot_parallel_2,int,NEARLY_SORTED,1995262,25.31440
dual_pivot_parallel_2,int,NEARLY_SORTED,2511886,32.69200
dual_pivot_parallel_2,int,NEARLY_SORTED,3162277,42.12870
dual_pivot_parallel_2,int,NEARLY_SORTED,3981071,52.38460
dual_pivot_parallel_2,int,NEARLY_SORTED,5011872,68.29840
dual_pivot_parallel_2,int,NEARLY_SORTED,6309573,87.47650
dual_pivot_parallel_2,int,NEARLY_SORTED,7943282,111.63100
dual_pivot_parallel_2,int,NEARLY_SORTED,10000000,142.51500
dual_pivot_parallel_2,int,ORGAN_PIPE,1000,0.00135
dual_pivot_parallel_2,int,ORGAN_PIPE,1259,0.00195
dual_pivot_parallel_2,int,ORGAN_PIPE,1585,0.00215
dual_pivot_parallel_2,int,ORGAN_PIPE,1995,0.00210
dual_pivot_parallel_2,int,ORGAN_PIPE,2512,0.00689
dual_pivot_parallel_2,int,ORGAN_PIPE,3162,0.00988
dual_pivot_parallel_2,int,ORGAN_PIPE,3981,0.01163
dual_pivot_parallel_2,int,ORGAN_PIPE,5012,0.00863
dual_pivot_parallel_2,int,ORGAN_PIPE,6310,0.01785
dual_pivot_parallel_2,int,ORGAN_PIPE,7943,0.01069
dual_pivot_parallel_2,int,ORGAN_PIPE,10000,0.02942
dual_pivot_parallel_2,int,ORGAN_PIPE,12589,0.01878
dual_pivot_parallel_2,int,ORGAN_PIPE,15849,0.04808
dual_pivot_parallel_2,int,ORGAN_PIPE,19953,0.03150
dual_pivot_parallel_2,int,ORGAN_PIPE,25119,0.04288
dual_pivot_parallel_2,int,ORGAN_PIPE,31623,0.10834
dual_pivot_parallel_2,int,ORGAN_PIPE,39811,0.06555
dual_pivot_parallel_2,int,ORGAN_PIPE,50119,0.18525
dual_pivot_parallel_2,int,ORGAN_PIPE,63096,0.19773
dual_pivot_parallel_2,int,ORGAN_PIPE,79433,0.23690
dual_pivot_parallel_2,int,ORGAN_PIPE,100000,0.26641
dual_pivot_parallel_2,int,ORGAN_PIPE,125893,0.34060
dual_pivot_parallel_2,int,ORGAN_PIPE,158489,0.35644
dual_pivot_parallel_2,int,ORGAN_PIPE,199526,0.45443
dual_pivot_parallel_2,int,ORGAN_PIPE,251189,0.51242
dual_pivot_parallel_2,int,ORGAN_PIPE,316228,0.64876
dual_pivot_parallel_2,int,ORGAN_PIPE,398107,0.80638
dual_pivot_parallel_2,int,ORGAN_PIPE,501187,1.06138
dual_pivot_parallel_2,int,ORGAN_PIPE,630957,1.42558
dual_pivot_parallel_2,int,ORGAN_PIPE,794328,1.85732
dual_pivot_parallel_2,int,ORGAN_PIPE,1000000,2.40507
dual_pivot_parallel_2,int,ORGAN_PIPE,1258925,3.11455
dual_pivot_parallel_2,int,ORGAN_PIPE,1584893,4.07909
dual_pivot_parallel_2,int,ORGAN_PIPE,1995262,5.34022
dual_pivot_parallel_2,int,ORGAN_PIPE,2511886,6.89544
dual_pivot_parallel_2,int,ORGAN_PIPE,3162277,8.70990
dual_pivot_parallel_2,int,ORGAN_PIPE,3981071,11.47560
dual_pivot_parallel_2,int,ORGAN_PIPE,5011872,15.04340
dual_pivot_parallel_2,int,ORGAN_PIPE,6309573,19.60260
dual_pivot_parallel_2,int,ORGAN_PIPE,7943282,25.10530
dual_pivot_parallel_2,int,ORGAN_PIPE,10000000,32.42760
dual_pivot_parallel_2,int,RANDOM,1000,0.01577
dual_pivot_parallel_2,int,RANDOM,1259,0.04009
dual_pivot_parallel_2,int,RANDOM,1585,0.07451
dual_pivot_parallel_2,int,RANDOM,1995,0.12976
dual_pivot_parallel_2,int,RANDOM,2512,0.06246
dual_pivot_parallel_2,int,RANDOM,3162,0.07682
dual_pivot_parallel_2,int,RANDOM,3981,0.28745
dual_pivot_parallel_2,int,RANDOM,5012,0.12189
dual_pivot_parallel_2,int,RANDOM,6310,0.15426
dual_pivot_parallel_2,int,RANDOM,7943,0.21245
dual_pivot_parallel_2,int,RANDOM,10000,0.29293
dual_pivot_parallel_2,int,RANDOM,12589,0.33697
dual_pivot_parallel_2,int,RANDOM,15849,0.70808
dual_pivot_parallel_2,int,RANDOM,19953,0.61698
dual_pivot_parallel_2,int,RANDOM,25119,0.79080
dual_pivot_parallel_2,int,RANDOM,31623,1.16937
dual_pivot_parallel_2,int,RANDOM,39811,1.24219
dual_pivot_parallel_2,int,RANDOM,50119,1.64989
dual_pivot_parallel_2,int,RANDOM,63096,2.19895
dual_pivot_parallel_2,int,RANDOM,79433,1.94858
dual_pivot_parallel_2,int,RANDOM,100000,1.95158
dual_pivot_parallel_2,int,RANDOM,125893,2.50140
dual_pivot_parallel_2,int,RANDOM,158489,3.24161
dual_pivot_parallel_2,int,RANDOM,199526,4.35344
dual_pivot_parallel_2,int,RANDOM,251189,5.87341
dual_pivot_parallel_2,int,RANDOM,316228,7.43257
dual_pivot_parallel_2,int,RANDOM,398107,8.19181
dual_pivot_parallel_2,int,RANDOM,501187,11.15590
dual_pivot_parallel_2,int,RANDOM,630957,13.30640
dual_pivot_parallel_2,int,RANDOM,794328,17.70010
dual_pivot_parallel_2,int,RANDOM,1000000,22.28910
dual_pivot_parallel_2,int,RANDOM,1258925,28.22670
dual_pivot_parallel_2,int,RANDOM,1584893,36.53560
dual_pivot_parallel_2,int,RANDOM,1995262,48.74090
dual_pivot_parallel_2,int,RANDOM,2511886,58.25290
dual_pivot_parallel_2,int,RANDOM,3162277,74.39380
dual_pivot_parallel_2,int,RANDOM,3981071,97.71570
dual_pivot_parallel_2,int,RANDOM,5011872,121.93000
dual_pivot_parallel_2,int,RANDOM,6309573,154.71800
dual_pivot_parallel_2,int,RANDOM,7943282,208.18800
dual_pivot_parallel_2,int,RANDOM,10000000,262.18000
dual_pivot_parallel_2,int,REVERSE_SORTED,1000,0.00059
dual_pivot_parallel_2,int,REVERSE_SORTED,1259,0.00101
dual_pivot_parallel_2,int,REVERSE_SORTED,1585,0.00193
dual_pivot_parallel_2,int,REVERSE_SORTED,1995,0.00117
dual_pivot_parallel_2,int,REVERSE_SORTED,2512,0.00301
dual_pivot_parallel_2,int,REVERSE_SORTED,3162,0.00161
dual_pivot_parallel_2,int,REVERSE_SORTED,3981,0.00596
dual_pivot_parallel_2,int,REVERSE_SORTED,5012,0.00610
dual_pivot_parallel_2,int,REVERSE_SORTED,6310,0.00259
dual_pivot_parallel_2,int,REVERSE_SORTED,7943,0.00346
dual_pivot_parallel_2,int,REVERSE_SORTED,10000,0.01474
dual_pivot_parallel_2,int,REVERSE_SORTED,12589,0.00629
dual_pivot_parallel_2,int,REVERSE_SORTED,15849,0.02406
dual_pivot_parallel_2,int,REVERSE_SORTED,19953,0.03024
dual_pivot_parallel_2,int,REVERSE_SORTED,25119,0.01015
dual_pivot_parallel_2,int,REVERSE_SORTED,31623,0.01304
dual_pivot_parallel_2,int,REVERSE_SORTED,39811,0.03629
dual_pivot_parallel_2,int,REVERSE_SORTED,50119,0.07548
dual_pivot_parallel_2,int,REVERSE_SORTED,63096,0.02665
dual_pivot_parallel_2,int,REVERSE_SORTED,79433,0.06847
dual_pivot_parallel_2,int,REVERSE_SORTED,100000,0.07521
dual_pivot_parallel_2,int,REVERSE_SORTED,125893,0.08938
dual_pivot_parallel_2,int,REVERSE_SORTED,158489,0.11164
dual_pivot_parallel_2,int,REVERSE_SORTED,199526,0.16122
dual_pivot_parallel_2,int,REVERSE_SORTED,251189,0.18981
dual_pivot_parallel_2,int,REVERSE_SORTED,316228,0.23493
dual_pivot_parallel_2,int,REVERSE_SORTED,398107,0.29408
dual_pivot_parallel_2,int,REVERSE_SORTED,501187,0.39176
dual_pivot_parallel_2,int,REVERSE_SORTED,630957,0.48050
dual_pivot_parallel_2,int,REVERSE_SORTED,794328,0.66666
dual_pivot_parallel_2,int,REVERSE_SORTED,1000000,0.84587
dual_pivot_parallel_2,int,REVERSE_SORTED,1258925,1.04677
dual_pivot_parallel_2,int,REVERSE_SORTED,1584893,1.32742
dual_pivot_parallel_2,int,REVERSE_SORTED,1995262,1.81233
dual_pivot_parallel_2,int,REVERSE_SORTED,2511886,2.26761
dual_pivot_parallel_2,int,REVERSE_SORTED,3162277,2.93085
dual_pivot_parallel_2,int,REVERSE_SORTED,3981071,3.85142
dual_pivot_parallel_2,int,REVERSE_SORTED,5011872,5.20690
dual_pivot_parallel_2,int,REVERSE_SORTED,6309573,6.65116
dual_pivot_parallel_2,int,REVERSE_SORTED,7943282,8.68376
dual_pivot_parallel_2,int,REVERSE_SORTED,10000000,11.38390
dual_pivot_parallel_2,int,SAWTOOTH,1000,0.00338
dual_pivot_parallel_2,int,SAWTOOTH,1259,0.00360
dual_pivot_parallel_2,int,SAWTOOTH,1585,0.00416
dual_pivot_parallel_2,int,SAWTOOTH,1995,0.00574
dual_pivot_parallel_2,int,SAWTOOTH,2512,0.00409
dual_pivot_parallel_2,int,SAWTOOTH,3162,0.00594
dual_pivot_parallel_2,int,SAWTOOTH,3981,0.00774
dual_pivot_parallel_2,int,SAWTOOTH,5012,0.02130
dual_pivot_parallel_2,int,SAWTOOTH,6310,0.01452
dual_pivot_parallel_2,int,SAWTOOTH,7943,0.01847
dual_pivot_parallel_2,int,SAWTOOTH,10000,0.04064
dual_pivot_parallel_2,int,SAWTOOTH,12589,0.04433
dual_pivot_parallel_2,int,SAWTOOTH,15849,0.07194
dual_pivot_parallel_2,int,SAWTOOTH,19953,0.05371
dual_pivot_parallel_2,int,SAWTOOTH,25119,0.04936
dual_pivot_parallel_2,int,SAWTOOTH,31623,0.07052
dual_pivot_parallel_2,int,SAWTOOTH,39811,0.10893
dual_pivot_parallel_2,int,SAWTOOTH,50119,0.10774
dual_pivot_parallel_2,int,SAWTOOTH,63096,0.16970
dual_pivot_parallel_2,int,SAWTOOTH,79433,0.15922
dual_pivot_parallel_2,int,SAWTOOTH,100000,0.21910
dual_pivot_parallel_2,int,SAWTOOTH,125893,0.23086
dual_pivot_parallel_2,int,SAWTOOTH,158489,0.28526
dual_pivot_parallel_2,int,SAWTOOTH,199526,0.37634
dual_pivot_parallel_2,int,SAWTOOTH,251189,0.45849
dual_pivot_parallel_2,int,SAWTOOTH,316228,0.61164
dual_pivot_parallel_2,int,SAWTOOTH,398107,0.83012
dual_pivot_parallel_2,int,SAWTOOTH,501187,1.08387
dual_pivot_parallel_2,int,SAWTOOTH,630957,1.22444
dual_pivot_parallel_2,int,SAWTOOTH,794328,1.63698
dual_pivot_parallel_2,int,SAWTOOTH,1000000,2.23620
dual_pivot_parallel_2,int,SAWTOOTH,1258925,2.77240
dual_pivot_parallel_2,int,SAWTOOTH,1584893,3.59745
dual_pivot_parallel_2,int,SAWTOOTH,1995262,4.85359
dual_pivot_parallel_2,int,SAWTOOTH,2511886,5.95839
dual_pivot_parallel_2,int,SAWTOOTH,3162277,7.44253
dual_pivot_parallel_2,int,SAWTOOTH,3981071,10.28600
dual_pivot_parallel_2,int,SAWTOOTH,5011872,13.26550
dual_pivot_parallel_2,int,SAWTOOTH,6309573,17.38460
dual_pivot_parallel_2,int,SAWTOOTH,7943282,21.49590
dual_pivot_parallel_2,int,SAWTOOTH,10000000,28.96590
dual_pivot_parallel_4,double,MANY_DUPLICATES_10,1000,0.02051
dual_pivot_parallel_4,double,MANY_DUPLICATES_10,1259,0.01961
dual_pivot_parallel_4,double,MANY_DUPLICATES_10,1585,0.03477
dual_pivot_parallel_4,double,MANY_DUPLICATES_10,1995,0.04715
dual_pivot_parallel_4,double,MANY_DUPLICATES_10,2512,0.05830
dual_pivot_parallel_4,double,MANY_DUPLICATES_10,3162,0.07753
dual_pivot_parallel_4,double,MANY_DUPLICATES_10,3981,0.10671
dual_pivot_parallel_4,double,MANY_DUPLICATES_10,5012,0.13402
dual_pivot_parallel_4,double,MANY_DUPLICATES_10,6310,0.16713
dual_pivot_parallel_4,double,MANY_DUPLICATES_10,7943,0.23570
dual_pivot_parallel_4,double,MANY_DUPLICATES_10,10000,0.30385
dual_pivot_parallel_4,double,MANY_DUPLICATES_10,12589,0.37875
dual_pivot_parallel_4,double,MANY_DUPLICATES_10,15849,0.49782
dual_pivot_parallel_4,double,MANY_DUPLICATES_10,19953,0.62643
dual_pivot_parallel_4,double,MANY_DUPLICATES_10,25119,0.80225
dual_pivot_parallel_4,double,MANY_DUPLICATES_10,31623,1.05488
dual_pivot_parallel_4,double,MANY_DUPLICATES_10,39811,1.32820
dual_pivot_parallel_4,double,MANY_DUPLICATES_10,50119,1.68424
dual_pivot_parallel_4,double,MANY_DUPLICATES_10,63096,2.22281
dual_pivot_parallel_4,double,MANY_DUPLICATES_10,79433,1.77140
dual_pivot_parallel_4,double,MANY_DUPLICATES_10,100000,2.38418
dual_pivot_parallel_4,double,MANY_DUPLICATES_10,125893,3.22224
dual_pivot_parallel_4,double,MANY_DUPLICATES_10,158489,2.84072
dual_pivot_parallel_4,double,MANY_DUPLICATES_10,199526,3.80803
dual_pivot_parallel_4,double,MANY_DUPLICATES_10,251189,4.07199
dual_pivot_parallel_4,double,MANY_DUPLICATES_10,316228,5.40402
dual_pivot_parallel_4,double,MANY_DUPLICATES_10,398107,6.68077
dual_pivot_parallel_4,double,MANY_DUPLICATES_10,501187,8.34174
dual_pivot_parallel_4,double,MANY_DUPLICATES_10,630957,10.02030
dual_pivot_parallel_4,double,MANY_DUPLICATES_10,794328,13.24910
dual_pivot_parallel_4,double,MANY_DUPLICATES_10,1000000,16.73140
dual_pivot_parallel_4,double,MANY_DUPLICATES_10,1258925,18.80770
dual_pivot_parallel_4,double,MANY_DUPLICATES_10,1584893,24.27340
dual_pivot_parallel_4,double,MANY_DUPLICATES_10,1995262,34.16110
dual_pivot_parallel_4,double,MANY_DUPLICATES_10,2511886,42.64710
dual_pivot_parallel_4,double,MANY_DUPLICATES_10,3162277,54.20080
dual_pivot_parallel_4,double,MANY_DUPLICATES_10,3981071,64.44620
dual_pivot_parallel_4,double,MANY_DUPLICATES_10,5011872,78.80410
dual_pivot_parallel_4,double,MANY_DUPLICATES_10,6309573,108.33100
dual_pivot_parallel_4,double,MANY_DUPLICATES_10,7943282,127.40900
dual_pivot_parallel_4,double,MANY_DUPLICATES_10,10000000,174.02200
dual_pivot_parallel_4,double,MANY_DUPLICATES_50,1000,0.01902
dual_pivot_parallel_4,double,MANY_DUPLICATES_50,1259,0.02277
dual_pivot_parallel_4,double,MANY_DUPLICATES_50,1585,0.03076
dual_pivot_parallel_4,double,MANY_DUPLICATES_50,1995,0.04555
dual_pivot_parallel_4,double,MANY_DUPLICATES_50,2512,0.05830
dual_pivot_parallel_4,double,MANY_DUPLICATES_50,3162,0.08174
dual_pivot_parallel_4,double,MANY_DUPLICATES_50,3981,0.27335
dual_pivot_parallel_4,double,MANY_DUPLICATES_50,5012,0.14329
dual_pivot_parallel_4,double,MANY_DUPLICATES_50,6310,0.16132
dual_pivot_parallel_4,double,MANY_DUPLICATES_50,7943,0.62238
dual_pivot_parallel_4,double,MANY_DUPLICATES_50,10000,0.74322
dual_pivot_parallel_4,double,MANY_DUPLICATES_50,12589,0.81399
dual_pivot_parallel_4,double,MANY_DUPLICATES_50,15849,0.48863
dual_pivot_parallel_4,double,MANY_DUPLICATES_50,19953,0.61512
dual_pivot_parallel_4,double,MANY_DUPLICATES_50,25119,0.82803
dual_pivot_parallel_4,double,MANY_DUPLICATES_50,31623,1.98604
dual_pivot_parallel_4,double,MANY_DUPLICATES_50,39811,1.32711
dual_pivot_parallel_4,double,MANY_DUPLICATES_50,50119,1.88170
dual_pivot_parallel_4,double,MANY_DUPLICATES_50,63096,2.20857
dual_pivot_parallel_4,double,MANY_DUPLICATES_50,79433,1.62707
dual_pivot_parallel_4,double,MANY_DUPLICATES_50,100000,2.29346
dual_pivot_parallel_4,double,MANY_DUPLICATES_50,125893,2.87743
dual_pivot_parallel_4,double,MANY_DUPLICATES_50,158489,2.52268
dual_pivot_parallel_4,double,MANY_DUPLICATES_50,199526,3.61099
dual_pivot_parallel_4,double,MANY_DUPLICATES_50,251189,3.64881
dual_pivot_parallel_4,double,MANY_DUPLICATES_50,316228,4.80704
dual_pivot_parallel_4,double,MANY_DUPLICATES_50,398107,5.95204
dual_pivot_parallel_4,double,MANY_DUPLICATES_50,501187,7.55675
dual_pivot_parallel_4,double,MANY_DUPLICATES_50,630957,8.70698
dual_pivot_parallel_4,double,MANY_DUPLICATES_50,794328,11.76790
dual_pivot_parallel_4,double,MANY_DUPLICATES_50,1000000,14.88850
dual_pivot_parallel_4,double,MANY_DUPLICATES_50,1258925,17.92260
dual_pivot_parallel_4,double,MANY_DUPLICATES_50,1584893,22.53150
dual_pivot_parallel_4,double,MANY_DUPLICATES_50,1995262,32.37660
dual_pivot_parallel_4,double,MANY_DUPLICATES_50,2511886,40.90890
dual_pivot_parallel_4,double,MANY_DUPLICATES_50,3162277,51.46250
dual_pivot_parallel_4,double,MANY_DUPLICATES_50,3981071,61.07510
dual_pivot_parallel_4,double,MANY_DUPLICATES_50,5011872,78.68470
dual_pivot_parallel_4,double,MANY_DUPLICATES_50,6309573,110.95000
dual_pivot_parallel_4,double,MANY_DUPLICATES_50,7943282,126.79200
dual_pivot_parallel_4,double,MANY_DUPLICATES_50,10000000,175.04700
dual_pivot_parallel_4,double,MANY_DUPLICATES_90,1000,0.01865
dual_pivot_parallel_4,double,MANY_DUPLICATES_90,1259,0.02298
dual_pivot_parallel_4,double,MANY_DUPLICATES_90,1585,0.03651
dual_pivot_parallel_4,double,MANY_DUPLICATES_90,1995,0.12579
dual_pivot_parallel_4,double,MANY_DUPLICATES_90,2512,0.12771
dual_pivot_parallel_4,double,MANY_DUPLICATES_90,3162,0.08433
dual_pivot_parallel_4,double,MANY_DUPLICATES_90,3981,0.10297
dual_pivot_parallel_4,double,MANY_DUPLICATES_90,5012,0.13505
dual_pivot_parallel_4,double,MANY_DUPLICATES_90,6310,0.19318
dual_pivot_parallel_4,double,MANY_DUPLICATES_90,7943,0.47220
dual_pivot_parallel_4,double,MANY_DUPLICATES_90,10000,0.43676
dual_pivot_parallel_4,double,MANY_DUPLICATES_90,12589,1.27318
dual_pivot_parallel_4,double,MANY_DUPLICATES_90,15849,0.49040
dual_pivot_parallel_4,double,MANY_DUPLICATES_90,19953,0.90308
dual_pivot_parallel_4,double,MANY_DUPLICATES_90,25119,0.90880
dual_pivot_parallel_4,double,MANY_DUPLICATES_90,31623,1.02096
dual_pivot_parallel_4,double,MANY_DUPLICATES_90,39811,1.32493
dual_pivot_parallel_4,double,MANY_DUPLICATES_90,50119,1.68130
dual_pivot_parallel_4,double,MANY_DUPLICATES_90,63096,2.22002
dual_pivot_parallel_4,double,MANY_DUPLICATES_90,79433,1.64988
dual_pivot_parallel_4,double,MANY_DUPLICATES_90,100000,2.17976
dual_pivot_parallel_4,double,MANY_DUPLICATES_90,125893,2.85191
dual_pivot_parallel_4,double,MANY_DUPLICATES_90,158489,2.44653
dual_pivot_parallel_4,double,MANY_DUPLICATES_90,199526,3.59222
dual_pivot_parallel_4,double,MANY_DUPLICATES_90,251189,3.61058
dual_pivot_parallel_4,double,MANY_DUPLICATES_90,316228,4.76641
dual_pivot_parallel_4,double,MANY_DUPLICATES_90,398107,5.96441
dual_pivot_parallel_4,double,MANY_DUPLICATES_90,501187,7.36447
dual_pivot_parallel_4,double,MANY_DUPLICATES_90,630957,8.67994
dual_pivot_parallel_4,double,MANY_DUPLICATES_90,794328,11.24630
dual_pivot_parallel_4,double,MANY_DUPLICATES_90,1000000,14.86530
dual_pivot_parallel_4,double,MANY_DUPLICATES_90,1258925,17.90590
dual_pivot_parallel_4,double,MANY_DUPLICATES_90,1584893,22.68990
dual_pivot_parallel_4,double,MANY_DUPLICATES_90,1995262,32.22580
dual_pivot_parallel_4,double,MANY_DUPLICATES_90,2511886,41.24630
dual_pivot_parallel_4,double,MANY_DUPLICATES_90,3162277,50.39430
dual_pivot_parallel_4,double,MANY_DUPLICATES_90,3981071,62.33450
dual_pivot_parallel_4,double,MANY_DUPLICATES_90,5011872,79.58140
dual_pivot_parallel_4,double,MANY_DUPLICATES_90,6309573,108.49600
dual_pivot_parallel_4,double,MANY_DUPLICATES_90,7943282,128.42300
dual_pivot_parallel_4,double,MANY_DUPLICATES_90,10000000,174.32500
dual_pivot_parallel_4,double,NEARLY_SORTED,1000,0.01126
dual_pivot_parallel_4,double,NEARLY_SORTED,1259,0.01280
dual_pivot_parallel_4,double,NEARLY_SORTED,1585,0.01317
dual_pivot_parallel_4,double,NEARLY_SORTED,1995,0.02053
dual_pivot_parallel_4,double,NEARLY_SORTED,2512,0.03250
dual_pivot_parallel_4,double,NEARLY_SORTED,3162,0.04418
dual_pivot_parallel_4,double,NEARLY_SORTED,3981,0.05788
dual_pivot_parallel_4,double,NEARLY_SORTED,5012,0.07528
dual_pivot_parallel_4,double,NEARLY_SORTED,6310,0.10305
dual_pivot_parallel_4,double,NEARLY_SORTED,7943,0.13922
dual_pivot_parallel_4,double,NEARLY_SORTED,10000,0.17005
dual_pivot_parallel_4,double,NEARLY_SORTED,12589,0.21519
dual_pivot_parallel_4,double,NEARLY_SORTED,15849,0.29860
dual_pivot_parallel_4,double,NEARLY_SORTED,19953,0.38525
dual_pivot_parallel_4,double,NEARLY_SORTED,25119,0.47474
dual_pivot_parallel_4,double,NEARLY_SORTED,31623,0.59916
dual_pivot_parallel_4,double,NEARLY_SORTED,39811,0.80395
dual_pivot_parallel_4,double,NEARLY_SORTED,50119,1.00303
dual_pivot_parallel_4,double,NEARLY_SORTED,63096,1.31852
dual_pivot_parallel_4,double,NEARLY_SORTED,79433,0.83956
dual_pivot_parallel_4,double,NEARLY_SORTED,100000,1.07729
dual_pivot_parallel_4,double,NEARLY_SORTED,125893,1.38310
dual_pivot_parallel_4,double,NEARLY_SORTED,158489,1.41869
dual_pivot_parallel_4,double,NEARLY_SORTED,199526,1.83186
dual_pivot_parallel_4,double,NEARLY_SORTED,251189,2.27919
dual_pivot_parallel_4,double,NEARLY_SORTED,316228,2.80751
dual_pivot_parallel_4,double,NEARLY_SORTED,398107,3.42232
dual_pivot_parallel_4,double,NEARLY_SORTED,501187,4.40824
dual_pivot_parallel_4,double,NEARLY_SORTED,630957,5.58076
dual_pivot_parallel_4,double,NEARLY_SORTED,794328,7.19522
dual_pivot_parallel_4,double,NEARLY_SORTED,1000000,9.33470
dual_pivot_parallel_4,double,NEARLY_SORTED,1258925,11.84720
dual_pivot_parallel_4,double,NEARLY_SORTED,1584893,15.06820
dual_pivot_parallel_4,double,NEARLY_SORTED,1995262,19.39140
dual_pivot_parallel_4,double,NEARLY_SORTED,2511886,24.52430
dual_pivot_parallel_4,double,NEARLY_SORTED,3162277,31.65300
dual_pivot_parallel_4,double,NEARLY_SORTED,3981071,39.67340
dual_pivot_parallel_4,double,NEARLY_SORTED,5011872,53.38370
dual_pivot_parallel_4,double,NEARLY_SORTED,6309573,65.82890
dual_pivot_parallel_4,double,NEARLY_SORTED,7943282,83.41750
dual_pivot_parallel_4,double,NEARLY_SORTED,10000000,107.75600
dual_pivot_parallel_4,double,ORGAN_PIPE,1000,0.00272
dual_pivot_parallel_4,double,ORGAN_PIPE,1259,0.00587
dual_pivot_parallel_4,double,ORGAN_PIPE,1585,0.00627
dual_pivot_parallel_4,double,ORGAN_PIPE,1995,0.01244
dual_pivot_parallel_4,double,ORGAN_PIPE,2512,0.00942
dual_pivot_parallel_4,double,ORGAN_PIPE,3162,0.01131
dual_pivot_parallel_4,double,ORGAN_PIPE,3981,0.00845
dual_pivot_parallel_4,double,ORGAN_PIPE,5012,0.01890
dual_pivot_parallel_4,double,ORGAN_PIPE,6310,0.02046
dual_pivot_parallel_4,double,ORGAN_PIPE,7943,0.01526
dual_pivot_parallel_4,double,ORGAN_PIPE,10000,0.03590
dual_pivot_parallel_4,double,ORGAN_PIPE,12589,0.04915
dual_pivot_parallel_4,double,ORGAN_PIPE,15849,0.05896
dual_pivot_parallel_4,double,ORGAN_PIPE,19953,0.15587
dual_pivot_parallel_4,double,ORGAN_PIPE,25119,0.09330
dual_pivot_parallel_4,double,ORGAN_PIPE,31623,0.10711
dual_pivot_parallel_4,double,ORGAN_PIPE,39811,0.15771
dual_pivot_parallel_4,double,ORGAN_PIPE,50119,0.23572
dual_pivot_parallel_4,double,ORGAN_PIPE,63096,0.21069
dual_pivot_parallel_4,double,ORGAN_PIPE,79433,0.33024
dual_pivot_parallel_4,double,ORGAN_PIPE,100000,0.41869
dual_pivot_parallel_4,double,ORGAN_PIPE,125893,0.47773
dual_pivot_parallel_4,double,ORGAN_PIPE,158489,0.51518
dual_pivot_parallel_4,double,ORGAN_PIPE,199526,0.56098
dual_pivot_parallel_4,double,ORGAN_PIPE,251189,0.74301
dual_pivot_parallel_4,double,ORGAN_PIPE,316228,0.81672
dual_pivot_parallel_4,double,ORGAN_PIPE,398107,1.02319
dual_pivot_parallel_4,double,ORGAN_PIPE,501187,1.26960
dual_pivot_parallel_4,double,ORGAN_PIPE,630957,1.68115
dual_pivot_parallel_4,double,ORGAN_PIPE,794328,2.09005
dual_pivot_parallel_4,double,ORGAN_PIPE,1000000,2.68849
dual_pivot_parallel_4,double,ORGAN_PIPE,1258925,3.28507
dual_pivot_parallel_4,double,ORGAN_PIPE,1584893,4.36582
dual_pivot_parallel_4,double,ORGAN_PIPE,1995262,5.27651
dual_pivot_parallel_4,double,ORGAN_PIPE,2511886,7.60969
dual_pivot_parallel_4,double,ORGAN_PIPE,3162277,9.60204
dual_pivot_parallel_4,double,ORGAN_PIPE,3981071,12.81310
dual_pivot_parallel_4,double,ORGAN_PIPE,5011872,16.48800
dual_pivot_parallel_4,double,ORGAN_PIPE,6309573,21.16800
dual_pivot_parallel_4,double,ORGAN_PIPE,7943282,27.74180
dual_pivot_parallel_4,double,ORGAN_PIPE,10000000,36.15660
dual_pivot_parallel_4,double,RANDOM,1000,0.02114
dual_pivot_parallel_4,double,RANDOM,1259,0.02516
dual_pivot_parallel_4,double,RANDOM,1585,0.03246
dual_pivot_parallel_4,double,RANDOM,1995,0.03415
dual_pivot_parallel_4,double,RANDOM,2512,0.05165
dual_pivot_parallel_4,double,RANDOM,3162,0.08589
dual_pivot_parallel_4,double,RANDOM,3981,0.09680
dual_pivot_parallel_4,double,RANDOM,5012,0.13980
dual_pivot_parallel_4,double,RANDOM,6310,0.16780
dual_pivot_parallel_4,double,RANDOM,7943,0.22907
dual_pivot_parallel_4,double,RANDOM,10000,0.29370
dual_pivot_parallel_4,double,RANDOM,12589,0.36898
dual_pivot_parallel_4,double,RANDOM,15849,0.49102
dual_pivot_parallel_4,double,RANDOM,19953,0.60471
dual_pivot_parallel_4,double,RANDOM,25119,0.80628
dual_pivot_parallel_4,double,RANDOM,31623,1.03496
dual_pivot_parallel_4,double,RANDOM,39811,1.31548
dual_pivot_parallel_4,double,RANDOM,50119,1.68173
dual_pivot_parallel_4,double,RANDOM,63096,2.19432
dual_pivot_parallel_4,double,RANDOM,79433,1.75649
dual_pivot_parallel_4,double,RANDOM,100000,2.45702
dual_pivot_parallel_4,double,RANDOM,125893,3.08330
dual_pivot_parallel_4,double,RANDOM,158489,2.80083
dual_pivot_parallel_4,double,RANDOM,199526,3.92887
dual_pivot_parallel_4,double,RANDOM,251189,4.04886
dual_pivot_parallel_4,double,RANDOM,316228,5.25767
dual_pivot_parallel_4,double,RANDOM,398107,6.24719
dual_pivot_parallel_4,double,RANDOM,501187,8.36258
dual_pivot_parallel_4,double,RANDOM,630957,9.54500
dual_pivot_parallel_4,double,RANDOM,794328,13.08350
dual_pivot_parallel_4,double,RANDOM,1000000,16.48420
dual_pivot_parallel_4,double,RANDOM,1258925,20.85150
dual_pivot_parallel_4,double,RANDOM,1584893,26.08770
dual_pivot_parallel_4,double,RANDOM,1995262,37.19900
dual_pivot_parallel_4,double,RANDOM,2511886,46.58630
dual_pivot_parallel_4,double,RANDOM,3162277,57.54180
dual_pivot_parallel_4,double,RANDOM,3981071,70.61960
dual_pivot_parallel_4,double,RANDOM,5011872,85.74060
dual_pivot_parallel_4,double,RANDOM,6309573,116.77200
dual_pivot_parallel_4,double,RANDOM,7943282,137.23800
dual_pivot_parallel_4,double,RANDOM,10000000,188.24200
dual_pivot_parallel_4,double,REVERSE_SORTED,1000,0.00152
dual_pivot_parallel_4,double,REVERSE_SORTED,1259,0.00164
dual_pivot_parallel_4,double,REVERSE_SORTED,1585,0.00198
dual_pivot_parallel_4,double,REVERSE_SORTED,1995,0.00255
dual_pivot_parallel_4,double,REVERSE_SORTED,2512,0.00316
dual_pivot_parallel_4,double,REVERSE_SORTED,3162,0.00377
dual_pivot_parallel_4,double,REVERSE_SORTED,3981,0.00469
dual_pivot_parallel_4,double,REVERSE_SORTED,5012,0.00566
dual_pivot_parallel_4,double,REVERSE_SORTED,6310,0.00745
dual_pivot_parallel_4,double,REVERSE_SORTED,7943,0.00905
dual_pivot_parallel_4,double,REVERSE_SORTED,10000,0.01158
dual_pivot_parallel_4,double,REVERSE_SORTED,12589,0.01447
dual_pivot_parallel_4,double,REVERSE_SORTED,15849,0.01833
dual_pivot_parallel_4,double,REVERSE_SORTED,19953,0.02253
dual_pivot_parallel_4,double,REVERSE_SORTED,25119,0.02843
dual_pivot_parallel_4,double,REVERSE_SORTED,31623,0.03556
dual_pivot_parallel_4,double,REVERSE_SORTED,39811,0.04493
dual_pivot_parallel_4,double,REVERSE_SORTED,50119,0.05662
dual_pivot_parallel_4,double,REVERSE_SORTED,63096,0.07095
dual_pivot_parallel_4,double,REVERSE_SORTED,79433,0.09361
dual_pivot_parallel_4,double,REVERSE_SORTED,100000,0.11458
dual_pivot_parallel_4,double,REVERSE_SORTED,125893,0.14196
dual_pivot_parallel_4,double,REVERSE_SORTED,158489,0.16259
dual_pivot_parallel_4,double,REVERSE_SORTED,199526,0.21487
dual_pivot_parallel_4,double,REVERSE_SORTED,251189,0.26642
dual_pivot_parallel_4,double,REVERSE_SORTED,316228,0.30878
dual_pivot_parallel_4,double,REVERSE_SORTED,398107,0.38656
dual_pivot_parallel_4,double,REVERSE_SORTED,501187,0.50096
dual_pivot_parallel_4,double,REVERSE_SORTED,630957,0.64184
dual_pivot_parallel_4,double,REVERSE_SORTED,794328,0.82825
dual_pivot_parallel_4,double,REVERSE_SORTED,1000000,1.07903
dual_pivot_parallel_4,double,REVERSE_SORTED,1258925,1.33205
dual_pivot_parallel_4,double,REVERSE_SORTED,1584893,1.79642
dual_pivot_parallel_4,double,REVERSE_SORTED,1995262,2.36510
dual_pivot_parallel_4,double,REVERSE_SORTED,2511886,3.18687
dual_pivot_parallel_4,double,REVERSE_SORTED,3162277,3.98579
dual_pivot_parallel_4,double,REVERSE_SORTED,3981071,5.24232
dual_pivot_parallel_4,double,REVERSE_SORTED,5011872,7.13359
dual_pivot_parallel_4,double,REVERSE_SORTED,6309573,9.03147
dual_pivot_parallel_4,double,REVERSE_SORTED,7943282,11.87620
dual_pivot_parallel_4,double,REVERSE_SORTED,10000000,15.51740
dual_pivot_parallel_4,double,SAWTOOTH,1000,0.00445
dual_pivot_parallel_4,double,SAWTOOTH,1259,0.00426
dual_pivot_parallel_4,double,SAWTOOTH,1585,0.00790
dual_pivot_parallel_4,double,SAWTOOTH,1995,0.00808
dual_pivot_parallel_4,double,SAWTOOTH,2512,0.00884
dual_pivot_parallel_4,double,SAWTOOTH,3162,0.00964
dual_pivot_parallel_4,double,SAWTOOTH,3981,0.01330
dual_pivot_parallel_4,double,SAWTOOTH,5012,0.03987
dual_pivot_parallel_4,double,SAWTOOTH,6310,0.06198
dual_pivot_parallel_4,double,SAWTOOTH,7943,0.04974
dual_pivot_parallel_4,double,SAWTOOTH,10000,0.08732
dual_pivot_parallel_4,double,SAWTOOTH,12589,0.05102
dual_pivot_parallel_4,double,SAWTOOTH,15849,0.07108
dual_pivot_parallel_4,double,SAWTOOTH,19953,0.09896
dual_pivot_parallel_4,double,SAWTOOTH,25119,0.09885
dual_pivot_parallel_4,double,SAWTOOTH,31623,0.15625
dual_pivot_parallel_4,double,SAWTOOTH,39811,0.38580
dual_pivot_parallel_4,double,SAWTOOTH,50119,0.67044
dual_pivot_parallel_4,double,SAWTOOTH,63096,0.27109
dual_pivot_parallel_4,double,SAWTOOTH,79433,0.25454
dual_pivot_parallel_4,double,SAWTOOTH,100000,0.31350
dual_pivot_parallel_4,double,SAWTOOTH,125893,0.33898
dual_pivot_parallel_4,double,SAWTOOTH,158489,0.41855
dual_pivot_parallel_4,double,SAWTOOTH,199526,0.49555
dual_pivot_parallel_4,double,SAWTOOTH,251189,0.60928
dual_pivot_parallel_4,double,SAWTOOTH,316228,0.74709
dual_pivot_parallel_4,double,SAWTOOTH,398107,0.96622
dual_pivot_parallel_4,double,SAWTOOTH,501187,1.18658
dual_pivot_parallel_4,double,SAWTOOTH,630957,1.32775
dual_pivot_parallel_4,double,SAWTOOTH,794328,1.67487
dual_pivot_parallel_4,double,SAWTOOTH,1000000,2.57982
dual_pivot_parallel_4,double,SAWTOOTH,1258925,2.80154
dual_pivot_parallel_4,double,SAWTOOTH,1584893,3.65962
dual_pivot_parallel_4,double,SAWTOOTH,1995262,6.38083
dual_pivot_parallel_4,double,SAWTOOTH,2511886,6.32455
dual_pivot_parallel_4,double,SAWTOOTH,3162277,7.82251
dual_pivot_parallel_4,double,SAWTOOTH,3981071,11.19030
dual_pivot_parallel_4,double,SAWTOOTH,5011872,16.44340
dual_pivot_parallel_4,double,SAWTOOTH,6309573,18.12260
dual_pivot_parallel_4,double,SAWTOOTH,7943282,25.57490
dual_pivot_parallel_4,double,SAWTOOTH,10000000,31.39690
dual_pivot_parallel_4,int,MANY_DUPLICATES_10,1000,0.01569
dual_pivot_parallel_4,int,MANY_DUPLICATES_10,1259,0.06236
dual_pivot_parallel_4,int,MANY_DUPLICATES_10,1585,0.09498
dual_pivot_parallel_4,int,MANY_DUPLICATES_10,1995,0.06238
dual_pivot_parallel_4,int,MANY_DUPLICATES_10,2512,0.11114
dual_pivot_parallel_4,int,MANY_DUPLICATES_10,3162,0.07600
dual_pivot_parallel_4,int,MANY_DUPLICATES_10,3981,0.09591
dual_pivot_parallel_4,int,MANY_DUPLICATES_10,5012,0.14877
dual_pivot_parallel_4,int,MANY_DUPLICATES_10,6310,0.20597
dual_pivot_parallel_4,int,MANY_DUPLICATES_10,7943,0.46774
dual_pivot_parallel_4,int,MANY_DUPLICATES_10,10000,0.26131
dual_pivot_parallel_4,int,MANY_DUPLICATES_10,12589,0.83555
dual_pivot_parallel_4,int,MANY_DUPLICATES_10,15849,0.46114
dual_pivot_parallel_4,int,MANY_DUPLICATES_10,19953,0.90685
dual_pivot_parallel_4,int,MANY_DUPLICATES_10,25119,0.73928
dual_pivot_parallel_4,int,MANY_DUPLICATES_10,31623,0.95327
dual_pivot_parallel_4,int,MANY_DUPLICATES_10,39811,1.21507
dual_pivot_parallel_4,int,MANY_DUPLICATES_10,50119,1.75411
dual_pivot_parallel_4,int,MANY_DUPLICATES_10,63096,2.06779
dual_pivot_parallel_4,int,MANY_DUPLICATES_10,79433,1.50099
dual_pivot_parallel_4,int,MANY_DUPLICATES_10,100000,2.01168
dual_pivot_parallel_4,int,MANY_DUPLICATES_10,125893,2.50372
dual_pivot_parallel_4,int,MANY_DUPLICATES_10,158489,2.68481
dual_pivot_parallel_4,int,MANY_DUPLICATES_10,199526,3.19877
dual_pivot_parallel_4,int,MANY_DUPLICATES_10,251189,3.51856
dual_pivot_parallel_4,int,MANY_DUPLICATES_10,316228,4.52541
dual_pivot_parallel_4,int,MANY_DUPLICATES_10,398107,5.56866
dual_pivot_parallel_4,int,MANY_DUPLICATES_10,501187,7.54430
dual_pivot_parallel_4,int,MANY_DUPLICATES_10,630957,8.57123
dual_pivot_parallel_4,int,MANY_DUPLICATES_10,794328,11.20080
dual_pivot_parallel_4,int,MANY_DUPLICATES_10,1000000,14.43620
dual_pivot_parallel_4,int,MANY_DUPLICATES_10,1258925,17.09110
dual_pivot_parallel_4,int,MANY_DUPLICATES_10,1584893,22.90890
dual_pivot_parallel_4,int,MANY_DUPLICATES_10,1995262,26.35750
dual_pivot_parallel_4,int,MANY_DUPLICATES_10,2511886,34.98710
dual_pivot_parallel_4,int,MANY_DUPLICATES_10,3162277,42.09990
dual_pivot_parallel_4,int,MANY_DUPLICATES_10,3981071,57.22640
dual_pivot_parallel_4,int,MANY_DUPLICATES_10,5011872,71.36920
dual_pivot_parallel_4,int,MANY_DUPLICATES_10,6309573,96.21560
dual_pivot_parallel_4,int,MANY_DUPLICATES_10,7943282,118.47200
dual_pivot_parallel_4,int,MANY_DUPLICATES_10,10000000,171.66800
dual_pivot_parallel_4,int,MANY_DUPLICATES_50,1000,0.02041
dual_pivot_parallel_4,int,MANY_DUPLICATES_50,1259,0.03942
dual_pivot_parallel_4,int,MANY_DUPLICATES_50,1585,0.03450
dual_pivot_parallel_4,int,MANY_DUPLICATES_50,1995,0.04365
dual_pivot_parallel_4,int,MANY_DUPLICATES_50,2512,0.07621
dual_pivot_parallel_4,int,MANY_DUPLICATES_50,3162,0.07755
dual_pivot_parallel_4,int,MANY_DUPLICATES_50,3981,0.26149
dual_pivot_parallel_4,int,MANY_DUPLICATES_50,5012,0.13306
dual_pivot_parallel_4,int,MANY_DUPLICATES_50,6310,0.26746
dual_pivot_parallel_4,int,MANY_DUPLICATES_50,7943,0.38999
dual_pivot_parallel_4,int,MANY_DUPLICATES_50,10000,0.78409
dual_pivot_parallel_4,int,MANY_DUPLICATES_50,12589,0.39021
dual_pivot_parallel_4,int,MANY_DUPLICATES_50,15849,0.45650
dual_pivot_parallel_4,int,MANY_DUPLICATES_50,19953,0.59441
dual_pivot_parallel_4,int,MANY_DUPLICATES_50,25119,1.47019
dual_pivot_parallel_4,int,MANY_DUPLICATES_50,31623,1.61529
dual_pivot_parallel_4,int,MANY_DUPLICATES_50,39811,1.33178
dual_pivot_parallel_4,int,MANY_DUPLICATES_50,50119,1.65364
dual_pivot_parallel_4,int,MANY_DUPLICATES_50,63096,2.04836
dual_pivot_parallel_4,int,MANY_DUPLICATES_50,79433,1.69845
dual_pivot_parallel_4,int,MANY_DUPLICATES_50,100000,2.28358
dual_pivot_parallel_4,int,MANY_DUPLICATES_50,125893,2.69330
dual_pivot_parallel_4,int,MANY_DUPLICATES_50,158489,3.20967
dual_pivot_parallel_4,int,MANY_DUPLICATES_50,199526,3.85100
dual_pivot_parallel_4,int,MANY_DUPLICATES_50,251189,4.02981
dual_pivot_parallel_4,int,MANY_DUPLICATES_50,316228,4.71907
dual_pivot_parallel_4,int,MANY_DUPLICATES_50,398107,6.40807
dual_pivot_parallel_4,int,MANY_DUPLICATES_50,501187,7.24130
dual_pivot_parallel_4,int,MANY_DUPLICATES_50,630957,9.33074
dual_pivot_parallel_4,int,MANY_DUPLICATES_50,794328,11.35020
dual_pivot_parallel_4,int,MANY_DUPLICATES_50,1000000,15.07530
dual_pivot_parallel_4,int,MANY_DUPLICATES_50,1258925,18.61760
dual_pivot_parallel_4,int,MANY_DUPLICATES_50,1584893,23.33010
dual_pivot_parallel_4,int,MANY_DUPLICATES_50,1995262,29.35550
dual_pivot_parallel_4,int,MANY_DUPLICATES_50,2511886,37.84620
dual_pivot_parallel_4,int,MANY_DUPLICATES_50,3162277,49.47230
dual_pivot_parallel_4,int,MANY_DUPLICATES_50,3981071,60.02780
dual_pivot_parallel_4,int,MANY_DUPLICATES_50,5011872,80.00510
dual_pivot_parallel_4,int,MANY_DUPLICATES_50,6309573,106.42300
dual_pivot_parallel_4,int,MANY_DUPLICATES_50,7943282,128.07200
dual_pivot_parallel_4,int,MANY_DUPLICATES_50,10000000,179.33200
dual_pivot_parallel_4,int,MANY_DUPLICATES_90,1000,0.01982
dual_pivot_parallel_4,int,MANY_DUPLICATES_90,1259,0.02408
dual_pivot_parallel_4,int,MANY_DUPLICATES_90,1585,0.03198
dual_pivot_parallel_4,int,MANY_DUPLICATES_90,1995,0.04158
dual_pivot_parallel_4,int,MANY_DUPLICATES_90,2512,0.05951
dual_pivot_parallel_4,int,MANY_DUPLICATES_90,3162,0.07531
dual_pivot_parallel_4,int,MANY_DUPLICATES_90,3981,0.09489
dual_pivot_parallel_4,int,MANY_DUPLICATES_90,5012,0.12337
dual_pivot_parallel_4,int,MANY_DUPLICATES_90,6310,0.16572
dual_pivot_parallel_4,int,MANY_DUPLICATES_90,7943,0.21239
dual_pivot_parallel_4,int,MANY_DUPLICATES_90,10000,0.28862
dual_pivot_parallel_4,int,MANY_DUPLICATES_90,12589,0.34600
dual_pivot_parallel_4,int,MANY_DUPLICATES_90,15849,0.46804
dual_pivot_parallel_4,int,MANY_DUPLICATES_90,19953,0.62741
dual_pivot_parallel_4,int,MANY_DUPLICATES_90,25119,0.81877
dual_pivot_parallel_4,int,MANY_DUPLICATES_90,31623,1.01883
dual_pivot_parallel_4,int,MANY_DUPLICATES_90,39811,1.29536
dual_pivot_parallel_4,int,MANY_DUPLICATES_90,50119,1.64645
dual_pivot_parallel_4,int,MANY_DUPLICATES_90,63096,2.11083
dual_pivot_parallel_4,int,MANY_DUPLICATES_90,79433,1.75460
dual_pivot_parallel_4,int,MANY_DUPLICATES_90,100000,2.60444
dual_pivot_parallel_4,int,MANY_DUPLICATES_90,125893,2.18689
dual_pivot_parallel_4,int,MANY_DUPLICATES_90,158489,2.78408
dual_pivot_parallel_4,int,MANY_DUPLICATES_90,199526,3.56882
dual_pivot_parallel_4,int,MANY_DUPLICATES_90,251189,3.89424
dual_pivot_parallel_4,int,MANY_DUPLICATES_90,316228,5.11658
dual_pivot_parallel_4,int,MANY_DUPLICATES_90,398107,5.80009
dual_pivot_parallel_4,int,MANY_DUPLICATES_90,501187,8.48314
dual_pivot_parallel_4,int,MANY_DUPLICATES_90,630957,9.73580
dual_pivot_parallel_4,int,MANY_DUPLICATES_90,794328,12.00380
dual_pivot_parallel_4,int,MANY_DUPLICATES_90,1000000,15.32150
dual_pivot_parallel_4,int,MANY_DUPLICATES_90,1258925,19.61120
dual_pivot_parallel_4,int,MANY_DUPLICATES_90,1584893,27.32980
dual_pivot_parallel_4,int,MANY_DUPLICATES_90,1995262,32.53650
dual_pivot_parallel_4,int,MANY_DUPLICATES_90,2511886,40.73480
dual_pivot_parallel_4,int,MANY_DUPLICATES_90,3162277,54.87930
dual_pivot_parallel_4,int,MANY_DUPLICATES_90,3981071,68.96900
dual_pivot_parallel_4,int,MANY_DUPLICATES_90,5011872,87.21550
dual_pivot_parallel_4,int,MANY_DUPLICATES_90,6309573,102.48300
dual_pivot_parallel_4,int,MANY_DUPLICATES_90,7943282,128.21200
dual_pivot_parallel_4,int,MANY_DUPLICATES_90,10000000,166.18300
dual_pivot_parallel_4,int,NEARLY_SORTED,1000,0.01078
dual_pivot_parallel_4,int,NEARLY_SORTED,1259,0.01191
dual_pivot_parallel_4,int,NEARLY_SORTED,1585,0.03463
dual_pivot_parallel_4,int,NEARLY_SORTED,1995,0.02865
dual_pivot_parallel_4,int,NEARLY_SORTED,2512,0.04528
dual_pivot_parallel_4,int,NEARLY_SORTED,3162,0.04190
dual_pivot_parallel_4,int,NEARLY_SORTED,3981,0.05205
dual_pivot_parallel_4,int,NEARLY_SORTED,5012,0.08178
dual_pivot_parallel_4,int,NEARLY_SORTED,6310,0.10568
dual_pivot_parallel_4,int,NEARLY_SORTED,7943,0.29940
dual_pivot_parallel_4,int,NEARLY_SORTED,10000,0.14638
dual_pivot_parallel_4,int,NEARLY_SORTED,12589,0.20211
dual_pivot_parallel_4,int,NEARLY_SORTED,15849,0.54546
dual_pivot_parallel_4,int,NEARLY_SORTED,19953,0.89681
dual_pivot_parallel_4,int,NEARLY_SORTED,25119,1.21273
dual_pivot_parallel_4,int,NEARLY_SORTED,31623,0.55756
dual_pivot_parallel_4,int,NEARLY_SORTED,39811,0.71422
dual_pivot_parallel_4,int,NEARLY_SORTED,50119,1.35692
dual_pivot_parallel_4,int,NEARLY_SORTED,63096,1.19264
dual_pivot_parallel_4,int,NEARLY_SORTED,79433,0.69343
dual_pivot_parallel_4,int,NEARLY_SORTED,100000,0.89864
dual_pivot_parallel_4,int,NEARLY_SORTED,125893,1.15256
dual_pivot_parallel_4,int,NEARLY_SORTED,158489,1.20133
dual_pivot_parallel_4,int,NEARLY_SORTED,199526,1.49784
dual_pivot_parallel_4,int,NEARLY_SORTED,251189,1.92420
dual_pivot_parallel_4,int,NEARLY_SORTED,316228,2.36469
dual_pivot_parallel_4,int,NEARLY_SORTED,398107,2.90791
dual_pivot_parallel_4,int,NEARLY_SORTED,501187,3.89893
dual_pivot_parallel_4,int,NEARLY_SORTED,630957,4.54333
dual_pivot_parallel_4,int,NEARLY_SORTED,794328,5.86436
dual_pivot_parallel_4,int,NEARLY_SORTED,1000000,7.62036
dual_pivot_parallel_4,int,NEARLY_SORTED,1258925,9.32779
dual_pivot_parallel_4,int,NEARLY_SORTED,1584893,11.86870
dual_pivot_parallel_4,int,NEARLY_SORTED,1995262,15.04320
dual_pivot_parallel_4,int,NEARLY_SORTED,2511886,19.49170
dual_pivot_parallel_4,int,NEARLY_SORTED,3162277,24.86620
dual_pivot_parallel_4,int,NEARLY_SORTED,3981071,31.13030
dual_pivot_parallel_4,int,NEARLY_SORTED,5011872,42.02150
dual_pivot_parallel_4,int,NEARLY_SORTED,6309573,52.41570
dual_pivot_parallel_4,int,NEARLY_SORTED,7943282,66.28150
dual_pivot_parallel_4,int,NEARLY_SORTED,10000000,86.92040
dual_pivot_parallel_4,int,ORGAN_PIPE,1000,0.00131
dual_pivot_parallel_4,int,ORGAN_PIPE,1259,0.00132
dual_pivot_parallel_4,int,ORGAN_PIPE,1585,0.00162
dual_pivot_parallel_4,int,ORGAN_PIPE,1995,0.00201
dual_pivot_parallel_4,int,ORGAN_PIPE,2512,0.00290
dual_pivot_parallel_4,int,ORGAN_PIPE,3162,0.00344
dual_pivot_parallel_4,int,ORGAN_PIPE,3981,0.00360
dual_pivot_parallel_4,int,ORGAN_PIPE,5012,0.00455
dual_pivot_parallel_4,int,ORGAN_PIPE,6310,0.00547
dual_pivot_parallel_4,int,ORGAN_PIPE,7943,0.00698
dual_pivot_parallel_4,int,ORGAN_PIPE,10000,0.00873
dual_pivot_parallel_4,int,ORGAN_PIPE,12589,0.01079
dual_pivot_parallel_4,int,ORGAN_PIPE,15849,0.01355
dual_pivot_parallel_4,int,ORGAN_PIPE,19953,0.02478
dual_pivot_parallel_4,int,ORGAN_PIPE,25119,0.03551
dual_pivot_parallel_4,int,ORGAN_PIPE,31623,0.05287
dual_pivot_parallel_4,int,ORGAN_PIPE,39811,0.07057
dual_pivot_parallel_4,int,ORGAN_PIPE,50119,0.07432
dual_pivot_parallel_4,int,ORGAN_PIPE,63096,0.10090
dual_pivot_parallel_4,int,ORGAN_PIPE,79433,0.27561
dual_pivot_parallel_4,int,ORGAN_PIPE,100000,0.32014
dual_pivot_parallel_4,int,ORGAN_PIPE,125893,0.39857
dual_pivot_parallel_4,int,ORGAN_PIPE,158489,0.41647
dual_pivot_parallel_4,int,ORGAN_PIPE,199526,0.50149
dual_pivot_parallel_4,int,ORGAN_PIPE,251189,0.60216
dual_pivot_parallel_4,int,ORGAN_PIPE,316228,0.73942
dual_pivot_parallel_4,int,ORGAN_PIPE,398107,0.89826
dual_pivot_parallel_4,int,ORGAN_PIPE,501187,1.04499
dual_pivot_parallel_4,int,ORGAN_PIPE,630957,1.32835
dual_pivot_parallel_4,int,ORGAN_PIPE,794328,1.61523
dual_pivot_parallel_4,int,ORGAN_PIPE,1000000,2.03765
dual_pivot_parallel_4,int,ORGAN_PIPE,1258925,2.52026
dual_pivot_parallel_4,int,ORGAN_PIPE,1584893,3.32086
dual_pivot_parallel_4,int,ORGAN_PIPE,1995262,4.21407
dual_pivot_parallel_4,int,ORGAN_PIPE,2511886,5.47978
dual_pivot_parallel_4,int,ORGAN_PIPE,3162277,6.92956
dual_pivot_parallel_4,int,ORGAN_PIPE,3981071,9.11485
dual_pivot_parallel_4,int,ORGAN_PIPE,5011872,11.23330
dual_pivot_parallel_4,int,ORGAN_PIPE,6309573,14.24610
dual_pivot_parallel_4,int,ORGAN_PIPE,7943282,18.17990
dual_pivot_parallel_4,int,ORGAN_PIPE,10000000,23.44600
dual_pivot_parallel_4,int,RANDOM,1000,0.01534
dual_pivot_parallel_4,int,RANDOM,1259,0.02532
dual_pivot_parallel_4,int,RANDOM,1585,0.03079
dual_pivot_parallel_4,int,RANDOM,1995,0.04732
dual_pivot_parallel_4,int,RANDOM,2512,0.09319
dual_pivot_parallel_4,int,RANDOM,3162,0.24561
dual_pivot_parallel_4,int,RANDOM,3981,0.17911
dual_pivot_parallel_4,int,RANDOM,5012,0.12967
dual_pivot_parallel_4,int,RANDOM,6310,0.22752
dual_pivot_parallel_4,int,RANDOM,7943,0.24742
dual_pivot_parallel_4,int,RANDOM,10000,0.58701
dual_pivot_parallel_4,int,RANDOM,12589,0.35223
dual_pivot_parallel_4,int,RANDOM,15849,0.45085
dual_pivot_parallel_4,int,RANDOM,19953,0.93551
dual_pivot_parallel_4,int,RANDOM,25119,1.42731
dual_pivot_parallel_4,int,RANDOM,31623,1.50787
dual_pivot_parallel_4,int,RANDOM,39811,1.48337
dual_pivot_parallel_4,int,RANDOM,50119,1.77358
dual_pivot_parallel_4,int,RANDOM,63096,2.85368
dual_pivot_parallel_4,int,RANDOM,79433,1.99477
dual_pivot_parallel_4,int,RANDOM,100000,1.92264
dual_pivot_parallel_4,int,RANDOM,125893,2.56413
dual_pivot_parallel_4,int,RANDOM,158489,2.76563
dual_pivot_parallel_4,int,RANDOM,199526,3.00931
dual_pivot_parallel_4,int,RANDOM,251189,3.85833
dual_pivot_parallel_4,int,RANDOM,316228,4.88435
dual_pivot_parallel_4,int,RANDOM,398107,5.59070
dual_pivot_parallel_4,int,RANDOM,501187,7.06219
dual_pivot_parallel_4,int,RANDOM,630957,8.29478
dual_pivot_parallel_4,int,RANDOM,794328,11.47890
dual_pivot_parallel_4,int,RANDOM,1000000,13.92200
dual_pivot_parallel_4,int,RANDOM,1258925,16.96260
dual_pivot_parallel_4,int,RANDOM,1584893,21.24740
dual_pivot_parallel_4,int,RANDOM,1995262,29.79030
dual_pivot_parallel_4,int,RANDOM,2511886,35.02030
dual_pivot_parallel_4,int,RANDOM,3162277,45.31390
dual_pivot_parallel_4,int,RANDOM,3981071,56.21710
dual_pivot_parallel_4,int,RANDOM,5011872,70.46500
dual_pivot_parallel_4,int,RANDOM,6309573,91.97470
dual_pivot_parallel_4,int,RANDOM,7943282,125.32800
dual_pivot_parallel_4,int,RANDOM,10000000,153.10700
dual_pivot_parallel_4,int,REVERSE_SORTED,1000,0.00069
dual_pivot_parallel_4,int,REVERSE_SORTED,1259,0.00195
dual_pivot_parallel_4,int,REVERSE_SORTED,1585,0.00106
dual_pivot_parallel_4,int,REVERSE_SORTED,1995,0.00101
dual_pivot_parallel_4,int,REVERSE_SORTED,2512,0.00117
dual_pivot_parallel_4,int,REVERSE_SORTED,3162,0.00455
dual_pivot_parallel_4,int,REVERSE_SORTED,3981,0.00438
dual_pivot_parallel_4,int,REVERSE_SORTED,5012,0.00731
dual_pivot_parallel_4,int,REVERSE_SORTED,6310,0.00777
dual_pivot_parallel_4,int,REVERSE_SORTED,7943,0.00442
dual_pivot_parallel_4,int,REVERSE_SORTED,10000,0.00439
dual_pivot_parallel_4,int,REVERSE_SORTED,12589,0.00921
dual_pivot_parallel_4,int,REVERSE_SORTED,15849,0.00930
dual_pivot_parallel_4,int,REVERSE_SORTED,19953,0.00819
dual_pivot_parallel_4,int,REVERSE_SORTED,25119,0.01037
dual_pivot_parallel_4,int,REVERSE_SORTED,31623,0.03344
dual_pivot_parallel_4,int,REVERSE_SORTED,39811,0.04242
dual_pivot_parallel_4,int,REVERSE_SORTED,50119,0.04714
dual_pivot_parallel_4,int,REVERSE_SORTED,63096,0.02599
dual_pivot_parallel_4,int,REVERSE_SORTED,79433,0.11275
dual_pivot_parallel_4,int,REVERSE_SORTED,100000,0.08613
dual_pivot_parallel_4,int,REVERSE_SORTED,125893,0.10092
dual_pivot_parallel_4,int,REVERSE_SORTED,158489,0.10917
dual_pivot_parallel_4,int,REVERSE_SORTED,199526,0.16155
dual_pivot_parallel_4,int,REVERSE_SORTED,251189,0.16327
dual_pivot_parallel_4,int,REVERSE_SORTED,316228,0.20377
dual_pivot_parallel_4,int,REVERSE_SORTED,398107,0.24782
dual_pivot_parallel_4,int,REVERSE_SORTED,501187,0.32212
dual_pivot_parallel_4,int,REVERSE_SORTED,630957,0.46376
dual_pivot_parallel_4,int,REVERSE_SORTED,794328,0.55448
dual_pivot_parallel_4,int,REVERSE_SORTED,1000000,0.69841
dual_pivot_parallel_4,int,REVERSE_SORTED,1258925,0.83869
dual_pivot_parallel_4,int,REVERSE_SORTED,1584893,1.11081
dual_pivot_parallel_4,int,REVERSE_SORTED,1995262,1.45869
dual_pivot_parallel_4,int,REVERSE_SORTED,2511886,1.89389
dual_pivot_parallel_4,int,REVERSE_SORTED,3162277,2.36365
dual_pivot_parallel_4,int,REVERSE_SORTED,3981071,3.02377
dual_pivot_parallel_4,int,REVERSE_SORTED,5011872,4.14457
dual_pivot_parallel_4,int,REVERSE_SORTED,6309573,5.15323
dual_pivot_parallel_4,int,REVERSE_SORTED,7943282,6.77141
dual_pivot_parallel_4,int,REVERSE_SORTED,10000000,8.85218
dual_pivot_parallel_4,int,SAWTOOTH,1000,0.00254
dual_pivot_parallel_4,int,SAWTOOTH,1259,0.00341
dual_pivot_parallel_4,int,SAWTOOTH,1585,0.00314
dual_pivot_parallel_4,int,SAWTOOTH,1995,0.00360
dual_pivot_parallel_4,int,SAWTOOTH,2512,0.00392
dual_pivot_parallel_4,int,SAWTOOTH,3162,0.00508
dual_pivot_parallel_4,int,SAWTOOTH,3981,0.00722
dual_pivot_parallel_4,int,SAWTOOTH,5012,0.00742
dual_pivot_parallel_4,int,SAWTOOTH,6310,0.00968
dual_pivot_parallel_4,int,SAWTOOTH,7943,0.01117
dual_pivot_parallel_4,int,SAWTOOTH,10000,0.01396
dual_pivot_parallel_4,int,SAWTOOTH,12589,0.01885
dual_pivot_parallel_4,int,SAWTOOTH,15849,0.02261
dual_pivot_parallel_4,int,SAWTOOTH,19953,0.03387
dual_pivot_parallel_4,int,SAWTOOTH,25119,0.04854
dual_pivot_parallel_4,int,SAWTOOTH,31623,0.06564
dual_pivot_parallel_4,int,SAWTOOTH,39811,0.08529
dual_pivot_parallel_4,int,SAWTOOTH,50119,0.10194
dual_pivot_parallel_4,int,SAWTOOTH,63096,0.12940
dual_pivot_parallel_4,int,SAWTOOTH,79433,0.16602
dual_pivot_parallel_4,int,SAWTOOTH,100000,0.22102
dual_pivot_parallel_4,int,SAWTOOTH,125893,0.25514
dual_pivot_parallel_4,int,SAWTOOTH,158489,0.30831
dual_pivot_parallel_4,int,SAWTOOTH,199526,0.36514
dual_pivot_parallel_4,int,SAWTOOTH,251189,0.44376
dual_pivot_parallel_4,int,SAWTOOTH,316228,0.54819
dual_pivot_parallel_4,int,SAWTOOTH,398107,0.71654
dual_pivot_parallel_4,int,SAWTOOTH,501187,0.88546
dual_pivot_parallel_4,int,SAWTOOTH,630957,1.01835
dual_pivot_parallel_4,int,SAWTOOTH,794328,1.27360
dual_pivot_parallel_4,int,SAWTOOTH,1000000,1.83120
dual_pivot_parallel_4,int,SAWTOOTH,1258925,2.09049
dual_pivot_parallel_4,int,SAWTOOTH,1584893,2.71624
dual_pivot_parallel_4,int,SAWTOOTH,1995262,3.93105
dual_pivot_parallel_4,int,SAWTOOTH,2511886,4.36246
dual_pivot_parallel_4,int,SAWTOOTH,3162277,5.39352
dual_pivot_parallel_4,int,SAWTOOTH,3981071,7.82007
dual_pivot_parallel_4,int,SAWTOOTH,5011872,10.84980
dual_pivot_parallel_4,int,SAWTOOTH,6309573,11.94010
dual_pivot_parallel_4,int,SAWTOOTH,7943282,16.38370
dual_pivot_parallel_4,int,SAWTOOTH,10000000,21.09770
dual_pivot_parallel_8,double,MANY_DUPLICATES_10,1000,0.01899
dual_pivot_parallel_8,double,MANY_DUPLICATES_10,1259,0.02284
dual_pivot_parallel_8,double,MANY_DUPLICATES_10,1585,0.03132
dual_pivot_parallel_8,double,MANY_DUPLICATES_10,1995,0.04497
dual_pivot_parallel_8,double,MANY_DUPLICATES_10,2512,0.06205
dual_pivot_parallel_8,double,MANY_DUPLICATES_10,3162,0.14134
dual_pivot_parallel_8,double,MANY_DUPLICATES_10,3981,0.12912
dual_pivot_parallel_8,double,MANY_DUPLICATES_10,5012,0.13710
dual_pivot_parallel_8,double,MANY_DUPLICATES_10,6310,0.16785
dual_pivot_parallel_8,double,MANY_DUPLICATES_10,7943,0.53617
dual_pivot_parallel_8,double,MANY_DUPLICATES_10,10000,0.38937
dual_pivot_parallel_8,double,MANY_DUPLICATES_10,12589,0.37755
dual_pivot_parallel_8,double,MANY_DUPLICATES_10,15849,0.49519
dual_pivot_parallel_8,double,MANY_DUPLICATES_10,19953,0.60227
dual_pivot_parallel_8,double,MANY_DUPLICATES_10,25119,0.87723
dual_pivot_parallel_8,double,MANY_DUPLICATES_10,31623,1.02492
dual_pivot_parallel_8,double,MANY_DUPLICATES_10,39811,1.26723
dual_pivot_parallel_8,double,MANY_DUPLICATES_10,50119,1.70889
dual_pivot_parallel_8,double,MANY_DUPLICATES_10,63096,2.18983
dual_pivot_parallel_8,double,MANY_DUPLICATES_10,79433,1.85007
dual_pivot_parallel_8,double,MANY_DUPLICATES_10,100000,2.52542
dual_pivot_parallel_8,double,MANY_DUPLICATES_10,125893,3.28087
dual_pivot_parallel_8,double,MANY_DUPLICATES_10,158489,2.49431
dual_pivot_parallel_8,double,MANY_DUPLICATES_10,199526,3.58738
dual_pivot_parallel_8,double,MANY_DUPLICATES_10,251189,3.68503
dual_pivot_parallel_8,double,MANY_DUPLICATES_10,316228,4.53781
dual_pivot_parallel_8,double,MANY_DUPLICATES_10,398107,5.39300
dual_pivot_parallel_8,double,MANY_DUPLICATES_10,501187,6.80144
dual_pivot_parallel_8,double,MANY_DUPLICATES_10,630957,7.58931
dual_pivot_parallel_8,double,MANY_DUPLICATES_10,794328,9.14310
dual_pivot_parallel_8,double,MANY_DUPLICATES_10,1000000,12.57060
dual_pivot_parallel_8,double,MANY_DUPLICATES_10,1258925,15.32990
dual_pivot_parallel_8,double,MANY_DUPLICATES_10,1584893,18.00600
dual_pivot_parallel_8,double,MANY_DUPLICATES_10,1995262,24.93470
dual_pivot_parallel_8,double,MANY_DUPLICATES_10,2511886,30.56340
dual_pivot_parallel_8,double,MANY_DUPLICATES_10,3162277,38.87620
dual_pivot_parallel_8,double,MANY_DUPLICATES_10,3981071,45.98210
dual_pivot_parallel_8,double,MANY_DUPLICATES_10,5011872,61.12950
dual_pivot_parallel_8,double,MANY_DUPLICATES_10,6309573,86.59080
dual_pivot_parallel_8,double,MANY_DUPLICATES_10,7943282,99.77440
dual_pivot_parallel_8,double,MANY_DUPLICATES_10,10000000,142.82600
dual_pivot_parallel_8,double,MANY_DUPLICATES_50,1000,0.01935
dual_pivot_parallel_8,double,MANY_DUPLICATES_50,1259,0.02372
dual_pivot_parallel_8,double,MANY_DUPLICATES_50,1585,0.05633
dual_pivot_parallel_8,double,MANY_DUPLICATES_50,1995,0.05000
dual_pivot_parallel_8,double,MANY_DUPLICATES_50,2512,0.07817
dual_pivot_parallel_8,double,MANY_DUPLICATES_50,3162,0.08394
dual_pivot_parallel_8,double,MANY_DUPLICATES_50,3981,0.13550
dual_pivot_parallel_8,double,MANY_DUPLICATES_50,5012,0.18284
dual_pivot_parallel_8,double,MANY_DUPLICATES_50,6310,0.17167
dual_pivot_parallel_8,double,MANY_DUPLICATES_50,7943,0.23076
dual_pivot_parallel_8,double,MANY_DUPLICATES_50,10000,0.29942
dual_pivot_parallel_8,double,MANY_DUPLICATES_50,12589,0.39227
dual_pivot_parallel_8,double,MANY_DUPLICATES_50,15849,0.50163
dual_pivot_parallel_8,double,MANY_DUPLICATES_50,19953,0.90748
dual_pivot_parallel_8,double,MANY_DUPLICATES_50,25119,0.82664
dual_pivot_parallel_8,double,MANY_DUPLICATES_50,31623,1.08159
dual_pivot_parallel_8,double,MANY_DUPLICATES_50,39811,2.16897
dual_pivot_parallel_8,double,MANY_DUPLICATES_50,50119,1.63133
dual_pivot_parallel_8,double,MANY_DUPLICATES_50,63096,2.16875
dual_pivot_parallel_8,double,MANY_DUPLICATES_50,79433,1.70135
dual_pivot_parallel_8,double,MANY_DUPLICATES_50,100000,2.51056
dual_pivot_parallel_8,double,MANY_DUPLICATES_50,125893,3.32521
dual_pivot_parallel_8,double,MANY_DUPLICATES_50,158489,2.52221
dual_pivot_parallel_8,double,MANY_DUPLICATES_50,199526,3.90139
dual_pivot_parallel_8,double,MANY_DUPLICATES_50,251189,3.89097
dual_pivot_parallel_8,double,MANY_DUPLICATES_50,316228,4.87937
dual_pivot_parallel_8,double,MANY_DUPLICATES_50,398107,5.71371
dual_pivot_parallel_8,double,MANY_DUPLICATES_50,501187,7.12424
dual_pivot_parallel_8,double,MANY_DUPLICATES_50,630957,8.12073
dual_pivot_parallel_8,double,MANY_DUPLICATES_50,794328,9.49289
dual_pivot_parallel_8,double,MANY_DUPLICATES_50,1000000,13.34570
dual_pivot_parallel_8,double,MANY_DUPLICATES_50,1258925,16.95740
dual_pivot_parallel_8,double,MANY_DUPLICATES_50,1584893,19.67220
dual_pivot_parallel_8,double,MANY_DUPLICATES_50,1995262,27.15670
dual_pivot_parallel_8,double,MANY_DUPLICATES_50,2511886,33.67080
dual_pivot_parallel_8,double,MANY_DUPLICATES_50,3162277,41.68710
dual_pivot_parallel_8,double,MANY_DUPLICATES_50,3981071,48.48720
dual_pivot_parallel_8,double,MANY_DUPLICATES_50,5011872,67.85450
dual_pivot_parallel_8,double,MANY_DUPLICATES_50,6309573,91.17690
dual_pivot_parallel_8,double,MANY_DUPLICATES_50,7943282,106.95300
dual_pivot_parallel_8,double,MANY_DUPLICATES_50,10000000,148.98800
dual_pivot_parallel_8,double,MANY_DUPLICATES_90,1000,0.01507
dual_pivot_parallel_8,double,MANY_DUPLICATES_90,1259,0.02587
dual_pivot_parallel_8,double,MANY_DUPLICATES_90,1585,0.03633
dual_pivot_parallel_8,double,MANY_DUPLICATES_90,1995,0.04699
dual_pivot_parallel_8,double,MANY_DUPLICATES_90,2512,0.05253
dual_pivot_parallel_8,double,MANY_DUPLICATES_90,3162,0.08396
dual_pivot_parallel_8,double,MANY_DUPLICATES_90,3981,0.10007
dual_pivot_parallel_8,double,MANY_DUPLICATES_90,5012,0.14435
dual_pivot_parallel_8,double,MANY_DUPLICATES_90,6310,0.16815
dual_pivot_parallel_8,double,MANY_DUPLICATES_90,7943,0.22249
dual_pivot_parallel_8,double,MANY_DUPLICATES_90,10000,0.31186
dual_pivot_parallel_8,double,MANY_DUPLICATES_90,12589,0.38729
dual_pivot_parallel_8,double,MANY_DUPLICATES_90,15849,0.48875
dual_pivot_parallel_8,double,MANY_DUPLICATES_90,19953,0.62659
dual_pivot_parallel_8,double,MANY_DUPLICATES_90,25119,0.80310
dual_pivot_parallel_8,double,MANY_DUPLICATES_90,31623,1.04199
dual_pivot_parallel_8,double,MANY_DUPLICATES_90,39811,1.31783
dual_pivot_parallel_8,double,MANY_DUPLICATES_90,50119,1.70350
dual_pivot_parallel_8,double,MANY_DUPLICATES_90,63096,2.18362
dual_pivot_parallel_8,double,MANY_DUPLICATES_90,79433,1.95055
dual_pivot_parallel_8,double,MANY_DUPLICATES_90,100000,2.68681
dual_pivot_parallel_8,double,MANY_DUPLICATES_90,125893,3.44700
dual_pivot_parallel_8,double,MANY_DUPLICATES_90,158489,2.73306
dual_pivot_parallel_8,double,MANY_DUPLICATES_90,199526,3.84256
dual_pivot_parallel_8,double,MANY_DUPLICATES_90,251189,3.89857
dual_pivot_parallel_8,double,MANY_DUPLICATES_90,316228,4.81872
dual_pivot_parallel_8,double,MANY_DUPLICATES_90,398107,6.17726
dual_pivot_parallel_8,double,MANY_DUPLICATES_90,501187,7.74895
dual_pivot_parallel_8,double,MANY_DUPLICATES_90,630957,9.20289
dual_pivot_parallel_8,double,MANY_DUPLICATES_90,794328,10.33400
dual_pivot_parallel_8,double,MANY_DUPLICATES_90,1000000,15.07020
dual_pivot_parallel_8,double,MANY_DUPLICATES_90,1258925,17.95360
dual_pivot_parallel_8,double,MANY_DUPLICATES_90,1584893,20.48530
dual_pivot_parallel_8,double,MANY_DUPLICATES_90,1995262,29.18480
dual_pivot_parallel_8,double,MANY_DUPLICATES_90,2511886,36.16930
dual_pivot_parallel_8,double,MANY_DUPLICATES_90,3162277,45.92480
dual_pivot_parallel_8,double,MANY_DUPLICATES_90,3981071,54.19650
dual_pivot_parallel_8,double,MANY_DUPLICATES_90,5011872,72.46530
dual_pivot_parallel_8,double,MANY_DUPLICATES_90,6309573,90.70850
dual_pivot_parallel_8,double,MANY_DUPLICATES_90,7943282,106.71100
dual_pivot_parallel_8,double,MANY_DUPLICATES_90,10000000,148.76200
dual_pivot_parallel_8,double,NEARLY_SORTED,1000,0.01419
dual_pivot_parallel_8,double,NEARLY_SORTED,1259,0.01325
dual_pivot_parallel_8,double,NEARLY_SORTED,1585,0.03070
dual_pivot_parallel_8,double,NEARLY_SORTED,1995,0.02346
dual_pivot_parallel_8,double,NEARLY_SORTED,2512,0.03155
dual_pivot_parallel_8,double,NEARLY_SORTED,3162,0.04581
dual_pivot_parallel_8,double,NEARLY_SORTED,3981,0.07529
dual_pivot_parallel_8,double,NEARLY_SORTED,5012,0.07968
dual_pivot_parallel_8,double,NEARLY_SORTED,6310,0.10220
dual_pivot_parallel_8,double,NEARLY_SORTED,7943,0.13071
dual_pivot_parallel_8,double,NEARLY_SORTED,10000,0.24699
dual_pivot_parallel_8,double,NEARLY_SORTED,12589,0.43269
dual_pivot_parallel_8,double,NEARLY_SORTED,15849,0.28055
dual_pivot_parallel_8,double,NEARLY_SORTED,19953,1.02348
dual_pivot_parallel_8,double,NEARLY_SORTED,25119,0.45767
dual_pivot_parallel_8,double,NEARLY_SORTED,31623,0.59106
dual_pivot_parallel_8,double,NEARLY_SORTED,39811,0.84905
dual_pivot_parallel_8,double,NEARLY_SORTED,50119,1.03349
dual_pivot_parallel_8,double,NEARLY_SORTED,63096,1.37005
dual_pivot_parallel_8,double,NEARLY_SORTED,79433,0.90346
dual_pivot_parallel_8,double,NEARLY_SORTED,100000,1.15096
dual_pivot_parallel_8,double,NEARLY_SORTED,125893,1.47347
dual_pivot_parallel_8,double,NEARLY_SORTED,158489,1.47816
dual_pivot_parallel_8,double,NEARLY_SORTED,199526,1.54763
dual_pivot_parallel_8,double,NEARLY_SORTED,251189,1.96929
dual_pivot_parallel_8,double,NEARLY_SORTED,316228,2.14543
dual_pivot_parallel_8,double,NEARLY_SORTED,398107,2.69118
dual_pivot_parallel_8,double,NEARLY_SORTED,501187,2.94497
dual_pivot_parallel_8,double,NEARLY_SORTED,630957,3.87024
dual_pivot_parallel_8,double,NEARLY_SORTED,794328,5.09325
dual_pivot_parallel_8,double,NEARLY_SORTED,1000000,6.43634
dual_pivot_parallel_8,double,NEARLY_SORTED,1258925,7.54703
dual_pivot_parallel_8,double,NEARLY_SORTED,1584893,9.19863
dual_pivot_parallel_8,double,NEARLY_SORTED,1995262,12.11550
dual_pivot_parallel_8,double,NEARLY_SORTED,2511886,15.44250
dual_pivot_parallel_8,double,NEARLY_SORTED,3162277,19.82110
dual_pivot_parallel_8,double,NEARLY_SORTED,3981071,23.50760
dual_pivot_parallel_8,double,NEARLY_SORTED,5011872,31.06360
dual_pivot_parallel_8,double,NEARLY_SORTED,6309573,39.92200
dual_pivot_parallel_8,double,NEARLY_SORTED,7943282,56.12990
dual_pivot_parallel_8,double,NEARLY_SORTED,10000000,72.13470
dual_pivot_parallel_8,double,ORGAN_PIPE,1000,0.00304
dual_pivot_parallel_8,double,ORGAN_PIPE,1259,0.00257
dual_pivot_parallel_8,double,ORGAN_PIPE,1585,0.00310
dual_pivot_parallel_8,double,ORGAN_PIPE,1995,0.00409
dual_pivot_parallel_8,double,ORGAN_PIPE,2512,0.00491
dual_pivot_parallel_8,double,ORGAN_PIPE,3162,0.00617
dual_pivot_parallel_8,double,ORGAN_PIPE,3981,0.00741
dual_pivot_parallel_8,double,ORGAN_PIPE,5012,0.01082
dual_pivot_parallel_8,double,ORGAN_PIPE,6310,0.01249
dual_pivot_parallel_8,double,ORGAN_PIPE,7943,0.01681
dual_pivot_parallel_8,double,ORGAN_PIPE,10000,0.02595
dual_pivot_parallel_8,double,ORGAN_PIPE,12589,0.03881
dual_pivot_parallel_8,double,ORGAN_PIPE,15849,0.05752
dual_pivot_parallel_8,double,ORGAN_PIPE,19953,0.06545
dual_pivot_parallel_8,double,ORGAN_PIPE,25119,0.08447
dual_pivot_parallel_8,double,ORGAN_PIPE,31623,0.10219
dual_pivot_parallel_8,double,ORGAN_PIPE,39811,0.13575
dual_pivot_parallel_8,double,ORGAN_PIPE,50119,0.16673
dual_pivot_parallel_8,double,ORGAN_PIPE,63096,0.20769
dual_pivot_parallel_8,double,ORGAN_PIPE,79433,0.39417
dual_pivot_parallel_8,double,ORGAN_PIPE,100000,0.47119
dual_pivot_parallel_8,double,ORGAN_PIPE,125893,0.57839
dual_pivot_parallel_8,double,ORGAN_PIPE,158489,0.58049
dual_pivot_parallel_8,double,ORGAN_PIPE,199526,0.73611
dual_pivot_parallel_8,double,ORGAN_PIPE,251189,0.87465
dual_pivot_parallel_8,double,ORGAN_PIPE,316228,1.06030
dual_pivot_parallel_8,double,ORGAN_PIPE,398107,1.29744
dual_pivot_parallel_8,double,ORGAN_PIPE,501187,1.66339
dual_pivot_parallel_8,double,ORGAN_PIPE,630957,2.02959
dual_pivot_parallel_8,double,ORGAN_PIPE,794328,2.47808
dual_pivot_parallel_8,double,ORGAN_PIPE,1000000,3.16734
dual_pivot_parallel_8,double,ORGAN_PIPE,1258925,3.94281
dual_pivot_parallel_8,double,ORGAN_PIPE,1584893,5.34433
dual_pivot_parallel_8,double,ORGAN_PIPE,1995262,6.22819
dual_pivot_parallel_8,double,ORGAN_PIPE,2511886,8.64752
dual_pivot_parallel_8,double,ORGAN_PIPE,3162277,10.78410
dual_pivot_parallel_8,double,ORGAN_PIPE,3981071,13.69530
dual_pivot_parallel_8,double,ORGAN_PIPE,5011872,18.26660
dual_pivot_parallel_8,double,ORGAN_PIPE,6309573,23.19190
dual_pivot_parallel_8,double,ORGAN_PIPE,7943282,30.35280
dual_pivot_parallel_8,double,ORGAN_PIPE,10000000,37.73230
dual_pivot_parallel_8,double,RANDOM,1000,0.01738
dual_pivot_parallel_8,double,RANDOM,1259,0.02395
dual_pivot_parallel_8,double,RANDOM,1585,0.03138
dual_pivot_parallel_8,double,RANDOM,1995,0.04360
dual_pivot_parallel_8,double,RANDOM,2512,0.10950
dual_pivot_parallel_8,double,RANDOM,3162,0.08101
dual_pivot_parallel_8,double,RANDOM,3981,0.10168
dual_pivot_parallel_8,double,RANDOM,5012,0.13913
dual_pivot_parallel_8,double,RANDOM,6310,0.17105
dual_pivot_parallel_8,double,RANDOM,7943,0.22367
dual_pivot_parallel_8,double,RANDOM,10000,0.51412
dual_pivot_parallel_8,double,RANDOM,12589,0.74417
dual_pivot_parallel_8,double,RANDOM,15849,0.48297
dual_pivot_parallel_8,double,RANDOM,19953,0.60519
dual_pivot_parallel_8,double,RANDOM,25119,0.84263
dual_pivot_parallel_8,double,RANDOM,31623,1.02875
dual_pivot_parallel_8,double,RANDOM,39811,1.61399
dual_pivot_parallel_8,double,RANDOM,50119,1.65190
dual_pivot_parallel_8,double,RANDOM,63096,2.19801
dual_pivot_parallel_8,double,RANDOM,79433,1.88182
dual_pivot_parallel_8,double,RANDOM,100000,2.50206
dual_pivot_parallel_8,double,RANDOM,125893,3.23313
dual_pivot_parallel_8,double,RANDOM,158489,2.52753
dual_pivot_parallel_8,double,RANDOM,199526,3.65012
dual_pivot_parallel_8,double,RANDOM,251189,3.70299
dual_pivot_parallel_8,double,RANDOM,316228,4.76975
dual_pivot_parallel_8,double,RANDOM,398107,5.54145
dual_pivot_parallel_8,double,RANDOM,501187,6.78956
dual_pivot_parallel_8,double,RANDOM,630957,7.64258
dual_pivot_parallel_8,double,RANDOM,794328,8.95280
dual_pivot_parallel_8,double,RANDOM,1000000,13.03960
dual_pivot_parallel_8,double,RANDOM,1258925,15.50790
dual_pivot_parallel_8,double,RANDOM,1584893,17.98750
dual_pivot_parallel_8,double,RANDOM,1995262,25.31490
dual_pivot_parallel_8,double,RANDOM,2511886,30.85510
dual_pivot_parallel_8,double,RANDOM,3162277,39.44900
dual_pivot_parallel_8,double,RANDOM,3981071,46.62160
dual_pivot_parallel_8,double,RANDOM,5011872,60.59380
dual_pivot_parallel_8,double,RANDOM,6309573,78.15450
dual_pivot_parallel_8,double,RANDOM,7943282,104.49400
dual_pivot_parallel_8,double,RANDOM,10000000,139.42300
dual_pivot_parallel_8,double,REVERSE_SORTED,1000,0.00181
dual_pivot_parallel_8,double,REVERSE_SORTED,1259,0.00281
dual_pivot_parallel_8,double,REVERSE_SORTED,1585,0.00193
dual_pivot_parallel_8,double,REVERSE_SORTED,1995,0.00239
dual_pivot_parallel_8,double,REVERSE_SORTED,2512,0.00318
dual_pivot_parallel_8,double,REVERSE_SORTED,3162,0.00351
dual_pivot_parallel_8,double,REVERSE_SORTED,3981,0.00453
dual_pivot_parallel_8,double,REVERSE_SORTED,5012,0.00635
dual_pivot_parallel_8,double,REVERSE_SORTED,6310,0.01260
dual_pivot_parallel_8,double,REVERSE_SORTED,7943,0.00912
dual_pivot_parallel_8,double,REVERSE_SORTED,10000,0.02262
dual_pivot_parallel_8,double,REVERSE_SORTED,12589,0.02542
dual_pivot_parallel_8,double,REVERSE_SORTED,15849,0.01763
dual_pivot_parallel_8,double,REVERSE_SORTED,19953,0.02289
dual_pivot_parallel_8,double,REVERSE_SORTED,25119,0.02797
dual_pivot_parallel_8,double,REVERSE_SORTED,31623,0.03514
dual_pivot_parallel_8,double,REVERSE_SORTED,39811,0.04397
dual_pivot_parallel_8,double,REVERSE_SORTED,50119,0.05746
dual_pivot_parallel_8,double,REVERSE_SORTED,63096,0.15377
dual_pivot_parallel_8,double,REVERSE_SORTED,79433,0.12466
dual_pivot_parallel_8,double,REVERSE_SORTED,100000,0.14897
dual_pivot_parallel_8,double,REVERSE_SORTED,125893,0.15958
dual_pivot_parallel_8,double,REVERSE_SORTED,158489,0.18149
dual_pivot_parallel_8,double,REVERSE_SORTED,199526,0.22503
dual_pivot_parallel_8,double,REVERSE_SORTED,251189,0.30204
dual_pivot_parallel_8,double,REVERSE_SORTED,316228,0.32498
dual_pivot_parallel_8,double,REVERSE_SORTED,398107,0.37587
dual_pivot_parallel_8,double,REVERSE_SORTED,501187,0.52572
dual_pivot_parallel_8,double,REVERSE_SORTED,630957,0.61296
dual_pivot_parallel_8,double,REVERSE_SORTED,794328,0.79344
dual_pivot_parallel_8,double,REVERSE_SORTED,1000000,0.99518
dual_pivot_parallel_8,double,REVERSE_SORTED,1258925,1.26577
dual_pivot_parallel_8,double,REVERSE_SORTED,1584893,1.59445
dual_pivot_parallel_8,double,REVERSE_SORTED,1995262,2.11343
dual_pivot_parallel_8,double,REVERSE_SORTED,2511886,2.72636
dual_pivot_parallel_8,double,REVERSE_SORTED,3162277,3.43558
dual_pivot_parallel_8,double,REVERSE_SORTED,3981071,4.50859
dual_pivot_parallel_8,double,REVERSE_SORTED,5011872,6.10479
dual_pivot_parallel_8,double,REVERSE_SORTED,6309573,7.75909
dual_pivot_parallel_8,double,REVERSE_SORTED,7943282,9.84096
dual_pivot_parallel_8,double,REVERSE_SORTED,10000000,13.17830
dual_pivot_parallel_8,double,SAWTOOTH,1000,0.00355
dual_pivot_parallel_8,double,SAWTOOTH,1259,0.00415
dual_pivot_parallel_8,double,SAWTOOTH,1585,0.00515
dual_pivot_parallel_8,double,SAWTOOTH,1995,0.00662
dual_pivot_parallel_8,double,SAWTOOTH,2512,0.00770
dual_pivot_parallel_8,double,SAWTOOTH,3162,0.00857
dual_pivot_parallel_8,double,SAWTOOTH,3981,0.01042
dual_pivot_parallel_8,double,SAWTOOTH,5012,0.01275
dual_pivot_parallel_8,double,SAWTOOTH,6310,0.01581
dual_pivot_parallel_8,double,SAWTOOTH,7943,0.02027
dual_pivot_parallel_8,double,SAWTOOTH,10000,0.03629
dual_pivot_parallel_8,double,SAWTOOTH,12589,0.05303
dual_pivot_parallel_8,double,SAWTOOTH,15849,0.06343
dual_pivot_parallel_8,double,SAWTOOTH,19953,0.08212
dual_pivot_parallel_8,double,SAWTOOTH,25119,0.09867
dual_pivot_parallel_8,double,SAWTOOTH,31623,0.12271
dual_pivot_parallel_8,double,SAWTOOTH,39811,0.15849
dual_pivot_parallel_8,double,SAWTOOTH,50119,0.19374
dual_pivot_parallel_8,double,SAWTOOTH,63096,0.24437
dual_pivot_parallel_8,double,SAWTOOTH,79433,0.26656
dual_pivot_parallel_8,double,SAWTOOTH,100000,0.34847
dual_pivot_parallel_8,double,SAWTOOTH,125893,0.38899
dual_pivot_parallel_8,double,SAWTOOTH,158489,0.50046
dual_pivot_parallel_8,double,SAWTOOTH,199526,0.66979
dual_pivot_parallel_8,double,SAWTOOTH,251189,0.80698
dual_pivot_parallel_8,double,SAWTOOTH,316228,0.90218
dual_pivot_parallel_8,double,SAWTOOTH,398107,1.15564
dual_pivot_parallel_8,double,SAWTOOTH,501187,1.44177
dual_pivot_parallel_8,double,SAWTOOTH,630957,1.75608
dual_pivot_parallel_8,double,SAWTOOTH,794328,2.02519
dual_pivot_parallel_8,double,SAWTOOTH,1000000,2.99899
dual_pivot_parallel_8,double,SAWTOOTH,1258925,3.51541
dual_pivot_parallel_8,double,SAWTOOTH,1584893,4.45752
dual_pivot_parallel_8,double,SAWTOOTH,1995262,6.25576
dual_pivot_parallel_8,double,SAWTOOTH,2511886,7.02976
dual_pivot_parallel_8,double,SAWTOOTH,3162277,8.45501
dual_pivot_parallel_8,double,SAWTOOTH,3981071,13.93350
dual_pivot_parallel_8,double,SAWTOOTH,5011872,16.68360
dual_pivot_parallel_8,double,SAWTOOTH,6309573,22.08760
dual_pivot_parallel_8,double,SAWTOOTH,7943282,27.06350
dual_pivot_parallel_8,double,SAWTOOTH,10000000,33.70350
dual_pivot_parallel_8,int,MANY_DUPLICATES_10,1000,0.01791
dual_pivot_parallel_8,int,MANY_DUPLICATES_10,1259,0.01518
dual_pivot_parallel_8,int,MANY_DUPLICATES_10,1585,0.02478
dual_pivot_parallel_8,int,MANY_DUPLICATES_10,1995,0.03545
dual_pivot_parallel_8,int,MANY_DUPLICATES_10,2512,0.04989
dual_pivot_parallel_8,int,MANY_DUPLICATES_10,3162,0.06868
dual_pivot_parallel_8,int,MANY_DUPLICATES_10,3981,0.10114
dual_pivot_parallel_8,int,MANY_DUPLICATES_10,5012,0.11997
dual_pivot_parallel_8,int,MANY_DUPLICATES_10,6310,0.15644
dual_pivot_parallel_8,int,MANY_DUPLICATES_10,7943,0.20066
dual_pivot_parallel_8,int,MANY_DUPLICATES_10,10000,0.25336
dual_pivot_parallel_8,int,MANY_DUPLICATES_10,12589,0.35432
dual_pivot_parallel_8,int,MANY_DUPLICATES_10,15849,0.46037
dual_pivot_parallel_8,int,MANY_DUPLICATES_10,19953,0.59451
dual_pivot_parallel_8,int,MANY_DUPLICATES_10,25119,1.15889
dual_pivot_parallel_8,int,MANY_DUPLICATES_10,31623,1.00728
dual_pivot_parallel_8,int,MANY_DUPLICATES_10,39811,1.25178
dual_pivot_parallel_8,int,MANY_DUPLICATES_10,50119,1.67561
dual_pivot_parallel_8,int,MANY_DUPLICATES_10,63096,2.06781
dual_pivot_parallel_8,int,MANY_DUPLICATES_10,79433,1.77909
dual_pivot_parallel_8,int,MANY_DUPLICATES_10,100000,2.43871
dual_pivot_parallel_8,int,MANY_DUPLICATES_10,125893,3.02322
dual_pivot_parallel_8,int,MANY_DUPLICATES_10,158489,3.03853
dual_pivot_parallel_8,int,MANY_DUPLICATES_10,199526,3.53154
dual_pivot_parallel_8,int,MANY_DUPLICATES_10,251189,3.72620
dual_pivot_parallel_8,int,MANY_DUPLICATES_10,316228,4.52793
dual_pivot_parallel_8,int,MANY_DUPLICATES_10,398107,5.25441
dual_pivot_parallel_8,int,MANY_DUPLICATES_10,501187,6.15956
dual_pivot_parallel_8,int,MANY_DUPLICATES_10,630957,7.49342
dual_pivot_parallel_8,int,MANY_DUPLICATES_10,794328,8.25791
dual_pivot_parallel_8,int,MANY_DUPLICATES_10,1000000,11.51740
dual_pivot_parallel_8,int,MANY_DUPLICATES_10,1258925,13.31000
dual_pivot_parallel_8,int,MANY_DUPLICATES_10,1584893,16.61910
dual_pivot_parallel_8,int,MANY_DUPLICATES_10,1995262,21.18810
dual_pivot_parallel_8,int,MANY_DUPLICATES_10,2511886,25.61520
dual_pivot_parallel_8,int,MANY_DUPLICATES_10,3162277,32.27690
dual_pivot_parallel_8,int,MANY_DUPLICATES_10,3981071,42.13280
dual_pivot_parallel_8,int,MANY_DUPLICATES_10,5011872,56.88220
dual_pivot_parallel_8,int,MANY_DUPLICATES_10,6309573,75.84190
dual_pivot_parallel_8,int,MANY_DUPLICATES_10,7943282,94.73830
dual_pivot_parallel_8,int,MANY_DUPLICATES_10,10000000,128.03700
dual_pivot_parallel_8,int,MANY_DUPLICATES_50,1000,0.02012
dual_pivot_parallel_8,int,MANY_DUPLICATES_50,1259,0.02258
dual_pivot_parallel_8,int,MANY_DUPLICATES_50,1585,0.03660
dual_pivot_parallel_8,int,MANY_DUPLICATES_50,1995,0.04249
dual_pivot_parallel_8,int,MANY_DUPLICATES_50,2512,0.06005
dual_pivot_parallel_8,int,MANY_DUPLICATES_50,3162,0.07466
dual_pivot_parallel_8,int,MANY_DUPLICATES_50,3981,0.09964
dual_pivot_parallel_8,int,MANY_DUPLICATES_50,5012,0.12917
dual_pivot_parallel_8,int,MANY_DUPLICATES_50,6310,0.16540
dual_pivot_parallel_8,int,MANY_DUPLICATES_50,7943,0.60332
dual_pivot_parallel_8,int,MANY_DUPLICATES_50,10000,0.27330
dual_pivot_parallel_8,int,MANY_DUPLICATES_50,12589,0.86653
dual_pivot_parallel_8,int,MANY_DUPLICATES_50,15849,0.61671
dual_pivot_parallel_8,int,MANY_DUPLICATES_50,19953,0.58129
dual_pivot_parallel_8,int,MANY_DUPLICATES_50,25119,1.14429
dual_pivot_parallel_8,int,MANY_DUPLICATES_50,31623,1.04089
dual_pivot_parallel_8,int,MANY_DUPLICATES_50,39811,1.91562
dual_pivot_parallel_8,int,MANY_DUPLICATES_50,50119,1.87598
dual_pivot_parallel_8,int,MANY_DUPLICATES_50,63096,2.04703
dual_pivot_parallel_8,int,MANY_DUPLICATES_50,79433,1.83842
dual_pivot_parallel_8,int,MANY_DUPLICATES_50,100000,2.31159
dual_pivot_parallel_8,int,MANY_DUPLICATES_50,125893,2.78856
dual_pivot_parallel_8,int,MANY_DUPLICATES_50,158489,3.19880
dual_pivot_parallel_8,int,MANY_DUPLICATES_50,199526,3.30518
dual_pivot_parallel_8,int,MANY_DUPLICATES_50,251189,3.55235
dual_pivot_parallel_8,int,MANY_DUPLICATES_50,316228,3.66481
dual_pivot_parallel_8,int,MANY_DUPLICATES_50,398107,5.48510
dual_pivot_parallel_8,int,MANY_DUPLICATES_50,501187,6.46382
dual_pivot_parallel_8,int,MANY_DUPLICATES_50,630957,7.00592
dual_pivot_parallel_8,int,MANY_DUPLICATES_50,794328,8.84618
dual_pivot_parallel_8,int,MANY_DUPLICATES_50,1000000,10.95820
dual_pivot_parallel_8,int,MANY_DUPLICATES_50,1258925,14.48810
dual_pivot_parallel_8,int,MANY_DUPLICATES_50,1584893,16.23280
dual_pivot_parallel_8,int,MANY_DUPLICATES_50,1995262,20.02470
dual_pivot_parallel_8,int,MANY_DUPLICATES_50,2511886,26.09020
dual_pivot_parallel_8,int,MANY_DUPLICATES_50,3162277,32.18090
dual_pivot_parallel_8,int,MANY_DUPLICATES_50,3981071,43.88510
dual_pivot_parallel_8,int,MANY_DUPLICATES_50,5011872,51.16140
dual_pivot_parallel_8,int,MANY_DUPLICATES_50,6309573,69.87490
dual_pivot_parallel_8,int,MANY_DUPLICATES_50,7943282,88.97560
dual_pivot_parallel_8,int,MANY_DUPLICATES_50,10000000,124.34900
dual_pivot_parallel_8,int,MANY_DUPLICATES_90,1000,0.02296
dual_pivot_parallel_8,int,MANY_DUPLICATES_90,1259,0.02312
dual_pivot_parallel_8,int,MANY_DUPLICATES_90,1585,0.03157
dual_pivot_parallel_8,int,MANY_DUPLICATES_90,1995,0.04042
dual_pivot_parallel_8,int,MANY_DUPLICATES_90,2512,0.06260
dual_pivot_parallel_8,int,MANY_DUPLICATES_90,3162,0.07806
dual_pivot_parallel_8,int,MANY_DUPLICATES_90,3981,0.09149
dual_pivot_parallel_8,int,MANY_DUPLICATES_90,5012,0.12211
dual_pivot_parallel_8,int,MANY_DUPLICATES_90,6310,0.16285
dual_pivot_parallel_8,int,MANY_DUPLICATES_90,7943,0.21191
dual_pivot_parallel_8,int,MANY_DUPLICATES_90,10000,0.48731
dual_pivot_parallel_8,int,MANY_DUPLICATES_90,12589,0.57074
dual_pivot_parallel_8,int,MANY_DUPLICATES_90,15849,0.99963
dual_pivot_parallel_8,int,MANY_DUPLICATES_90,19953,0.56951
dual_pivot_parallel_8,int,MANY_DUPLICATES_90,25119,0.78294
dual_pivot_parallel_8,int,MANY_DUPLICATES_90,31623,1.01677
dual_pivot_parallel_8,int,MANY_DUPLICATES_90,39811,1.25721
dual_pivot_parallel_8,int,MANY_DUPLICATES_90,50119,1.63149
dual_pivot_parallel_8,int,MANY_DUPLICATES_90,63096,2.07040
dual_pivot_parallel_8,int,MANY_DUPLICATES_90,79433,1.80304
dual_pivot_parallel_8,int,MANY_DUPLICATES_90,100000,2.72883
dual_pivot_parallel_8,int,MANY_DUPLICATES_90,125893,2.25225
dual_pivot_parallel_8,int,MANY_DUPLICATES_90,158489,2.79630
dual_pivot_parallel_8,int,MANY_DUPLICATES_90,199526,3.42738
dual_pivot_parallel_8,int,MANY_DUPLICATES_90,251189,3.48773
dual_pivot_parallel_8,int,MANY_DUPLICATES_90,316228,4.36900
dual_pivot_parallel_8,int,MANY_DUPLICATES_90,398107,4.92487
dual_pivot_parallel_8,int,MANY_DUPLICATES_90,501187,5.83602
dual_pivot_parallel_8,int,MANY_DUPLICATES_90,630957,7.50333
dual_pivot_parallel_8,int,MANY_DUPLICATES_90,794328,9.36396
dual_pivot_parallel_8,int,MANY_DUPLICATES_90,1000000,10.65340
dual_pivot_parallel_8,int,MANY_DUPLICATES_90,1258925,13.56910
dual_pivot_parallel_8,int,MANY_DUPLICATES_90,1584893,17.29590
dual_pivot_parallel_8,int,MANY_DUPLICATES_90,1995262,21.53970
dual_pivot_parallel_8,int,MANY_DUPLICATES_90,2511886,25.25110
dual_pivot_parallel_8,int,MANY_DUPLICATES_90,3162277,34.76340
dual_pivot_parallel_8,int,MANY_DUPLICATES_90,3981071,43.40690
dual_pivot_parallel_8,int,MANY_DUPLICATES_90,5011872,55.68190
dual_pivot_parallel_8,int,MANY_DUPLICATES_90,6309573,66.14700
dual_pivot_parallel_8,int,MANY_DUPLICATES_90,7943282,94.09160
dual_pivot_parallel_8,int,MANY_DUPLICATES_90,10000000,121.45600
dual_pivot_parallel_8,int,NEARLY_SORTED,1000,0.01273
dual_pivot_parallel_8,int,NEARLY_SORTED,1259,0.02637
dual_pivot_parallel_8,int,NEARLY_SORTED,1585,0.03317
dual_pivot_parallel_8,int,NEARLY_SORTED,1995,0.02130
dual_pivot_parallel_8,int,NEARLY_SORTED,2512,0.03198
dual_pivot_parallel_8,int,NEARLY_SORTED,3162,0.04149
dual_pivot_parallel_8,int,NEARLY_SORTED,3981,0.05452
dual_pivot_parallel_8,int,NEARLY_SORTED,5012,0.07428
dual_pivot_parallel_8,int,NEARLY_SORTED,6310,0.10398
dual_pivot_parallel_8,int,NEARLY_SORTED,7943,0.32390
dual_pivot_parallel_8,int,NEARLY_SORTED,10000,0.15314
dual_pivot_parallel_8,int,NEARLY_SORTED,12589,0.34442
dual_pivot_parallel_8,int,NEARLY_SORTED,15849,0.26932
dual_pivot_parallel_8,int,NEARLY_SORTED,19953,0.36214
dual_pivot_parallel_8,int,NEARLY_SORTED,25119,0.41837
dual_pivot_parallel_8,int,NEARLY_SORTED,31623,0.53782
dual_pivot_parallel_8,int,NEARLY_SORTED,39811,0.73131
dual_pivot_parallel_8,int,NEARLY_SORTED,50119,0.91680
dual_pivot_parallel_8,int,NEARLY_SORTED,63096,2.54046
dual_pivot_parallel_8,int,NEARLY_SORTED,79433,0.82310
dual_pivot_parallel_8,int,NEARLY_SORTED,100000,1.03434
dual_pivot_parallel_8,int,NEARLY_SORTED,125893,1.34038
dual_pivot_parallel_8,int,NEARLY_SORTED,158489,1.38396
dual_pivot_parallel_8,int,NEARLY_SORTED,199526,1.44244
dual_pivot_parallel_8,int,NEARLY_SORTED,251189,1.85940
dual_pivot_parallel_8,int,NEARLY_SORTED,316228,1.97198
dual_pivot_parallel_8,int,NEARLY_SORTED,398107,2.55146
dual_pivot_parallel_8,int,NEARLY_SORTED,501187,2.70018
dual_pivot_parallel_8,int,NEARLY_SORTED,630957,3.55451
dual_pivot_parallel_8,int,NEARLY_SORTED,794328,4.28340
dual_pivot_parallel_8,int,NEARLY_SORTED,1000000,5.45949
dual_pivot_parallel_8,int,NEARLY_SORTED,1258925,6.63664
dual_pivot_parallel_8,int,NEARLY_SORTED,1584893,8.14105
dual_pivot_parallel_8,int,NEARLY_SORTED,1995262,10.67690
dual_pivot_parallel_8,int,NEARLY_SORTED,2511886,13.59060
dual_pivot_parallel_8,int,NEARLY_SORTED,3162277,17.51800
dual_pivot_parallel_8,int,NEARLY_SORTED,3981071,21.16900
dual_pivot_parallel_8,int,NEARLY_SORTED,5011872,28.70700
dual_pivot_parallel_8,int,NEARLY_SORTED,6309573,35.74790
dual_pivot_parallel_8,int,NEARLY_SORTED,7943282,44.85730
dual_pivot_parallel_8,int,NEARLY_SORTED,10000000,58.44570
dual_pivot_parallel_8,int,ORGAN_PIPE,1000,0.00189
dual_pivot_parallel_8,int,ORGAN_PIPE,1259,0.00184
dual_pivot_parallel_8,int,ORGAN_PIPE,1585,0.00218
dual_pivot_parallel_8,int,ORGAN_PIPE,1995,0.00366
dual_pivot_parallel_8,int,ORGAN_PIPE,2512,0.00496
dual_pivot_parallel_8,int,ORGAN_PIPE,3162,0.00585
dual_pivot_parallel_8,int,ORGAN_PIPE,3981,0.01221
dual_pivot_parallel_8,int,ORGAN_PIPE,5012,0.00935
dual_pivot_parallel_8,int,ORGAN_PIPE,6310,0.01050
dual_pivot_parallel_8,int,ORGAN_PIPE,7943,0.01562
dual_pivot_parallel_8,int,ORGAN_PIPE,10000,0.01768
dual_pivot_parallel_8,int,ORGAN_PIPE,12589,0.01145
dual_pivot_parallel_8,int,ORGAN_PIPE,15849,0.01368
dual_pivot_parallel_8,int,ORGAN_PIPE,19953,0.02642
dual_pivot_parallel_8,int,ORGAN_PIPE,25119,0.04646
dual_pivot_parallel_8,int,ORGAN_PIPE,31623,0.06798
dual_pivot_parallel_8,int,ORGAN_PIPE,39811,0.16218
dual_pivot_parallel_8,int,ORGAN_PIPE,50119,0.17976
dual_pivot_parallel_8,int,ORGAN_PIPE,63096,0.17557
dual_pivot_parallel_8,int,ORGAN_PIPE,79433,0.29532
dual_pivot_parallel_8,int,ORGAN_PIPE,100000,0.33972
dual_pivot_parallel_8,int,ORGAN_PIPE,125893,0.46482
dual_pivot_parallel_8,int,ORGAN_PIPE,158489,0.45575
dual_pivot_parallel_8,int,ORGAN_PIPE,199526,0.57725
dual_pivot_parallel_8,int,ORGAN_PIPE,251189,0.66510
dual_pivot_parallel_8,int,ORGAN_PIPE,316228,0.78432
dual_pivot_parallel_8,int,ORGAN_PIPE,398107,0.91382
dual_pivot_parallel_8,int,ORGAN_PIPE,501187,1.15278
dual_pivot_parallel_8,int,ORGAN_PIPE,630957,1.48293
dual_pivot_parallel_8,int,ORGAN_PIPE,794328,1.69954
dual_pivot_parallel_8,int,ORGAN_PIPE,1000000,2.12837
dual_pivot_parallel_8,int,ORGAN_PIPE,1258925,2.92153
dual_pivot_parallel_8,int,ORGAN_PIPE,1584893,3.16774
dual_pivot_parallel_8,int,ORGAN_PIPE,1995262,3.99904
dual_pivot_parallel_8,int,ORGAN_PIPE,2511886,5.04067
dual_pivot_parallel_8,int,ORGAN_PIPE,3162277,6.45501
dual_pivot_parallel_8,int,ORGAN_PIPE,3981071,8.17884
dual_pivot_parallel_8,int,ORGAN_PIPE,5011872,10.39870
dual_pivot_parallel_8,int,ORGAN_PIPE,6309573,13.35720
dual_pivot_parallel_8,int,ORGAN_PIPE,7943282,16.99220
dual_pivot_parallel_8,int,ORGAN_PIPE,10000000,21.56030
dual_pivot_parallel_8,int,RANDOM,1000,0.01906
dual_pivot_parallel_8,int,RANDOM,1259,0.03641
dual_pivot_parallel_8,int,RANDOM,1585,0.08622
dual_pivot_parallel_8,int,RANDOM,1995,0.04660
dual_pivot_parallel_8,int,RANDOM,2512,0.05864
dual_pivot_parallel_8,int,RANDOM,3162,0.07349
dual_pivot_parallel_8,int,RANDOM,3981,0.11114
dual_pivot_parallel_8,int,RANDOM,5012,0.33770
dual_pivot_parallel_8,int,RANDOM,6310,0.44617
dual_pivot_parallel_8,int,RANDOM,7943,0.20394
dual_pivot_parallel_8,int,RANDOM,10000,0.27932
dual_pivot_parallel_8,int,RANDOM,12589,0.68600
dual_pivot_parallel_8,int,RANDOM,15849,0.45487
dual_pivot_parallel_8,int,RANDOM,19953,0.59139
dual_pivot_parallel_8,int,RANDOM,25119,0.76444
dual_pivot_parallel_8,int,RANDOM,31623,1.04405
dual_pivot_parallel_8,int,RANDOM,39811,1.58160
dual_pivot_parallel_8,int,RANDOM,50119,1.57967
dual_pivot_parallel_8,int,RANDOM,63096,2.01885
dual_pivot_parallel_8,int,RANDOM,79433,2.24204
dual_pivot_parallel_8,int,RANDOM,100000,2.18642
dual_pivot_parallel_8,int,RANDOM,125893,3.00346
dual_pivot_parallel_8,int,RANDOM,158489,3.17303
dual_pivot_parallel_8,int,RANDOM,199526,2.94353
dual_pivot_parallel_8,int,RANDOM,251189,3.57911
dual_pivot_parallel_8,int,RANDOM,316228,4.28990
dual_pivot_parallel_8,int,RANDOM,398107,4.86016
dual_pivot_parallel_8,int,RANDOM,501187,5.44306
dual_pivot_parallel_8,int,RANDOM,630957,7.51103
dual_pivot_parallel_8,int,RANDOM,794328,8.40145
dual_pivot_parallel_8,int,RANDOM,1000000,11.57670
dual_pivot_parallel_8,int,RANDOM,1258925,13.26380
dual_pivot_parallel_8,int,RANDOM,1584893,16.87620
dual_pivot_parallel_8,int,RANDOM,1995262,22.33530
dual_pivot_parallel_8,int,RANDOM,2511886,26.60570
dual_pivot_parallel_8,int,RANDOM,3162277,34.03700
dual_pivot_parallel_8,int,RANDOM,3981071,39.79130
dual_pivot_parallel_8,int,RANDOM,5011872,54.88630
dual_pivot_parallel_8,int,RANDOM,6309573,69.65500
dual_pivot_parallel_8,int,RANDOM,7943282,99.21860
dual_pivot_parallel_8,int,RANDOM,10000000,121.26700
dual_pivot_parallel_8,int,REVERSE_SORTED,1000,0.00079
dual_pivot_parallel_8,int,REVERSE_SORTED,1259,0.00069
dual_pivot_parallel_8,int,REVERSE_SORTED,1585,0.00130
dual_pivot_parallel_8,int,REVERSE_SORTED,1995,0.00252
dual_pivot_parallel_8,int,REVERSE_SORTED,2512,0.00118
dual_pivot_parallel_8,int,REVERSE_SORTED,3162,0.00141
dual_pivot_parallel_8,int,REVERSE_SORTED,3981,0.00361
dual_pivot_parallel_8,int,REVERSE_SORTED,5012,0.00220
dual_pivot_parallel_8,int,REVERSE_SORTED,6310,0.00271
dual_pivot_parallel_8,int,REVERSE_SORTED,7943,0.00333
dual_pivot_parallel_8,int,REVERSE_SORTED,10000,0.00434
dual_pivot_parallel_8,int,REVERSE_SORTED,12589,0.00531
dual_pivot_parallel_8,int,REVERSE_SORTED,15849,0.00702
dual_pivot_parallel_8,int,REVERSE_SORTED,19953,0.00817
dual_pivot_parallel_8,int,REVERSE_SORTED,25119,0.01130
dual_pivot_parallel_8,int,REVERSE_SORTED,31623,0.01931
dual_pivot_parallel_8,int,REVERSE_SORTED,39811,0.01778
dual_pivot_parallel_8,int,REVERSE_SORTED,50119,0.02064
dual_pivot_parallel_8,int,REVERSE_SORTED,63096,0.02525
dual_pivot_parallel_8,int,REVERSE_SORTED,79433,0.09286
dual_pivot_parallel_8,int,REVERSE_SORTED,100000,0.09692
dual_pivot_parallel_8,int,REVERSE_SORTED,125893,0.12915
dual_pivot_parallel_8,int,REVERSE_SORTED,158489,0.16914
dual_pivot_parallel_8,int,REVERSE_SORTED,199526,0.16567
dual_pivot_parallel_8,int,REVERSE_SORTED,251189,0.18357
dual_pivot_parallel_8,int,REVERSE_SORTED,316228,0.24090
dual_pivot_parallel_8,int,REVERSE_SORTED,398107,0.28036
dual_pivot_parallel_8,int,REVERSE_SORTED,501187,0.36009
dual_pivot_parallel_8,int,REVERSE_SORTED,630957,0.46578
dual_pivot_parallel_8,int,REVERSE_SORTED,794328,0.58503
dual_pivot_parallel_8,int,REVERSE_SORTED,1000000,0.83793
dual_pivot_parallel_8,int,REVERSE_SORTED,1258925,0.88410
dual_pivot_parallel_8,int,REVERSE_SORTED,1584893,1.12705
dual_pivot_parallel_8,int,REVERSE_SORTED,1995262,1.51185
dual_pivot_parallel_8,int,REVERSE_SORTED,2511886,1.82903
dual_pivot_parallel_8,int,REVERSE_SORTED,3162277,2.27917
dual_pivot_parallel_8,int,REVERSE_SORTED,3981071,3.05460
dual_pivot_parallel_8,int,REVERSE_SORTED,5011872,3.98517
dual_pivot_parallel_8,int,REVERSE_SORTED,6309573,5.02373
dual_pivot_parallel_8,int,REVERSE_SORTED,7943282,6.60158
dual_pivot_parallel_8,int,REVERSE_SORTED,10000000,8.22718
dual_pivot_parallel_8,int,SAWTOOTH,1000,0.00310
dual_pivot_parallel_8,int,SAWTOOTH,1259,0.00377
dual_pivot_parallel_8,int,SAWTOOTH,1585,0.00379
dual_pivot_parallel_8,int,SAWTOOTH,1995,0.00860
dual_pivot_parallel_8,int,SAWTOOTH,2512,0.00428
dual_pivot_parallel_8,int,SAWTOOTH,3162,0.00480
dual_pivot_parallel_8,int,SAWTOOTH,3981,0.01305
dual_pivot_parallel_8,int,SAWTOOTH,5012,0.02145
dual_pivot_parallel_8,int,SAWTOOTH,6310,0.01441
dual_pivot_parallel_8,int,SAWTOOTH,7943,0.01883
dual_pivot_parallel_8,int,SAWTOOTH,10000,0.02322
dual_pivot_parallel_8,int,SAWTOOTH,12589,0.02986
dual_pivot_parallel_8,int,SAWTOOTH,15849,0.02130
dual_pivot_parallel_8,int,SAWTOOTH,19953,0.10477
dual_pivot_parallel_8,int,SAWTOOTH,25119,0.05530
dual_pivot_parallel_8,int,SAWTOOTH,31623,0.07405
dual_pivot_parallel_8,int,SAWTOOTH,39811,0.12782
dual_pivot_parallel_8,int,SAWTOOTH,50119,0.28125
dual_pivot_parallel_8,int,SAWTOOTH,63096,0.26742
dual_pivot_parallel_8,int,SAWTOOTH,79433,0.18409
dual_pivot_parallel_8,int,SAWTOOTH,100000,0.23353
dual_pivot_parallel_8,int,SAWTOOTH,125893,0.27141
dual_pivot_parallel_8,int,SAWTOOTH,158489,0.33581
dual_pivot_parallel_8,int,SAWTOOTH,199526,0.38567
dual_pivot_parallel_8,int,SAWTOOTH,251189,0.53863
dual_pivot_parallel_8,int,SAWTOOTH,316228,0.57679
dual_pivot_parallel_8,int,SAWTOOTH,398107,0.71926
dual_pivot_parallel_8,int,SAWTOOTH,501187,0.95347
dual_pivot_parallel_8,int,SAWTOOTH,630957,1.06350
dual_pivot_parallel_8,int,SAWTOOTH,794328,1.28538
dual_pivot_parallel_8,int,SAWTOOTH,1000000,1.90543
dual_pivot_parallel_8,int,SAWTOOTH,1258925,1.96217
dual_pivot_parallel_8,int,SAWTOOTH,1584893,2.51857
dual_pivot_parallel_8,int,SAWTOOTH,1995262,3.48750
dual_pivot_parallel_8,int,SAWTOOTH,2511886,3.78935
dual_pivot_parallel_8,int,SAWTOOTH,3162277,4.65123
dual_pivot_parallel_8,int,SAWTOOTH,3981071,7.22980
dual_pivot_parallel_8,int,SAWTOOTH,5011872,8.75728
dual_pivot_parallel_8,int,SAWTOOTH,6309573,10.59670
dual_pivot_parallel_8,int,SAWTOOTH,7943282,14.08990
dual_pivot_parallel_8,int,SAWTOOTH,10000000,18.52410
dual_pivot_sequential,double,MANY_DUPLICATES_10,1000,0.01667
dual_pivot_sequential,double,MANY_DUPLICATES_10,1259,0.02297
dual_pivot_sequential,double,MANY_DUPLICATES_10,1585,0.03260
dual_pivot_sequential,double,MANY_DUPLICATES_10,1995,0.04388
dual_pivot_sequential,double,MANY_DUPLICATES_10,2512,0.06148
dual_pivot_sequential,double,MANY_DUPLICATES_10,3162,0.08106
dual_pivot_sequential,double,MANY_DUPLICATES_10,3981,0.11500
dual_pivot_sequential,double,MANY_DUPLICATES_10,5012,0.13545
dual_pivot_sequential,double,MANY_DUPLICATES_10,6310,0.16781
dual_pivot_sequential,double,MANY_DUPLICATES_10,7943,0.22049
dual_pivot_sequential,double,MANY_DUPLICATES_10,10000,0.30004
dual_pivot_sequential,double,MANY_DUPLICATES_10,12589,0.36660
dual_pivot_sequential,double,MANY_DUPLICATES_10,15849,0.50751
dual_pivot_sequential,double,MANY_DUPLICATES_10,19953,0.60504
dual_pivot_sequential,double,MANY_DUPLICATES_10,25119,0.80732
dual_pivot_sequential,double,MANY_DUPLICATES_10,31623,1.05103
dual_pivot_sequential,double,MANY_DUPLICATES_10,39811,1.25745
dual_pivot_sequential,double,MANY_DUPLICATES_10,50119,1.66525
dual_pivot_sequential,double,MANY_DUPLICATES_10,63096,2.22255
dual_pivot_sequential,double,MANY_DUPLICATES_10,79433,2.79709
dual_pivot_sequential,double,MANY_DUPLICATES_10,100000,3.61227
dual_pivot_sequential,double,MANY_DUPLICATES_10,125893,4.70416
dual_pivot_sequential,double,MANY_DUPLICATES_10,158489,5.81500
dual_pivot_sequential,double,MANY_DUPLICATES_10,199526,7.52820
dual_pivot_sequential,double,MANY_DUPLICATES_10,251189,9.75935
dual_pivot_sequential,double,MANY_DUPLICATES_10,316228,12.50390
dual_pivot_sequential,double,MANY_DUPLICATES_10,398107,16.06950
dual_pivot_sequential,double,MANY_DUPLICATES_10,501187,20.34830
dual_pivot_sequential,double,MANY_DUPLICATES_10,630957,26.14990
dual_pivot_sequential,double,MANY_DUPLICATES_10,794328,33.60130
dual_pivot_sequential,double,MANY_DUPLICATES_10,1000000,43.14450
dual_pivot_sequential,double,MANY_DUPLICATES_10,1258925,55.27090
dual_pivot_sequential,double,MANY_DUPLICATES_10,1584893,69.98770
dual_pivot_sequential,double,MANY_DUPLICATES_10,1995262,92.83090
dual_pivot_sequential,double,MANY_DUPLICATES_10,2511886,119.35000
dual_pivot_sequential,double,MANY_DUPLICATES_10,3162277,151.88300
dual_pivot_sequential,double,MANY_DUPLICATES_10,3981071,193.99700
dual_pivot_sequential,double,MANY_DUPLICATES_10,5011872,245.31100
dual_pivot_sequential,double,MANY_DUPLICATES_10,6309573,317.10500
dual_pivot_sequential,double,MANY_DUPLICATES_10,7943282,397.77100
dual_pivot_sequential,double,MANY_DUPLICATES_10,10000000,507.93600
dual_pivot_sequential,double,MANY_DUPLICATES_50,1000,0.01607
dual_pivot_sequential,double,MANY_DUPLICATES_50,1259,0.02279
dual_pivot_sequential,double,MANY_DUPLICATES_50,1585,0.03183
dual_pivot_sequential,double,MANY_DUPLICATES_50,1995,0.04418
dual_pivot_sequential,double,MANY_DUPLICATES_50,2512,0.05821
dual_pivot_sequential,double,MANY_DUPLICATES_50,3162,0.08191
dual_pivot_sequential,double,MANY_DUPLICATES_50,3981,0.08822
dual_pivot_sequential,double,MANY_DUPLICATES_50,5012,0.13297
dual_pivot_sequential,double,MANY_DUPLICATES_50,6310,0.16699
dual_pivot_sequential,double,MANY_DUPLICATES_50,7943,0.22171
dual_pivot_sequential,double,MANY_DUPLICATES_50,10000,0.30099
dual_pivot_sequential,double,MANY_DUPLICATES_50,12589,0.36207
dual_pivot_sequential,double,MANY_DUPLICATES_50,15849,0.49455
dual_pivot_sequential,double,MANY_DUPLICATES_50,19953,0.71697
dual_pivot_sequential,double,MANY_DUPLICATES_50,25119,0.80105
dual_pivot_sequential,double,MANY_DUPLICATES_50,31623,1.01284
dual_pivot_sequential,double,MANY_DUPLICATES_50,39811,1.31044
dual_pivot_sequential,double,MANY_DUPLICATES_50,50119,1.67238
dual_pivot_sequential,double,MANY_DUPLICATES_50,63096,2.60851
dual_pivot_sequential,double,MANY_DUPLICATES_50,79433,2.81997
dual_pivot_sequential,double,MANY_DUPLICATES_50,100000,3.80871
dual_pivot_sequential,double,MANY_DUPLICATES_50,125893,4.71025
dual_pivot_sequential,double,MANY_DUPLICATES_50,158489,5.82059
dual_pivot_sequential,double,MANY_DUPLICATES_50,199526,7.50610
dual_pivot_sequential,double,MANY_DUPLICATES_50,251189,9.86072
dual_pivot_sequential,double,MANY_DUPLICATES_50,316228,12.62320
dual_pivot_sequential,double,MANY_DUPLICATES_50,398107,16.05460
dual_pivot_sequential,double,MANY_DUPLICATES_50,501187,20.38080
dual_pivot_sequential,double,MANY_DUPLICATES_50,630957,25.93170
dual_pivot_sequential,double,MANY_DUPLICATES_50,794328,33.30010
dual_pivot_sequential,double,MANY_DUPLICATES_50,1000000,42.86220
dual_pivot_sequential,double,MANY_DUPLICATES_50,1258925,55.44970
dual_pivot_sequential,double,MANY_DUPLICATES_50,1584893,69.38000
dual_pivot_sequential,double,MANY_DUPLICATES_50,1995262,93.45390
dual_pivot_sequential,double,MANY_DUPLICATES_50,2511886,118.82300
dual_pivot_sequential,double,MANY_DUPLICATES_50,3162277,151.48300
dual_pivot_sequential,double,MANY_DUPLICATES_50,3981071,191.30000
dual_pivot_sequential,double,MANY_DUPLICATES_50,5011872,242.36000
dual_pivot_sequential,double,MANY_DUPLICATES_50,6309573,315.53800
dual_pivot_sequential,double,MANY_DUPLICATES_50,7943282,394.41800
dual_pivot_sequential,double,MANY_DUPLICATES_50,10000000,508.67900
dual_pivot_sequential,double,MANY_DUPLICATES_90,1000,0.01681
dual_pivot_sequential,double,MANY_DUPLICATES_90,1259,0.02201
dual_pivot_sequential,double,MANY_DUPLICATES_90,1585,0.03196
dual_pivot_sequential,double,MANY_DUPLICATES_90,1995,0.04381
dual_pivot_sequential,double,MANY_DUPLICATES_90,2512,0.05833
dual_pivot_sequential,double,MANY_DUPLICATES_90,3162,0.07719
dual_pivot_sequential,double,MANY_DUPLICATES_90,3981,0.09853
dual_pivot_sequential,double,MANY_DUPLICATES_90,5012,0.13540
dual_pivot_sequential,double,MANY_DUPLICATES_90,6310,0.18664
dual_pivot_sequential,double,MANY_DUPLICATES_90,7943,0.22069
dual_pivot_sequential,double,MANY_DUPLICATES_90,10000,0.33290
dual_pivot_sequential,double,MANY_DUPLICATES_90,12589,0.39764
dual_pivot_sequential,double,MANY_DUPLICATES_90,15849,0.47607
dual_pivot_sequential,double,MANY_DUPLICATES_90,19953,0.60249
dual_pivot_sequential,double,MANY_DUPLICATES_90,25119,0.79277
dual_pivot_sequential,double,MANY_DUPLICATES_90,31623,1.03878
dual_pivot_sequential,double,MANY_DUPLICATES_90,39811,1.27529
dual_pivot_sequential,double,MANY_DUPLICATES_90,50119,1.64008
dual_pivot_sequential,double,MANY_DUPLICATES_90,63096,2.20191
dual_pivot_sequential,double,MANY_DUPLICATES_90,79433,2.82127
dual_pivot_sequential,double,MANY_DUPLICATES_90,100000,3.68929
dual_pivot_sequential,double,MANY_DUPLICATES_90,125893,4.69844
dual_pivot_sequential,double,MANY_DUPLICATES_90,158489,5.83521
dual_pivot_sequential,double,MANY_DUPLICATES_90,199526,7.55088
dual_pivot_sequential,double,MANY_DUPLICATES_90,251189,9.71568
dual_pivot_sequential,double,MANY_DUPLICATES_90,316228,12.43830
dual_pivot_sequential,double,MANY_DUPLICATES_90,398107,15.99010
dual_pivot_sequential,double,MANY_DUPLICATES_90,501187,20.46370
dual_pivot_sequential,double,MANY_DUPLICATES_90,630957,26.10020
dual_pivot_sequential,double,MANY_DUPLICATES_90,794328,33.48950
dual_pivot_sequential,double,MANY_DUPLICATES_90,1000000,42.94960
dual_pivot_sequential,double,MANY_DUPLICATES_90,1258925,55.21780
dual_pivot_sequential,double,MANY_DUPLICATES_90,1584893,69.66200
dual_pivot_sequential,double,MANY_DUPLICATES_90,1995262,93.51350
dual_pivot_sequential,double,MANY_DUPLICATES_90,2511886,119.23900
dual_pivot_sequential,double,MANY_DUPLICATES_90,3162277,152.34800
dual_pivot_sequential,double,MANY_DUPLICATES_90,3981071,193.60100
dual_pivot_sequential,double,MANY_DUPLICATES_90,5011872,243.31400
dual_pivot_sequential,double,MANY_DUPLICATES_90,6309573,317.46500
dual_pivot_sequential,double,MANY_DUPLICATES_90,7943282,392.36800
dual_pivot_sequential,double,MANY_DUPLICATES_90,10000000,505.43500
dual_pivot_sequential,double,NEARLY_SORTED,1000,0.01037
dual_pivot_sequential,double,NEARLY_SORTED,1259,0.01303
dual_pivot_sequential,double,NEARLY_SORTED,1585,0.01822
dual_pivot_sequential,double,NEARLY_SORTED,1995,0.02440
dual_pivot_sequential,double,NEARLY_SORTED,2512,0.03528
dual_pivot_sequential,double,NEARLY_SORTED,3162,0.04566
dual_pivot_sequential,double,NEARLY_SORTED,3981,0.07654
dual_pivot_sequential,double,NEARLY_SORTED,5012,0.08049
dual_pivot_sequential,double,NEARLY_SORTED,6310,0.09798
dual_pivot_sequential,double,NEARLY_SORTED,7943,0.13077
dual_pivot_sequential,double,NEARLY_SORTED,10000,0.17229
dual_pivot_sequential,double,NEARLY_SORTED,12589,0.22164
dual_pivot_sequential,double,NEARLY_SORTED,15849,0.28196
dual_pivot_sequential,double,NEARLY_SORTED,19953,0.36328
dual_pivot_sequential,double,NEARLY_SORTED,25119,0.46685
dual_pivot_sequential,double,NEARLY_SORTED,31623,0.59161
dual_pivot_sequential,double,NEARLY_SORTED,39811,0.77113
dual_pivot_sequential,double,NEARLY_SORTED,50119,1.01686
dual_pivot_sequential,double,NEARLY_SORTED,63096,1.29993
dual_pivot_sequential,double,NEARLY_SORTED,79433,1.69516
dual_pivot_sequential,double,NEARLY_SORTED,100000,2.09497
dual_pivot_sequential,double,NEARLY_SORTED,125893,2.76135
dual_pivot_sequential,double,NEARLY_SORTED,158489,3.56916
dual_pivot_sequential,double,NEARLY_SORTED,199526,4.49799
dual_pivot_sequential,double,NEARLY_SORTED,251189,5.75727
dual_pivot_sequential,double,NEARLY_SORTED,316228,7.43074
dual_pivot_sequential,double,NEARLY_SORTED,398107,9.36269
dual_pivot_sequential,double,NEARLY_SORTED,501187,12.02520
dual_pivot_sequential,double,NEARLY_SORTED,630957,15.28980
dual_pivot_sequential,double,NEARLY_SORTED,794328,19.67730
dual_pivot_sequential,double,NEARLY_SORTED,1000000,25.04800
dual_pivot_sequential,double,NEARLY_SORTED,1258925,32.09790
dual_pivot_sequential,double,NEARLY_SORTED,1584893,41.15860
dual_pivot_sequential,double,NEARLY_SORTED,1995262,52.31510
dual_pivot_sequential,double,NEARLY_SORTED,2511886,68.43330
dual_pivot_sequential,double,NEARLY_SORTED,3162277,87.54790
dual_pivot_sequential,double,NEARLY_SORTED,3981071,110.66000
dual_pivot_sequential,double,NEARLY_SORTED,5011872,141.93500
dual_pivot_sequential,double,NEARLY_SORTED,6309573,182.07600
dual_pivot_sequential,double,NEARLY_SORTED,7943282,231.05800
dual_pivot_sequential,double,NEARLY_SORTED,10000000,301.57400
dual_pivot_sequential,double,ORGAN_PIPE,1000,0.00469
dual_pivot_sequential,double,ORGAN_PIPE,1259,0.00254
dual_pivot_sequential,double,ORGAN_PIPE,1585,0.00656
dual_pivot_sequential,double,ORGAN_PIPE,1995,0.00522
dual_pivot_sequential,double,ORGAN_PIPE,2512,0.00591
dual_pivot_sequential,double,ORGAN_PIPE,3162,0.00696
dual_pivot_sequential,double,ORGAN_PIPE,3981,0.01012
dual_pivot_sequential,double,ORGAN_PIPE,5012,0.01292
dual_pivot_sequential,double,ORGAN_PIPE,6310,0.02437
dual_pivot_sequential,double,ORGAN_PIPE,7943,0.01549
dual_pivot_sequential,double,ORGAN_PIPE,10000,0.02556
dual_pivot_sequential,double,ORGAN_PIPE,12589,0.04492
dual_pivot_sequential,double,ORGAN_PIPE,15849,0.05640
dual_pivot_sequential,double,ORGAN_PIPE,19953,0.07257
dual_pivot_sequential,double,ORGAN_PIPE,25119,0.09229
dual_pivot_sequential,double,ORGAN_PIPE,31623,0.11603
dual_pivot_sequential,double,ORGAN_PIPE,39811,0.14308
dual_pivot_sequential,double,ORGAN_PIPE,50119,0.20003
dual_pivot_sequential,double,ORGAN_PIPE,63096,0.24527
dual_pivot_sequential,double,ORGAN_PIPE,79433,0.29414
dual_pivot_sequential,double,ORGAN_PIPE,100000,0.36726
dual_pivot_sequential,double,ORGAN_PIPE,125893,0.47759
dual_pivot_sequential,double,ORGAN_PIPE,158489,0.57460
dual_pivot_sequential,double,ORGAN_PIPE,199526,0.68922
dual_pivot_sequential,double,ORGAN_PIPE,251189,0.90866
dual_pivot_sequential,double,ORGAN_PIPE,316228,1.14507
dual_pivot_sequential,double,ORGAN_PIPE,398107,1.38588
dual_pivot_sequential,double,ORGAN_PIPE,501187,1.66617
dual_pivot_sequential,double,ORGAN_PIPE,630957,2.17221
dual_pivot_sequential,double,ORGAN_PIPE,794328,2.73319
dual_pivot_sequential,double,ORGAN_PIPE,1000000,3.52123
dual_pivot_sequential,double,ORGAN_PIPE,1258925,4.59066
dual_pivot_sequential,double,ORGAN_PIPE,1584893,5.83110
dual_pivot_sequential,double,ORGAN_PIPE,1995262,7.46790
dual_pivot_sequential,double,ORGAN_PIPE,2511886,9.97558
dual_pivot_sequential,double,ORGAN_PIPE,3162277,12.93840
dual_pivot_sequential,double,ORGAN_PIPE,3981071,16.86180
dual_pivot_sequential,double,ORGAN_PIPE,5011872,22.17950
dual_pivot_sequential,double,ORGAN_PIPE,6309573,28.46870
dual_pivot_sequential,double,ORGAN_PIPE,7943282,36.25260
dual_pivot_sequential,double,ORGAN_PIPE,10000000,46.04940
dual_pivot_sequential,double,RANDOM,1000,0.01662
dual_pivot_sequential,double,RANDOM,1259,0.02236
dual_pivot_sequential,double,RANDOM,1585,0.03192
dual_pivot_sequential,double,RANDOM,1995,0.04337
dual_pivot_sequential,double,RANDOM,2512,0.06104
dual_pivot_sequential,double,RANDOM,3162,0.07914
dual_pivot_sequential,double,RANDOM,3981,0.10067
dual_pivot_sequential,double,RANDOM,5012,0.14020
dual_pivot_sequential,double,RANDOM,6310,0.16501
dual_pivot_sequential,double,RANDOM,7943,0.22706
dual_pivot_sequential,double,RANDOM,10000,0.31057
dual_pivot_sequential,double,RANDOM,12589,0.36913
dual_pivot_sequential,double,RANDOM,15849,0.49552
dual_pivot_sequential,double,RANDOM,19953,0.59601
dual_pivot_sequential,double,RANDOM,25119,0.79375
dual_pivot_sequential,double,RANDOM,31623,1.00972
dual_pivot_sequential,double,RANDOM,39811,1.32331
dual_pivot_sequential,double,RANDOM,50119,1.65383
dual_pivot_sequential,double,RANDOM,63096,2.22572
dual_pivot_sequential,double,RANDOM,79433,2.76450
dual_pivot_sequential,double,RANDOM,100000,3.66691
dual_pivot_sequential,double,RANDOM,125893,4.64271
dual_pivot_sequential,double,RANDOM,158489,5.78468
dual_pivot_sequential,double,RANDOM,199526,7.55382
dual_pivot_sequential,double,RANDOM,251189,9.87649
dual_pivot_sequential,double,RANDOM,316228,12.48930
dual_pivot_sequential,double,RANDOM,398107,16.07090
dual_pivot_sequential,double,RANDOM,501187,20.33620
dual_pivot_sequential,double,RANDOM,630957,26.15590
dual_pivot_sequential,double,RANDOM,794328,33.38620
dual_pivot_sequential,double,RANDOM,1000000,43.02730
dual_pivot_sequential,double,RANDOM,1258925,55.00220
dual_pivot_sequential,double,RANDOM,1584893,70.09060
dual_pivot_sequential,double,RANDOM,1995262,93.00080
dual_pivot_sequential,double,RANDOM,2511886,120.41900
dual_pivot_sequential,double,RANDOM,3162277,151.74600
dual_pivot_sequential,double,RANDOM,3981071,194.03500
dual_pivot_sequential,double,RANDOM,5011872,243.18200
dual_pivot_sequential,double,RANDOM,6309573,312.48500
dual_pivot_sequential,double,RANDOM,7943282,393.40100
dual_pivot_sequential,double,RANDOM,10000000,508.93400
dual_pivot_sequential,double,REVERSE_SORTED,1000,0.00144
dual_pivot_sequential,double,REVERSE_SORTED,1259,0.00166
dual_pivot_sequential,double,REVERSE_SORTED,1585,0.00203
dual_pivot_sequential,double,REVERSE_SORTED,1995,0.00248
dual_pivot_sequential,double,REVERSE_SORTED,2512,0.00301
dual_pivot_sequential,double,REVERSE_SORTED,3162,0.00378
dual_pivot_sequential,double,REVERSE_SORTED,3981,0.00465
dual_pivot_sequential,double,REVERSE_SORTED,5012,0.00580
dual_pivot_sequential,double,REVERSE_SORTED,6310,0.00723
dual_pivot_sequential,double,REVERSE_SORTED,7943,0.00892
dual_pivot_sequential,double,REVERSE_SORTED,10000,0.01125
dual_pivot_sequential,double,REVERSE_SORTED,12589,0.01445
dual_pivot_sequential,double,REVERSE_SORTED,15849,0.01843
dual_pivot_sequential,double,REVERSE_SORTED,19953,0.02267
dual_pivot_sequential,double,REVERSE_SORTED,25119,0.02832
dual_pivot_sequential,double,REVERSE_SORTED,31623,0.03493
dual_pivot_sequential,double,REVERSE_SORTED,39811,0.04415
dual_pivot_sequential,double,REVERSE_SORTED,50119,0.05652
dual_pivot_sequential,double,REVERSE_SORTED,63096,0.07252
dual_pivot_sequential,double,REVERSE_SORTED,79433,0.09181
dual_pivot_sequential,double,REVERSE_SORTED,100000,0.11327
dual_pivot_sequential,double,REVERSE_SORTED,125893,0.14214
dual_pivot_sequential,double,REVERSE_SORTED,158489,0.18962
dual_pivot_sequential,double,REVERSE_SORTED,199526,0.23511
dual_pivot_sequential,double,REVERSE_SORTED,251189,0.29930
dual_pivot_sequential,double,REVERSE_SORTED,316228,0.35513
dual_pivot_sequential,double,REVERSE_SORTED,398107,0.49309
dual_pivot_sequential,double,REVERSE_SORTED,501187,0.59927
dual_pivot_sequential,double,REVERSE_SORTED,630957,0.75495
dual_pivot_sequential,double,REVERSE_SORTED,794328,0.95272
dual_pivot_sequential,double,REVERSE_SORTED,1000000,1.44207
dual_pivot_sequential,double,REVERSE_SORTED,1258925,1.73462
dual_pivot_sequential,double,REVERSE_SORTED,1584893,2.14251
dual_pivot_sequential,double,REVERSE_SORTED,1995262,2.75965
dual_pivot_sequential,double,REVERSE_SORTED,2511886,3.45299
dual_pivot_sequential,double,REVERSE_SORTED,3162277,5.21845
dual_pivot_sequential,double,REVERSE_SORTED,3981071,6.53441
dual_pivot_sequential,double,REVERSE_SORTED,5011872,7.47640
dual_pivot_sequential,double,REVERSE_SORTED,6309573,9.75344
dual_pivot_sequential,double,REVERSE_SORTED,7943282,11.92240
dual_pivot_sequential,double,REVERSE_SORTED,10000000,16.27520
dual_pivot_sequential,double,SAWTOOTH,1000,0.00464
dual_pivot_sequential,double,SAWTOOTH,1259,0.00684
dual_pivot_sequential,double,SAWTOOTH,1585,0.00759
dual_pivot_sequential,double,SAWTOOTH,1995,0.00877
dual_pivot_sequential,double,SAWTOOTH,2512,0.00830
dual_pivot_sequential,double,SAWTOOTH,3162,0.01131
dual_pivot_sequential,double,SAWTOOTH,3981,0.01138
dual_pivot_sequential,double,SAWTOOTH,5012,0.01483
dual_pivot_sequential,double,SAWTOOTH,6310,0.01772
dual_pivot_sequential,double,SAWTOOTH,7943,0.02536
dual_pivot_sequential,double,SAWTOOTH,10000,0.06010
dual_pivot_sequential,double,SAWTOOTH,12589,0.06491
dual_pivot_sequential,double,SAWTOOTH,15849,0.07089
dual_pivot_sequential,double,SAWTOOTH,19953,0.08833
dual_pivot_sequential,double,SAWTOOTH,25119,0.13741
dual_pivot_sequential,double,SAWTOOTH,31623,0.14172
dual_pivot_sequential,double,SAWTOOTH,39811,0.17607
dual_pivot_sequential,double,SAWTOOTH,50119,0.20681
dual_pivot_sequential,double,SAWTOOTH,63096,0.27970
dual_pivot_sequential,double,SAWTOOTH,79433,0.34220
dual_pivot_sequential,double,SAWTOOTH,100000,0.46339
dual_pivot_sequential,double,SAWTOOTH,125893,0.61599
dual_pivot_sequential,double,SAWTOOTH,158489,0.70150
dual_pivot_sequential,double,SAWTOOTH,199526,0.80799
dual_pivot_sequential,double,SAWTOOTH,251189,1.02760
dual_pivot_sequential,double,SAWTOOTH,316228,1.25773
dual_pivot_sequential,double,SAWTOOTH,398107,1.63842
dual_pivot_sequential,double,SAWTOOTH,501187,2.02027
dual_pivot_sequential,double,SAWTOOTH,630957,2.48626
dual_pivot_sequential,double,SAWTOOTH,794328,3.20897
dual_pivot_sequential,double,SAWTOOTH,1000000,4.05941
dual_pivot_sequential,double,SAWTOOTH,1258925,5.15251
dual_pivot_sequential,double,SAWTOOTH,1584893,6.72398
dual_pivot_sequential,double,SAWTOOTH,1995262,8.83556
dual_pivot_sequential,double,SAWTOOTH,2511886,12.00370
dual_pivot_sequential,double,SAWTOOTH,3162277,15.35160
dual_pivot_sequential,double,SAWTOOTH,3981071,19.84270
dual_pivot_sequential,double,SAWTOOTH,5011872,26.33900
dual_pivot_sequential,double,SAWTOOTH,6309573,33.67880
dual_pivot_sequential,double,SAWTOOTH,7943282,42.85030
dual_pivot_sequential,double,SAWTOOTH,10000000,53.66970
dual_pivot_sequential,int,MANY_DUPLICATES_10,1000,0.01557
dual_pivot_sequential,int,MANY_DUPLICATES_10,1259,0.02230
dual_pivot_sequential,int,MANY_DUPLICATES_10,1585,0.03236
dual_pivot_sequential,int,MANY_DUPLICATES_10,1995,0.04135
dual_pivot_sequential,int,MANY_DUPLICATES_10,2512,0.05455
dual_pivot_sequential,int,MANY_DUPLICATES_10,3162,0.07336
dual_pivot_sequential,int,MANY_DUPLICATES_10,3981,0.09858
dual_pivot_sequential,int,MANY_DUPLICATES_10,5012,0.12219
dual_pivot_sequential,int,MANY_DUPLICATES_10,6310,0.14437
dual_pivot_sequential,int,MANY_DUPLICATES_10,7943,0.21183
dual_pivot_sequential,int,MANY_DUPLICATES_10,10000,0.26735
dual_pivot_sequential,int,MANY_DUPLICATES_10,12589,0.35894
dual_pivot_sequential,int,MANY_DUPLICATES_10,15849,0.45659
dual_pivot_sequential,int,MANY_DUPLICATES_10,19953,0.55273
dual_pivot_sequential,int,MANY_DUPLICATES_10,25119,0.72916
dual_pivot_sequential,int,MANY_DUPLICATES_10,31623,1.00364
dual_pivot_sequential,int,MANY_DUPLICATES_10,39811,1.23017
dual_pivot_sequential,int,MANY_DUPLICATES_10,50119,1.61979
dual_pivot_sequential,int,MANY_DUPLICATES_10,63096,2.05359
dual_pivot_sequential,int,MANY_DUPLICATES_10,79433,2.60498
dual_pivot_sequential,int,MANY_DUPLICATES_10,100000,3.64936
dual_pivot_sequential,int,MANY_DUPLICATES_10,125893,4.39073
dual_pivot_sequential,int,MANY_DUPLICATES_10,158489,5.55120
dual_pivot_sequential,int,MANY_DUPLICATES_10,199526,7.26511
dual_pivot_sequential,int,MANY_DUPLICATES_10,251189,9.40213
dual_pivot_sequential,int,MANY_DUPLICATES_10,316228,11.66600
dual_pivot_sequential,int,MANY_DUPLICATES_10,398107,15.31260
dual_pivot_sequential,int,MANY_DUPLICATES_10,501187,19.43540
dual_pivot_sequential,int,MANY_DUPLICATES_10,630957,24.83840
dual_pivot_sequential,int,MANY_DUPLICATES_10,794328,32.13560
dual_pivot_sequential,int,MANY_DUPLICATES_10,1000000,41.61180
dual_pivot_sequential,int,MANY_DUPLICATES_10,1258925,52.05270
dual_pivot_sequential,int,MANY_DUPLICATES_10,1584893,66.90850
dual_pivot_sequential,int,MANY_DUPLICATES_10,1995262,85.49170
dual_pivot_sequential,int,MANY_DUPLICATES_10,2511886,110.52600
dual_pivot_sequential,int,MANY_DUPLICATES_10,3162277,140.72400
dual_pivot_sequential,int,MANY_DUPLICATES_10,3981071,183.26500
dual_pivot_sequential,int,MANY_DUPLICATES_10,5011872,230.70600
dual_pivot_sequential,int,MANY_DUPLICATES_10,6309573,299.18200
dual_pivot_sequential,int,MANY_DUPLICATES_10,7943282,385.11300
dual_pivot_sequential,int,MANY_DUPLICATES_10,10000000,488.40800
dual_pivot_sequential,int,MANY_DUPLICATES_50,1000,0.01954
dual_pivot_sequential,int,MANY_DUPLICATES_50,1259,0.02237
dual_pivot_sequential,int,MANY_DUPLICATES_50,1585,0.02935
dual_pivot_sequential,int,MANY_DUPLICATES_50,1995,0.04316
dual_pivot_sequential,int,MANY_DUPLICATES_50,2512,0.05546
dual_pivot_sequential,int,MANY_DUPLICATES_50,3162,0.07127
dual_pivot_sequential,int,MANY_DUPLICATES_50,3981,0.09497
dual_pivot_sequential,int,MANY_DUPLICATES_50,5012,0.12422
dual_pivot_sequential,int,MANY_DUPLICATES_50,6310,0.16323
dual_pivot_sequential,int,MANY_DUPLICATES_50,7943,0.21341
dual_pivot_sequential,int,MANY_DUPLICATES_50,10000,0.27794
dual_pivot_sequential,int,MANY_DUPLICATES_50,12589,0.37893
dual_pivot_sequential,int,MANY_DUPLICATES_50,15849,0.47077
dual_pivot_sequential,int,MANY_DUPLICATES_50,19953,0.57347
dual_pivot_sequential,int,MANY_DUPLICATES_50,25119,0.74821
dual_pivot_sequential,int,MANY_DUPLICATES_50,31623,0.98565
dual_pivot_sequential,int,MANY_DUPLICATES_50,39811,1.29152
dual_pivot_sequential,int,MANY_DUPLICATES_50,50119,1.59042
dual_pivot_sequential,int,MANY_DUPLICATES_50,63096,2.20727
dual_pivot_sequential,int,MANY_DUPLICATES_50,79433,2.69289
dual_pivot_sequential,int,MANY_DUPLICATES_50,100000,3.47868
dual_pivot_sequential,int,MANY_DUPLICATES_50,125893,4.48145
dual_pivot_sequential,int,MANY_DUPLICATES_50,158489,5.62898
dual_pivot_sequential,int,MANY_DUPLICATES_50,199526,7.30034
dual_pivot_sequential,int,MANY_DUPLICATES_50,251189,9.16687
dual_pivot_sequential,int,MANY_DUPLICATES_50,316228,11.71260
dual_pivot_sequential,int,MANY_DUPLICATES_50,398107,15.31360
dual_pivot_sequential,int,MANY_DUPLICATES_50,501187,19.45160
dual_pivot_sequential,int,MANY_DUPLICATES_50,630957,25.03180
dual_pivot_sequential,int,MANY_DUPLICATES_50,794328,32.10660
dual_pivot_sequential,int,MANY_DUPLICATES_50,1000000,41.28920
dual_pivot_sequential,int,MANY_DUPLICATES_50,1258925,52.31870
dual_pivot_sequential,int,MANY_DUPLICATES_50,1584893,67.74460
dual_pivot_sequential,int,MANY_DUPLICATES_50,1995262,86.91220
dual_pivot_sequential,int,MANY_DUPLICATES_50,2511886,111.75100
dual_pivot_sequential,int,MANY_DUPLICATES_50,3162277,142.50700
dual_pivot_sequential,int,MANY_DUPLICATES_50,3981071,183.93300
dual_pivot_sequential,int,MANY_DUPLICATES_50,5011872,233.31100
dual_pivot_sequential,int,MANY_DUPLICATES_50,6309573,300.17000
dual_pivot_sequential,int,MANY_DUPLICATES_50,7943282,382.97400
dual_pivot_sequential,int,MANY_DUPLICATES_50,10000000,488.50300
dual_pivot_sequential,int,MANY_DUPLICATES_90,1000,0.01563
dual_pivot_sequential,int,MANY_DUPLICATES_90,1259,0.02348
dual_pivot_sequential,int,MANY_DUPLICATES_90,1585,0.03051
dual_pivot_sequential,int,MANY_DUPLICATES_90,1995,0.04036
dual_pivot_sequential,int,MANY_DUPLICATES_90,2512,0.06146
dual_pivot_sequential,int,MANY_DUPLICATES_90,3162,0.07391
dual_pivot_sequential,int,MANY_DUPLICATES_90,3981,0.09103
dual_pivot_sequential,int,MANY_DUPLICATES_90,5012,0.12624
dual_pivot_sequential,int,MANY_DUPLICATES_90,6310,0.16719
dual_pivot_sequential,int,MANY_DUPLICATES_90,7943,0.21177
dual_pivot_sequential,int,MANY_DUPLICATES_90,10000,0.27138
dual_pivot_sequential,int,MANY_DUPLICATES_90,12589,0.35199
dual_pivot_sequential,int,MANY_DUPLICATES_90,15849,0.48187
dual_pivot_sequential,int,MANY_DUPLICATES_90,19953,0.58866
dual_pivot_sequential,int,MANY_DUPLICATES_90,25119,0.78394
dual_pivot_sequential,int,MANY_DUPLICATES_90,31623,0.95370
dual_pivot_sequential,int,MANY_DUPLICATES_90,39811,1.28976
dual_pivot_sequential,int,MANY_DUPLICATES_90,50119,1.58700
dual_pivot_sequential,int,MANY_DUPLICATES_90,63096,2.02752
dual_pivot_sequential,int,MANY_DUPLICATES_90,79433,2.74963
dual_pivot_sequential,int,MANY_DUPLICATES_90,100000,3.48579
dual_pivot_sequential,int,MANY_DUPLICATES_90,125893,4.48432
dual_pivot_sequential,int,MANY_DUPLICATES_90,158489,5.74863
dual_pivot_sequential,int,MANY_DUPLICATES_90,199526,7.29578
dual_pivot_sequential,int,MANY_DUPLICATES_90,251189,9.38345
dual_pivot_sequential,int,MANY_DUPLICATES_90,316228,11.84030
dual_pivot_sequential,int,MANY_DUPLICATES_90,398107,15.19800
dual_pivot_sequential,int,MANY_DUPLICATES_90,501187,19.88830
dual_pivot_sequential,int,MANY_DUPLICATES_90,630957,24.84860
dual_pivot_sequential,int,MANY_DUPLICATES_90,794328,32.25200
dual_pivot_sequential,int,MANY_DUPLICATES_90,1000000,41.35740
dual_pivot_sequential,int,MANY_DUPLICATES_90,1258925,53.20090
dual_pivot_sequential,int,MANY_DUPLICATES_90,1584893,68.77920
dual_pivot_sequential,int,MANY_DUPLICATES_90,1995262,87.41740
dual_pivot_sequential,int,MANY_DUPLICATES_90,2511886,110.45100
dual_pivot_sequential,int,MANY_DUPLICATES_90,3162277,143.01300
dual_pivot_sequential,int,MANY_DUPLICATES_90,3981071,182.77400
dual_pivot_sequential,int,MANY_DUPLICATES_90,5011872,236.12500
dual_pivot_sequential,int,MANY_DUPLICATES_90,6309573,296.29600
dual_pivot_sequential,int,MANY_DUPLICATES_90,7943282,376.60700
dual_pivot_sequential,int,MANY_DUPLICATES_90,10000000,488.78600
dual_pivot_sequential,int,NEARLY_SORTED,1000,0.01000
dual_pivot_sequential,int,NEARLY_SORTED,1259,0.01125
dual_pivot_sequential,int,NEARLY_SORTED,1585,0.01523
dual_pivot_sequential,int,NEARLY_SORTED,1995,0.02216
dual_pivot_sequential,int,NEARLY_SORTED,2512,0.03022
dual_pivot_sequential,int,NEARLY_SORTED,3162,0.04092
dual_pivot_sequential,int,NEARLY_SORTED,3981,0.05396
dual_pivot_sequential,int,NEARLY_SORTED,5012,0.07802
dual_pivot_sequential,int,NEARLY_SORTED,6310,0.09208
dual_pivot_sequential,int,NEARLY_SORTED,7943,0.11509
dual_pivot_sequential,int,NEARLY_SORTED,10000,0.14810
dual_pivot_sequential,int,NEARLY_SORTED,12589,0.20102
dual_pivot_sequential,int,NEARLY_SORTED,15849,0.28444
dual_pivot_sequential,int,NEARLY_SORTED,19953,0.32650
dual_pivot_sequential,int,NEARLY_SORTED,25119,0.43062
dual_pivot_sequential,int,NEARLY_SORTED,31623,0.54673
dual_pivot_sequential,int,NEARLY_SORTED,39811,0.73065
dual_pivot_sequential,int,NEARLY_SORTED,50119,0.93855
dual_pivot_sequential,int,NEARLY_SORTED,63096,1.23727
dual_pivot_sequential,int,NEARLY_SORTED,79433,1.47701
dual_pivot_sequential,int,NEARLY_SORTED,100000,1.90404
dual_pivot_sequential,int,NEARLY_SORTED,125893,2.53457
dual_pivot_sequential,int,NEARLY_SORTED,158489,3.41768
dual_pivot_sequential,int,NEARLY_SORTED,199526,4.10747
dual_pivot_sequential,int,NEARLY_SORTED,251189,5.29157
dual_pivot_sequential,int,NEARLY_SORTED,316228,6.72049
dual_pivot_sequential,int,NEARLY_SORTED,398107,8.53857
dual_pivot_sequential,int,NEARLY_SORTED,501187,11.01270
dual_pivot_sequential,int,NEARLY_SORTED,630957,14.03520
dual_pivot_sequential,int,NEARLY_SORTED,794328,17.84470
dual_pivot_sequential,int,NEARLY_SORTED,1000000,22.95540
dual_pivot_sequential,int,NEARLY_SORTED,1258925,29.08880
dual_pivot_sequential,int,NEARLY_SORTED,1584893,37.35500
dual_pivot_sequential,int,NEARLY_SORTED,1995262,46.92820
dual_pivot_sequential,int,NEARLY_SORTED,2511886,61.14800
dual_pivot_sequential,int,NEARLY_SORTED,3162277,78.69980
dual_pivot_sequential,int,NEARLY_SORTED,3981071,99.56320
dual_pivot_sequential,int,NEARLY_SORTED,5011872,128.96100
dual_pivot_sequential,int,NEARLY_SORTED,6309573,163.50500
dual_pivot_sequential,int,NEARLY_SORTED,7943282,210.59900
dual_pivot_sequential,int,NEARLY_SORTED,10000000,270.03600
dual_pivot_sequential,int,ORGAN_PIPE,1000,0.00181
dual_pivot_sequential,int,ORGAN_PIPE,1259,0.00203
dual_pivot_sequential,int,ORGAN_PIPE,1585,0.00278
dual_pivot_sequential,int,ORGAN_PIPE,1995,0.00414
dual_pivot_sequential,int,ORGAN_PIPE,2512,0.00321
dual_pivot_sequential,int,ORGAN_PIPE,3162,0.00791
dual_pivot_sequential,int,ORGAN_PIPE,3981,0.00462
dual_pivot_sequential,int,ORGAN_PIPE,5012,0.00480
dual_pivot_sequential,int,ORGAN_PIPE,6310,0.00664
dual_pivot_sequential,int,ORGAN_PIPE,7943,0.01499
dual_pivot_sequential,int,ORGAN_PIPE,10000,0.01403
dual_pivot_sequential,int,ORGAN_PIPE,12589,0.01351
dual_pivot_sequential,int,ORGAN_PIPE,15849,0.02589
dual_pivot_sequential,int,ORGAN_PIPE,19953,0.03619
dual_pivot_sequential,int,ORGAN_PIPE,25119,0.05261
dual_pivot_sequential,int,ORGAN_PIPE,31623,0.05728
dual_pivot_sequential,int,ORGAN_PIPE,39811,0.09605
dual_pivot_sequential,int,ORGAN_PIPE,50119,0.08451
dual_pivot_sequential,int,ORGAN_PIPE,63096,0.11254
dual_pivot_sequential,int,ORGAN_PIPE,79433,0.13699
dual_pivot_sequential,int,ORGAN_PIPE,100000,0.16784
dual_pivot_sequential,int,ORGAN_PIPE,125893,0.22594
dual_pivot_sequential,int,ORGAN_PIPE,158489,0.26910
dual_pivot_sequential,int,ORGAN_PIPE,199526,0.36482
dual_pivot_sequential,int,ORGAN_PIPE,251189,0.49213
dual_pivot_sequential,int,ORGAN_PIPE,316228,0.59457
dual_pivot_sequential,int,ORGAN_PIPE,398107,0.65694
dual_pivot_sequential,int,ORGAN_PIPE,501187,0.87444
dual_pivot_sequential,int,ORGAN_PIPE,630957,1.30389
dual_pivot_sequential,int,ORGAN_PIPE,794328,1.41707
dual_pivot_sequential,int,ORGAN_PIPE,1000000,1.84876
dual_pivot_sequential,int,ORGAN_PIPE,1258925,2.16915
dual_pivot_sequential,int,ORGAN_PIPE,1584893,2.57285
dual_pivot_sequential,int,ORGAN_PIPE,1995262,3.56859
dual_pivot_sequential,int,ORGAN_PIPE,2511886,4.28330
dual_pivot_sequential,int,ORGAN_PIPE,3162277,5.66789
dual_pivot_sequential,int,ORGAN_PIPE,3981071,7.38697
dual_pivot_sequential,int,ORGAN_PIPE,5011872,9.55653
dual_pivot_sequential,int,ORGAN_PIPE,6309573,12.33870
dual_pivot_sequential,int,ORGAN_PIPE,7943282,15.70090
dual_pivot_sequential,int,ORGAN_PIPE,10000000,20.71330
dual_pivot_sequential,int,RANDOM,1000,0.01812
dual_pivot_sequential,int,RANDOM,1259,0.02804
dual_pivot_sequential,int,RANDOM,1585,0.05108
dual_pivot_sequential,int,RANDOM,1995,0.04479
dual_pivot_sequential,int,RANDOM,2512,0.05708
dual_pivot_sequential,int,RANDOM,3162,0.06060
dual_pivot_sequential,int,RANDOM,3981,0.09782
dual_pivot_sequential,int,RANDOM,5012,0.12221
dual_pivot_sequential,int,RANDOM,6310,0.19944
dual_pivot_sequential,int,RANDOM,7943,0.22163
dual_pivot_sequential,int,RANDOM,10000,0.28215
dual_pivot_sequential,int,RANDOM,12589,0.33756
dual_pivot_sequential,int,RANDOM,15849,0.45466
dual_pivot_sequential,int,RANDOM,19953,0.58621
dual_pivot_sequential,int,RANDOM,25119,0.75640
dual_pivot_sequential,int,RANDOM,31623,0.97740
dual_pivot_sequential,int,RANDOM,39811,1.25991
dual_pivot_sequential,int,RANDOM,50119,1.60609
dual_pivot_sequential,int,RANDOM,63096,2.01656
dual_pivot_sequential,int,RANDOM,79433,2.70594
dual_pivot_sequential,int,RANDOM,100000,3.58663
dual_pivot_sequential,int,RANDOM,125893,4.43547
dual_pivot_sequential,int,RANDOM,158489,5.76365
dual_pivot_sequential,int,RANDOM,199526,7.34196
dual_pivot_sequential,int,RANDOM,251189,9.39189
dual_pivot_sequential,int,RANDOM,316228,11.95450
dual_pivot_sequential,int,RANDOM,398107,15.25850
dual_pivot_sequential,int,RANDOM,501187,19.69190
dual_pivot_sequential,int,RANDOM,630957,24.98040
dual_pivot_sequential,int,RANDOM,794328,32.09200
dual_pivot_sequential,int,RANDOM,1000000,40.65180
dual_pivot_sequential,int,RANDOM,1258925,52.14500
dual_pivot_sequential,int,RANDOM,1584893,67.75630
dual_pivot_sequential,int,RANDOM,1995262,88.53570
dual_pivot_sequential,int,RANDOM,2511886,111.96400
dual_pivot_sequential,int,RANDOM,3162277,141.83400
dual_pivot_sequential,int,RANDOM,3981071,181.09800
dual_pivot_sequential,int,RANDOM,5011872,231.71100
dual_pivot_sequential,int,RANDOM,6309573,300.64600
dual_pivot_sequential,int,RANDOM,7943282,383.64500
dual_pivot_sequential,int,RANDOM,10000000,489.42900
dual_pivot_sequential,int,REVERSE_SORTED,1000,0.00063
dual_pivot_sequential,int,REVERSE_SORTED,1259,0.00156
dual_pivot_sequential,int,REVERSE_SORTED,1585,0.00085
dual_pivot_sequential,int,REVERSE_SORTED,1995,0.00101
dual_pivot_sequential,int,REVERSE_SORTED,2512,0.00123
dual_pivot_sequential,int,REVERSE_SORTED,3162,0.00143
dual_pivot_sequential,int,REVERSE_SORTED,3981,0.00181
dual_pivot_sequential,int,REVERSE_SORTED,5012,0.00222
dual_pivot_sequential,int,REVERSE_SORTED,6310,0.00275
dual_pivot_sequential,int,REVERSE_SORTED,7943,0.00341
dual_pivot_sequential,int,REVERSE_SORTED,10000,0.00753
dual_pivot_sequential,int,REVERSE_SORTED,12589,0.00541
dual_pivot_sequential,int,REVERSE_SORTED,15849,0.00662
dual_pivot_sequential,int,REVERSE_SORTED,19953,0.00833
dual_pivot_sequential,int,REVERSE_SORTED,25119,0.01562
dual_pivot_sequential,int,REVERSE_SORTED,31623,0.01321
dual_pivot_sequential,int,REVERSE_SORTED,39811,0.01680
dual_pivot_sequential,int,REVERSE_SORTED,50119,0.02013
dual_pivot_sequential,int,REVERSE_SORTED,63096,0.02610
dual_pivot_sequential,int,REVERSE_SORTED,79433,0.03295
dual_pivot_sequential,int,REVERSE_SORTED,100000,0.04043
dual_pivot_sequential,int,REVERSE_SORTED,125893,0.05732
dual_pivot_sequential,int,REVERSE_SORTED,158489,0.07343
dual_pivot_sequential,int,REVERSE_SORTED,199526,0.08710
dual_pivot_sequential,int,REVERSE_SORTED,251189,0.11497
dual_pivot_sequential,int,REVERSE_SORTED,316228,0.13279
dual_pivot_sequential,int,REVERSE_SORTED,398107,0.18107
dual_pivot_sequential,int,REVERSE_SORTED,501187,0.21169
dual_pivot_sequential,int,REVERSE_SORTED,630957,0.26642
dual_pivot_sequential,int,REVERSE_SORTED,794328,0.36701
dual_pivot_sequential,int,REVERSE_SORTED,1000000,0.53183
dual_pivot_sequential,int,REVERSE_SORTED,1258925,0.69225
dual_pivot_sequential,int,REVERSE_SORTED,1584893,0.74349
dual_pivot_sequential,int,REVERSE_SORTED,1995262,0.85265
dual_pivot_sequential,int,REVERSE_SORTED,2511886,1.19851
dual_pivot_sequential,int,REVERSE_SORTED,3162277,1.55458
dual_pivot_sequential,int,REVERSE_SORTED,3981071,2.19488
dual_pivot_sequential,int,REVERSE_SORTED,5011872,2.73617
dual_pivot_sequential,int,REVERSE_SORTED,6309573,4.14269
dual_pivot_sequential,int,REVERSE_SORTED,7943282,5.03099
dual_pivot_sequential,int,REVERSE_SORTED,10000000,5.70070
dual_pivot_sequential,int,SAWTOOTH,1000,0.00288
dual_pivot_sequential,int,SAWTOOTH,1259,0.00376
dual_pivot_sequential,int,SAWTOOTH,1585,0.00420
dual_pivot_sequential,int,SAWTOOTH,1995,0.00565
dual_pivot_sequential,int,SAWTOOTH,2512,0.00732
dual_pivot_sequential,int,SAWTOOTH,3162,0.00747
dual_pivot_sequential,int,SAWTOOTH,3981,0.01123
dual_pivot_sequential,int,SAWTOOTH,5012,0.00844
dual_pivot_sequential,int,SAWTOOTH,6310,0.01027
dual_pivot_sequential,int,SAWTOOTH,7943,0.01672
dual_pivot_sequential,int,SAWTOOTH,10000,0.01755
dual_pivot_sequential,int,SAWTOOTH,12589,0.02915
dual_pivot_sequential,int,SAWTOOTH,15849,0.04127
dual_pivot_sequential,int,SAWTOOTH,19953,0.05593
dual_pivot_sequential,int,SAWTOOTH,25119,0.05765
dual_pivot_sequential,int,SAWTOOTH,31623,0.07418
dual_pivot_sequential,int,SAWTOOTH,39811,0.10879
dual_pivot_sequential,int,SAWTOOTH,50119,0.11600
dual_pivot_sequential,int,SAWTOOTH,63096,0.14121
dual_pivot_sequential,int,SAWTOOTH,79433,0.21640
dual_pivot_sequential,int,SAWTOOTH,100000,0.23656
dual_pivot_sequential,int,SAWTOOTH,125893,0.29702
dual_pivot_sequential,int,SAWTOOTH,158489,0.34459
dual_pivot_sequential,int,SAWTOOTH,199526,0.49496
dual_pivot_sequential,int,SAWTOOTH,251189,0.59488
dual_pivot_sequential,int,SAWTOOTH,316228,0.66322
dual_pivot_sequential,int,SAWTOOTH,398107,0.86147
dual_pivot_sequential,int,SAWTOOTH,501187,1.10789
dual_pivot_sequential,int,SAWTOOTH,630957,1.46696
dual_pivot_sequential,int,SAWTOOTH,794328,1.67631
dual_pivot_sequential,int,SAWTOOTH,1000000,2.21417
dual_pivot_sequential,int,SAWTOOTH,1258925,2.64356
dual_pivot_sequential,int,SAWTOOTH,1584893,3.30876
dual_pivot_sequential,int,SAWTOOTH,1995262,4.40583
dual_pivot_sequential,int,SAWTOOTH,2511886,5.61240
dual_pivot_sequential,int,SAWTOOTH,3162277,6.97763
dual_pivot_sequential,int,SAWTOOTH,3981071,9.68468
dual_pivot_sequential,int,SAWTOOTH,5011872,12.22440
dual_pivot_sequential,int,SAWTOOTH,6309573,16.62630
dual_pivot_sequential,int,SAWTOOTH,7943282,19.21160
dual_pivot_sequential,int,SAWTOOTH,10000000,25.04040
qsort,double,MANY_DUPLICATES_10,1000,0.03877
qsort,double,MANY_DUPLICATES_10,1259,0.05330
qsort,double,MANY_DUPLICATES_10,1585,0.06807
qsort,double,MANY_DUPLICATES_10,1995,0.08634
qsort,double,MANY_DUPLICATES_10,2512,0.11361
qsort,double,MANY_DUPLICATES_10,3162,0.15245
qsort,double,MANY_DUPLICATES_10,3981,0.19667
qsort,double,MANY_DUPLICATES_10,5012,0.26359
qsort,double,MANY_DUPLICATES_10,6310,0.33602
qsort,double,MANY_DUPLICATES_10,7943,0.43077
qsort,double,MANY_DUPLICATES_10,10000,0.56052
qsort,double,MANY_DUPLICATES_10,12589,0.73403
qsort,double,MANY_DUPLICATES_10,15849,0.95789
qsort,double,MANY_DUPLICATES_10,19953,1.23409
qsort,double,MANY_DUPLICATES_10,25119,1.60946
qsort,double,MANY_DUPLICATES_10,31623,2.00128
qsort,double,MANY_DUPLICATES_10,39811,2.64693
qsort,double,MANY_DUPLICATES_10,50119,3.36436
qsort,double,MANY_DUPLICATES_10,63096,4.41345
qsort,double,MANY_DUPLICATES_10,79433,5.52230
qsort,double,MANY_DUPLICATES_10,100000,7.16199
qsort,double,MANY_DUPLICATES_10,125893,9.30931
qsort,double,MANY_DUPLICATES_10,158489,11.86670
qsort,double,MANY_DUPLICATES_10,199526,15.10160
qsort,double,MANY_DUPLICATES_10,251189,19.43310
qsort,double,MANY_DUPLICATES_10,316228,25.51850
qsort,double,MANY_DUPLICATES_10,398107,31.78610
qsort,double,MANY_DUPLICATES_10,501187,41.61270
qsort,double,MANY_DUPLICATES_10,630957,53.29970
qsort,double,MANY_DUPLICATES_10,794328,68.39880
qsort,double,MANY_DUPLICATES_10,1000000,87.62690
qsort,double,MANY_DUPLICATES_10,1258925,111.88900
qsort,double,MANY_DUPLICATES_10,1584893,141.74200
qsort,double,MANY_DUPLICATES_10,1995262,184.35900
qsort,double,MANY_DUPLICATES_10,2511886,237.09200
qsort,double,MANY_DUPLICATES_10,3162277,303.77100
qsort,double,MANY_DUPLICATES_10,3981071,387.52000
qsort,double,MANY_DUPLICATES_10,5011872,496.70100
qsort,double,MANY_DUPLICATES_10,6309573,640.14400
qsort,double,MANY_DUPLICATES_10,7943282,828.17000
qsort,double,MANY_DUPLICATES_10,10000000,1049.75000
qsort,double,MANY_DUPLICATES_50,1000,0.03842
qsort,double,MANY_DUPLICATES_50,1259,0.05406
qsort,double,MANY_DUPLICATES_50,1585,0.06833
qsort,double,MANY_DUPLICATES_50,1995,0.09196
qsort,double,MANY_DUPLICATES_50,2512,0.11881
qsort,double,MANY_DUPLICATES_50,3162,0.15768
qsort,double,MANY_DUPLICATES_50,3981,0.19781
qsort,double,MANY_DUPLICATES_50,5012,0.26354
qsort,double,MANY_DUPLICATES_50,6310,0.33545
qsort,double,MANY_DUPLICATES_50,7943,0.44946
qsort,double,MANY_DUPLICATES_50,10000,0.58167
qsort,double,MANY_DUPLICATES_50,12589,0.74853
qsort,double,MANY_DUPLICATES_50,15849,0.95986
qsort,double,MANY_DUPLICATES_50,19953,1.24755
qsort,double,MANY_DUPLICATES_50,25119,1.60001
qsort,double,MANY_DUPLICATES_50,31623,2.02941
qsort,double,MANY_DUPLICATES_50,39811,2.63378
qsort,double,MANY_DUPLICATES_50,50119,3.39954
qsort,double,MANY_DUPLICATES_50,63096,4.37401
qsort,double,MANY_DUPLICATES_50,79433,5.59152
qsort,double,MANY_DUPLICATES_50,100000,7.05617
qsort,double,MANY_DUPLICATES_50,125893,9.08850
qsort,double,MANY_DUPLICATES_50,158489,11.67830
qsort,double,MANY_DUPLICATES_50,199526,15.19470
qsort,double,MANY_DUPLICATES_50,251189,19.24490
qsort,double,MANY_DUPLICATES_50,316228,25.21210
qsort,double,MANY_DUPLICATES_50,398107,32.21910
qsort,double,MANY_DUPLICATES_50,501187,40.95510
qsort,double,MANY_DUPLICATES_50,630957,53.34160
qsort,double,MANY_DUPLICATES_50,794328,67.88310
qsort,double,MANY_DUPLICATES_50,1000000,86.17330
qsort,double,MANY_DUPLICATES_50,1258925,111.36200
qsort,double,MANY_DUPLICATES_50,1584893,142.45400
qsort,double,MANY_DUPLICATES_50,1995262,184.83500
qsort,double,MANY_DUPLICATES_50,2511886,238.46800
qsort,double,MANY_DUPLICATES_50,3162277,298.61600
qsort,double,MANY_DUPLICATES_50,3981071,387.87500
qsort,double,MANY_DUPLICATES_50,5011872,493.64400
qsort,double,MANY_DUPLICATES_50,6309573,631.98800
qsort,double,MANY_DUPLICATES_50,7943282,821.65300
qsort,double,MANY_DUPLICATES_50,10000000,1047.18000
qsort,double,MANY_DUPLICATES_90,1000,0.04092
qsort,double,MANY_DUPLICATES_90,1259,0.05410
qsort,double,MANY_DUPLICATES_90,1585,0.06539
qsort,double,MANY_DUPLICATES_90,1995,0.09273
qsort,double,MANY_DUPLICATES_90,2512,0.11872
qsort,double,MANY_DUPLICATES_90,3162,0.14996
qsort,double,MANY_DUPLICATES_90,3981,0.19978
qsort,double,MANY_DUPLICATES_90,5012,0.24888
qsort,double,MANY_DUPLICATES_90,6310,0.34245
qsort,double,MANY_DUPLICATES_90,7943,0.43776
qsort,double,MANY_DUPLICATES_90,10000,0.55332
qsort,double,MANY_DUPLICATES_90,12589,0.74775
qsort,double,MANY_DUPLICATES_90,15849,0.94134
qsort,double,MANY_DUPLICATES_90,19953,1.23717
qsort,double,MANY_DUPLICATES_90,25119,1.63355
qsort,double,MANY_DUPLICATES_90,31623,2.05370
qsort,double,MANY_DUPLICATES_90,39811,2.57472
qsort,double,MANY_DUPLICATES_90,50119,3.39478
qsort,double,MANY_DUPLICATES_90,63096,4.33147
qsort,double,MANY_DUPLICATES_90,79433,5.54166
qsort,double,MANY_DUPLICATES_90,100000,7.02439
qsort,double,MANY_DUPLICATES_90,125893,9.27528
qsort,double,MANY_DUPLICATES_90,158489,11.88950
qsort,double,MANY_DUPLICATES_90,199526,14.91160
qsort,double,MANY_DUPLICATES_90,251189,19.26420
qsort,double,MANY_DUPLICATES_90,316228,25.09290
qsort,double,MANY_DUPLICATES_90,398107,31.82240
qsort,double,MANY_DUPLICATES_90,501187,41.06670
qsort,double,MANY_DUPLICATES_90,630957,52.44580
qsort,double,MANY_DUPLICATES_90,794328,67.36620
qsort,double,MANY_DUPLICATES_90,1000000,86.92020
qsort,double,MANY_DUPLICATES_90,1258925,112.92000
qsort,double,MANY_DUPLICATES_90,1584893,140.89200
qsort,double,MANY_DUPLICATES_90,1995262,183.60100
qsort,double,MANY_DUPLICATES_90,2511886,235.03900
qsort,double,MANY_DUPLICATES_90,3162277,298.80000
qsort,double,MANY_DUPLICATES_90,3981071,387.39700
qsort,double,MANY_DUPLICATES_90,5011872,497.34200
qsort,double,MANY_DUPLICATES_90,6309573,632.44700
qsort,double,MANY_DUPLICATES_90,7943282,815.18800
qsort,double,MANY_DUPLICATES_90,10000000,1035.54000
qsort,double,NEARLY_SORTED,1000,0.02556
qsort,double,NEARLY_SORTED,1259,0.03288
qsort,double,NEARLY_SORTED,1585,0.03927
qsort,double,NEARLY_SORTED,1995,0.05352
qsort,double,NEARLY_SORTED,2512,0.06430
qsort,double,NEARLY_SORTED,3162,0.08516
qsort,double,NEARLY_SORTED,3981,0.11140
qsort,double,NEARLY_SORTED,5012,0.14325
qsort,double,NEARLY_SORTED,6310,0.18591
qsort,double,NEARLY_SORTED,7943,0.25067
qsort,double,NEARLY_SORTED,10000,0.31442
qsort,double,NEARLY_SORTED,12589,0.41028
qsort,double,NEARLY_SORTED,15849,0.53111
qsort,double,NEARLY_SORTED,19953,0.65553
qsort,double,NEARLY_SORTED,25119,0.85859
qsort,double,NEARLY_SORTED,31623,1.11246
qsort,double,NEARLY_SORTED,39811,1.40350
qsort,double,NEARLY_SORTED,50119,1.80683
qsort,double,NEARLY_SORTED,63096,2.31633
qsort,double,NEARLY_SORTED,79433,3.07585
qsort,double,NEARLY_SORTED,100000,3.82958
qsort,double,NEARLY_SORTED,125893,4.90013
qsort,double,NEARLY_SORTED,158489,6.27525
qsort,double,NEARLY_SORTED,199526,8.01717
qsort,double,NEARLY_SORTED,251189,10.43700
qsort,double,NEARLY_SORTED,316228,13.22230
qsort,double,NEARLY_SORTED,398107,17.01120
qsort,double,NEARLY_SORTED,501187,21.83960
qsort,double,NEARLY_SORTED,630957,28.19920
qsort,double,NEARLY_SORTED,794328,35.62770
qsort,double,NEARLY_SORTED,1000000,46.74960
qsort,double,NEARLY_SORTED,1258925,58.74790
qsort,double,NEARLY_SORTED,1584893,75.61500
qsort,double,NEARLY_SORTED,1995262,98.09000
qsort,double,NEARLY_SORTED,2511886,123.78100
qsort,double,NEARLY_SORTED,3162277,159.77700
qsort,double,NEARLY_SORTED,3981071,205.65500
qsort,double,NEARLY_SORTED,5011872,261.22400
qsort,double,NEARLY_SORTED,6309573,335.25800
qsort,double,NEARLY_SORTED,7943282,433.38500
qsort,double,NEARLY_SORTED,10000000,552.63400
qsort,double,ORGAN_PIPE,1000,0.01507
qsort,double,ORGAN_PIPE,1259,0.04541
qsort,double,ORGAN_PIPE,1585,0.03259
qsort,double,ORGAN_PIPE,1995,0.03506
qsort,double,ORGAN_PIPE,2512,0.04018
qsort,double,ORGAN_PIPE,3162,0.04810
qsort,double,ORGAN_PIPE,3981,0.06249
qsort,double,ORGAN_PIPE,5012,0.09263
qsort,double,ORGAN_PIPE,6310,0.11111
qsort,double,ORGAN_PIPE,7943,0.16452
qsort,double,ORGAN_PIPE,10000,0.18099
qsort,double,ORGAN_PIPE,12589,0.30668
qsort,double,ORGAN_PIPE,15849,0.28540
qsort,double,ORGAN_PIPE,19953,0.36196
qsort,double,ORGAN_PIPE,25119,0.45581
qsort,double,ORGAN_PIPE,31623,0.60663
qsort,double,ORGAN_PIPE,39811,0.81065
qsort,double,ORGAN_PIPE,50119,1.02279
qsort,double,ORGAN_PIPE,63096,1.32718
qsort,double,ORGAN_PIPE,79433,1.56513
qsort,double,ORGAN_PIPE,100000,2.06404
qsort,double,ORGAN_PIPE,125893,2.62307
qsort,double,ORGAN_PIPE,158489,3.33219
qsort,double,ORGAN_PIPE,199526,4.21489
qsort,double,ORGAN_PIPE,251189,5.41001
qsort,double,ORGAN_PIPE,316228,6.77120
qsort,double,ORGAN_PIPE,398107,8.76747
qsort,double,ORGAN_PIPE,501187,11.03340
qsort,double,ORGAN_PIPE,630957,14.18580
qsort,double,ORGAN_PIPE,794328,18.55150
qsort,double,ORGAN_PIPE,1000000,23.25180
qsort,double,ORGAN_PIPE,1258925,29.89460
qsort,double,ORGAN_PIPE,1584893,38.13300
qsort,double,ORGAN_PIPE,1995262,49.62060
qsort,double,ORGAN_PIPE,2511886,62.79090
qsort,double,ORGAN_PIPE,3162277,81.34600
qsort,double,ORGAN_PIPE,3981071,103.93800
qsort,double,ORGAN_PIPE,5011872,131.18500
qsort,double,ORGAN_PIPE,6309573,173.15500
qsort,double,ORGAN_PIPE,7943282,222.26900
qsort,double,ORGAN_PIPE,10000000,274.53000
qsort,double,RANDOM,1000,0.03901
qsort,double,RANDOM,1259,0.05070
qsort,double,RANDOM,1585,0.07456
qsort,double,RANDOM,1995,0.09199
qsort,double,RANDOM,2512,0.11846
qsort,double,RANDOM,3162,0.15679
qsort,double,RANDOM,3981,0.20048
qsort,double,RANDOM,5012,0.25872
qsort,double,RANDOM,6310,0.33708
qsort,double,RANDOM,7943,0.43366
qsort,double,RANDOM,10000,0.57262
qsort,double,RANDOM,12589,0.74324
qsort,double,RANDOM,15849,0.96554
qsort,double,RANDOM,19953,1.20768
qsort,double,RANDOM,25119,1.58979
qsort,double,RANDOM,31623,2.05360
qsort,double,RANDOM,39811,2.60486
qsort,double,RANDOM,50119,3.34523
qsort,double,RANDOM,63096,4.36193
qsort,double,RANDOM,79433,5.57327
qsort,double,RANDOM,100000,7.21624
qsort,double,RANDOM,125893,9.32638
qsort,double,RANDOM,158489,11.83300
qsort,double,RANDOM,199526,15.27630
qsort,double,RANDOM,251189,19.36400
qsort,double,RANDOM,316228,24.92870
qsort,double,RANDOM,398107,32.29700
qsort,double,RANDOM,501187,41.45180
qsort,double,RANDOM,630957,52.58340
qsort,double,RANDOM,794328,68.83230
qsort,double,RANDOM,1000000,86.99510
qsort,double,RANDOM,1258925,111.72800
qsort,double,RANDOM,1584893,145.17800
qsort,double,RANDOM,1995262,187.00100
qsort,double,RANDOM,2511886,238.65100
qsort,double,RANDOM,3162277,301.01100
qsort,double,RANDOM,3981071,389.14400
qsort,double,RANDOM,5011872,496.88500
qsort,double,RANDOM,6309573,634.02100
qsort,double,RANDOM,7943282,821.70800
qsort,double,RANDOM,10000000,1053.81000
qsort,double,REVERSE_SORTED,1000,0.01242
qsort,double,REVERSE_SORTED,1259,0.01630
qsort,double,REVERSE_SORTED,1585,0.02052
qsort,double,REVERSE_SORTED,1995,0.02657
qsort,double,REVERSE_SORTED,2512,0.03390
qsort,double,REVERSE_SORTED,3162,0.04327
qsort,double,REVERSE_SORTED,3981,0.05194
qsort,double,REVERSE_SORTED,5012,0.06963
qsort,double,REVERSE_SORTED,6310,0.08889
qsort,double,REVERSE_SORTED,7943,0.11041
qsort,double,REVERSE_SORTED,10000,0.15431
qsort,double,REVERSE_SORTED,12589,0.20002
qsort,double,REVERSE_SORTED,15849,0.25801
qsort,double,REVERSE_SORTED,19953,0.33308
qsort,double,REVERSE_SORTED,25119,0.41942
qsort,double,REVERSE_SORTED,31623,0.53324
qsort,double,REVERSE_SORTED,39811,0.70542
qsort,double,REVERSE_SORTED,50119,0.89278
qsort,double,REVERSE_SORTED,63096,1.12997
qsort,double,REVERSE_SORTED,79433,1.49095
qsort,double,REVERSE_SORTED,100000,1.88001
qsort,double,REVERSE_SORTED,125893,2.42182
qsort,double,REVERSE_SORTED,158489,3.12096
qsort,double,REVERSE_SORTED,199526,3.90767
qsort,double,REVERSE_SORTED,251189,4.89640
qsort,double,REVERSE_SORTED,316228,6.62838
qsort,double,REVERSE_SORTED,398107,8.37164
qsort,double,REVERSE_SORTED,501187,10.39980
qsort,double,REVERSE_SORTED,630957,13.47520
qsort,double,REVERSE_SORTED,794328,17.26460
qsort,double,REVERSE_SORTED,1000000,22.09010
qsort,double,REVERSE_SORTED,1258925,28.42680
qsort,double,REVERSE_SORTED,1584893,36.46550
qsort,double,REVERSE_SORTED,1995262,46.71260
qsort,double,REVERSE_SORTED,2511886,62.21650
qsort,double,REVERSE_SORTED,3162277,78.69340
qsort,double,REVERSE_SORTED,3981071,100.16600
qsort,double,REVERSE_SORTED,5011872,131.01400
qsort,double,REVERSE_SORTED,6309573,166.26800
qsort,double,REVERSE_SORTED,7943282,210.14300
qsort,double,REVERSE_SORTED,10000000,275.85600
qsort,double,SAWTOOTH,1000,0.01863
qsort,double,SAWTOOTH,1259,0.02497
qsort,double,SAWTOOTH,1585,0.03753
qsort,double,SAWTOOTH,1995,0.04146
qsort,double,SAWTOOTH,2512,0.04910
qsort,double,SAWTOOTH,3162,0.06879
qsort,double,SAWTOOTH,3981,0.08626
qsort,double,SAWTOOTH,5012,0.09613
qsort,double,SAWTOOTH,6310,0.11725
qsort,double,SAWTOOTH,7943,0.15624
qsort,double,SAWTOOTH,10000,0.22166
qsort,double,SAWTOOTH,12589,0.27569
qsort,double,SAWTOOTH,15849,0.35271
qsort,double,SAWTOOTH,19953,0.46242
qsort,double,SAWTOOTH,25119,0.57102
qsort,double,SAWTOOTH,31623,0.75525
qsort,double,SAWTOOTH,39811,0.88090
qsort,double,SAWTOOTH,50119,1.13446
qsort,double,SAWTOOTH,63096,1.50400
qsort,double,SAWTOOTH,79433,1.88995
qsort,double,SAWTOOTH,100000,2.38321
qsort,double,SAWTOOTH,125893,3.15348
qsort,double,SAWTOOTH,158489,4.13053
qsort,double,SAWTOOTH,199526,4.87051
qsort,double,SAWTOOTH,251189,6.37715
qsort,double,SAWTOOTH,316228,7.94374
qsort,double,SAWTOOTH,398107,10.08770
qsort,double,SAWTOOTH,501187,12.92430
qsort,double,SAWTOOTH,630957,16.38590
qsort,double,SAWTOOTH,794328,21.15610
qsort,double,SAWTOOTH,1000000,26.51880
qsort,double,SAWTOOTH,1258925,34.26590
qsort,double,SAWTOOTH,1584893,44.87820
qsort,double,SAWTOOTH,1995262,56.06870
qsort,double,SAWTOOTH,2511886,72.03150
qsort,double,SAWTOOTH,3162277,91.63310
qsort,double,SAWTOOTH,3981071,119.42600
qsort,double,SAWTOOTH,5011872,146.94700
qsort,double,SAWTOOTH,6309573,191.86200
qsort,double,SAWTOOTH,7943282,247.56700
qsort,double,SAWTOOTH,10000000,306.40600
qsort,int,MANY_DUPLICATES_10,1000,0.03794
qsort,int,MANY_DUPLICATES_10,1259,0.04895
qsort,int,MANY_DUPLICATES_10,1585,0.06728
qsort,int,MANY_DUPLICATES_10,1995,0.08535
qsort,int,MANY_DUPLICATES_10,2512,0.11310
qsort,int,MANY_DUPLICATES_10,3162,0.14494
qsort,int,MANY_DUPLICATES_10,3981,0.18614
qsort,int,MANY_DUPLICATES_10,5012,0.25063
qsort,int,MANY_DUPLICATES_10,6310,0.32258
qsort,int,MANY_DUPLICATES_10,7943,0.41384
qsort,int,MANY_DUPLICATES_10,10000,0.52875
qsort,int,MANY_DUPLICATES_10,12589,0.68578
qsort,int,MANY_DUPLICATES_10,15849,0.90131
qsort,int,MANY_DUPLICATES_10,19953,1.18786
qsort,int,MANY_DUPLICATES_10,25119,1.51435
qsort,int,MANY_DUPLICATES_10,31623,1.94363
qsort,int,MANY_DUPLICATES_10,39811,2.51337
qsort,int,MANY_DUPLICATES_10,50119,3.22526
qsort,int,MANY_DUPLICATES_10,63096,4.18806
qsort,int,MANY_DUPLICATES_10,79433,5.28635
qsort,int,MANY_DUPLICATES_10,100000,6.90632
qsort,int,MANY_DUPLICATES_10,125893,8.68932
qsort,int,MANY_DUPLICATES_10,158489,11.17450
qsort,int,MANY_DUPLICATES_10,199526,14.26800
qsort,int,MANY_DUPLICATES_10,251189,18.42640
qsort,int,MANY_DUPLICATES_10,316228,23.73540
qsort,int,MANY_DUPLICATES_10,398107,30.33100
qsort,int,MANY_DUPLICATES_10,501187,39.02180
qsort,int,MANY_DUPLICATES_10,630957,50.52680
qsort,int,MANY_DUPLICATES_10,794328,64.78270
qsort,int,MANY_DUPLICATES_10,1000000,83.59490
qsort,int,MANY_DUPLICATES_10,1258925,104.35100
qsort,int,MANY_DUPLICATES_10,1584893,134.01800
qsort,int,MANY_DUPLICATES_10,1995262,173.85100
qsort,int,MANY_DUPLICATES_10,2511886,221.38600
qsort,int,MANY_DUPLICATES_10,3162277,286.31500
qsort,int,MANY_DUPLICATES_10,3981071,365.26800
qsort,int,MANY_DUPLICATES_10,5011872,467.79500
qsort,int,MANY_DUPLICATES_10,6309573,601.07000
qsort,int,MANY_DUPLICATES_10,7943282,764.05700
qsort,int,MANY_DUPLICATES_10,10000000,974.28500
qsort,int,MANY_DUPLICATES_50,1000,0.03988
qsort,int,MANY_DUPLICATES_50,1259,0.05272
qsort,int,MANY_DUPLICATES_50,1585,0.07043
qsort,int,MANY_DUPLICATES_50,1995,0.08966
qsort,int,MANY_DUPLICATES_50,2512,0.12127
qsort,int,MANY_DUPLICATES_50,3162,0.15210
qsort,int,MANY_DUPLICATES_50,3981,0.19573
qsort,int,MANY_DUPLICATES_50,5012,0.26069
qsort,int,MANY_DUPLICATES_50,6310,0.33660
qsort,int,MANY_DUPLICATES_50,7943,0.43213
qsort,int,MANY_DUPLICATES_50,10000,0.56527
qsort,int,MANY_DUPLICATES_50,12589,0.72166
qsort,int,MANY_DUPLICATES_50,15849,0.91976
qsort,int,MANY_DUPLICATES_50,19953,1.20526
qsort,int,MANY_DUPLICATES_50,25119,1.56855
qsort,int,MANY_DUPLICATES_50,31623,1.99928
qsort,int,MANY_DUPLICATES_50,39811,2.60989
qsort,int,MANY_DUPLICATES_50,50119,3.34575
qsort,int,MANY_DUPLICATES_50,63096,4.39959
qsort,int,MANY_DUPLICATES_50,79433,5.51824
qsort,int,MANY_DUPLICATES_50,100000,7.08251
qsort,int,MANY_DUPLICATES_50,125893,8.93819
qsort,int,MANY_DUPLICATES_50,158489,11.54160
qsort,int,MANY_DUPLICATES_50,199526,14.81030
qsort,int,MANY_DUPLICATES_50,251189,18.94860
qsort,int,MANY_DUPLICATES_50,316228,24.27010
qsort,int,MANY_DUPLICATES_50,398107,31.23250
qsort,int,MANY_DUPLICATES_50,501187,39.84900
qsort,int,MANY_DUPLICATES_50,630957,51.23770
qsort,int,MANY_DUPLICATES_50,794328,66.95480
qsort,int,MANY_DUPLICATES_50,1000000,85.02350
qsort,int,MANY_DUPLICATES_50,1258925,108.51900
qsort,int,MANY_DUPLICATES_50,1584893,139.28900
qsort,int,MANY_DUPLICATES_50,1995262,177.47200
qsort,int,MANY_DUPLICATES_50,2511886,227.09300
qsort,int,MANY_DUPLICATES_50,3162277,290.05700
qsort,int,MANY_DUPLICATES_50,3981071,376.64900
qsort,int,MANY_DUPLICATES_50,5011872,481.65300
qsort,int,MANY_DUPLICATES_50,6309573,616.34400
qsort,int,MANY_DUPLICATES_50,7943282,787.32600
qsort,int,MANY_DUPLICATES_50,10000000,1009.90000
qsort,int,MANY_DUPLICATES_90,1000,0.03675
qsort,int,MANY_DUPLICATES_90,1259,0.05358
qsort,int,MANY_DUPLICATES_90,1585,0.06530
qsort,int,MANY_DUPLICATES_90,1995,0.09231
qsort,int,MANY_DUPLICATES_90,2512,0.11614
qsort,int,MANY_DUPLICATES_90,3162,0.15144
qsort,int,MANY_DUPLICATES_90,3981,0.19645
qsort,int,MANY_DUPLICATES_90,5012,0.24991
qsort,int,MANY_DUPLICATES_90,6310,0.32866
qsort,int,MANY_DUPLICATES_90,7943,0.42762
qsort,int,MANY_DUPLICATES_90,10000,0.54409
qsort,int,MANY_DUPLICATES_90,12589,0.72305
qsort,int,MANY_DUPLICATES_90,15849,0.91353
qsort,int,MANY_DUPLICATES_90,19953,1.19819
qsort,int,MANY_DUPLICATES_90,25119,1.55505
qsort,int,MANY_DUPLICATES_90,31623,1.98445
qsort,int,MANY_DUPLICATES_90,39811,2.58417
qsort,int,MANY_DUPLICATES_90,50119,3.35513
qsort,int,MANY_DUPLICATES_90,63096,4.28186
qsort,int,MANY_DUPLICATES_90,79433,5.54879
qsort,int,MANY_DUPLICATES_90,100000,7.13496
qsort,int,MANY_DUPLICATES_90,125893,9.07249
qsort,int,MANY_DUPLICATES_90,158489,11.48820
qsort,int,MANY_DUPLICATES_90,199526,14.74720
qsort,int,MANY_DUPLICATES_90,251189,18.93220
qsort,int,MANY_DUPLICATES_90,316228,24.47620
qsort,int,MANY_DUPLICATES_90,398107,31.22940
qsort,int,MANY_DUPLICATES_90,501187,40.09500
qsort,int,MANY_DUPLICATES_90,630957,51.66380
qsort,int,MANY_DUPLICATES_90,794328,65.57350
qsort,int,MANY_DUPLICATES_90,1000000,84.63940
qsort,int,MANY_DUPLICATES_90,1258925,108.95100
qsort,int,MANY_DUPLICATES_90,1584893,138.38400
qsort,int,MANY_DUPLICATES_90,1995262,178.37200
qsort,int,MANY_DUPLICATES_90,2511886,227.67900
qsort,int,MANY_DUPLICATES_90,3162277,295.34000
qsort,int,MANY_DUPLICATES_90,3981071,373.98000
qsort,int,MANY_DUPLICATES_90,5011872,479.02000
qsort,int,MANY_DUPLICATES_90,6309573,616.01700
qsort,int,MANY_DUPLICATES_90,7943282,790.91300
qsort,int,MANY_DUPLICATES_90,10000000,1007.70000
qsort,int,NEARLY_SORTED,1000,0.04147
qsort,int,NEARLY_SORTED,1259,0.04045
qsort,int,NEARLY_SORTED,1585,0.07046
qsort,int,NEARLY_SORTED,1995,0.06754
qsort,int,NEARLY_SORTED,2512,0.11207
qsort,int,NEARLY_SORTED,3162,0.12064
qsort,int,NEARLY_SORTED,3981,0.19324
qsort,int,NEARLY_SORTED,5012,0.18611
qsort,int,NEARLY_SORTED,6310,0.23158
qsort,int,NEARLY_SORTED,7943,0.41698
qsort,int,NEARLY_SORTED,10000,0.37605
qsort,int,NEARLY_SORTED,12589,0.47080
qsort,int,NEARLY_SORTED,15849,0.59382
qsort,int,NEARLY_SORTED,19953,0.87776
qsort,int,NEARLY_SORTED,25119,1.08722
qsort,int,NEARLY_SORTED,31623,1.42057
qsort,int,NEARLY_SORTED,39811,2.21112
qsort,int,NEARLY_SORTED,50119,2.28628
qsort,int,NEARLY_SORTED,63096,2.92335
qsort,int,NEARLY_SORTED,79433,3.86749
qsort,int,NEARLY_SORTED,100000,5.06719
qsort,int,NEARLY_SORTED,125893,6.27206
qsort,int,NEARLY_SORTED,158489,7.96572
qsort,int,NEARLY_SORTED,199526,10.26090
qsort,int,NEARLY_SORTED,251189,12.98620
qsort,int,NEARLY_SORTED,316228,16.76440
qsort,int,NEARLY_SORTED,398107,21.25120
qsort,int,NEARLY_SORTED,501187,29.50480
qsort,int,NEARLY_SORTED,630957,36.93010
qsort,int,NEARLY_SORTED,794328,48.72170
qsort,int,NEARLY_SORTED,1000000,59.52340
qsort,int,NEARLY_SORTED,1258925,74.06990
qsort,int,NEARLY_SORTED,1584893,97.82140
qsort,int,NEARLY_SORTED,1995262,127.42200
qsort,int,NEARLY_SORTED,2511886,162.50100
qsort,int,NEARLY_SORTED,3162277,210.87000
qsort,int,NEARLY_SORTED,3981071,268.55900
qsort,int,NEARLY_SORTED,5011872,344.15100
qsort,int,NEARLY_SORTED,6309573,447.23500
qsort,int,NEARLY_SORTED,7943282,586.67400
qsort,int,NEARLY_SORTED,10000000,761.72300
qsort,int,ORGAN_PIPE,1000,0.01416
qsort,int,ORGAN_PIPE,1259,0.01778
qsort,int,ORGAN_PIPE,1585,0.02260
qsort,int,ORGAN_PIPE,1995,0.02899
qsort,int,ORGAN_PIPE,2512,0.03676
qsort,int,ORGAN_PIPE,3162,0.04555
qsort,int,ORGAN_PIPE,3981,0.05827
qsort,int,ORGAN_PIPE,5012,0.07533
qsort,int,ORGAN_PIPE,6310,0.09424
qsort,int,ORGAN_PIPE,7943,0.12283
qsort,int,ORGAN_PIPE,10000,0.15828
qsort,int,ORGAN_PIPE,12589,0.20351
qsort,int,ORGAN_PIPE,15849,0.25660
qsort,int,ORGAN_PIPE,19953,0.33898
qsort,int,ORGAN_PIPE,25119,0.43639
qsort,int,ORGAN_PIPE,31623,0.55783
qsort,int,ORGAN_PIPE,39811,0.72155
qsort,int,ORGAN_PIPE,50119,0.92089
qsort,int,ORGAN_PIPE,63096,1.17760
qsort,int,ORGAN_PIPE,79433,1.51374
qsort,int,ORGAN_PIPE,100000,1.89481
qsort,int,ORGAN_PIPE,125893,2.43437
qsort,int,ORGAN_PIPE,158489,3.09723
qsort,int,ORGAN_PIPE,199526,3.98797
qsort,int,ORGAN_PIPE,251189,5.09158
qsort,int,ORGAN_PIPE,316228,6.67116
qsort,int,ORGAN_PIPE,398107,8.30998
qsort,int,ORGAN_PIPE,501187,10.64810
qsort,int,ORGAN_PIPE,630957,13.58670
qsort,int,ORGAN_PIPE,794328,17.23620
qsort,int,ORGAN_PIPE,1000000,22.13940
qsort,int,ORGAN_PIPE,1258925,28.16410
qsort,int,ORGAN_PIPE,1584893,36.09970
qsort,int,ORGAN_PIPE,1995262,45.85770
qsort,int,ORGAN_PIPE,2511886,58.62410
qsort,int,ORGAN_PIPE,3162277,74.18520
qsort,int,ORGAN_PIPE,3981071,95.77630
qsort,int,ORGAN_PIPE,5011872,123.04100
qsort,int,ORGAN_PIPE,6309573,157.95400
qsort,int,ORGAN_PIPE,7943282,203.01300
qsort,int,ORGAN_PIPE,10000000,258.68100
qsort,int,RANDOM,1000,0.05679
qsort,int,RANDOM,1259,0.09215
qsort,int,RANDOM,1585,0.09171
qsort,int,RANDOM,1995,0.12300
qsort,int,RANDOM,2512,0.16609
qsort,int,RANDOM,3162,0.22726
qsort,int,RANDOM,3981,0.26089
qsort,int,RANDOM,5012,0.35586
qsort,int,RANDOM,6310,0.47314
qsort,int,RANDOM,7943,0.62384
qsort,int,RANDOM,10000,0.79046
qsort,int,RANDOM,12589,0.97212
qsort,int,RANDOM,15849,1.26111
qsort,int,RANDOM,19953,1.63528
qsort,int,RANDOM,25119,2.19337
qsort,int,RANDOM,31623,2.78737
qsort,int,RANDOM,39811,3.52936
qsort,int,RANDOM,50119,4.49647
qsort,int,RANDOM,63096,5.81562
qsort,int,RANDOM,79433,7.65942
qsort,int,RANDOM,100000,9.78196
qsort,int,RANDOM,125893,12.25430
qsort,int,RANDOM,158489,16.89880
qsort,int,RANDOM,199526,21.89490
qsort,int,RANDOM,251189,27.78920
qsort,int,RANDOM,316228,32.22890
qsort,int,RANDOM,398107,45.01620
qsort,int,RANDOM,501187,56.30140
qsort,int,RANDOM,630957,71.92550
qsort,int,RANDOM,794328,93.61120
qsort,int,RANDOM,1000000,121.28200
qsort,int,RANDOM,1258925,151.78100
qsort,int,RANDOM,1584893,200.28500
qsort,int,RANDOM,1995262,256.57300
qsort,int,RANDOM,2511886,322.26100
qsort,int,RANDOM,3162277,421.56300
qsort,int,RANDOM,3981071,536.65100
qsort,int,RANDOM,5011872,701.72900
qsort,int,RANDOM,6309573,869.45800
qsort,int,RANDOM,7943282,1119.59000
qsort,int,RANDOM,10000000,1476.45000
qsort,int,REVERSE_SORTED,1000,0.02100
qsort,int,REVERSE_SORTED,1259,0.02555
qsort,int,REVERSE_SORTED,1585,0.03131
qsort,int,REVERSE_SORTED,1995,0.03782
qsort,int,REVERSE_SORTED,2512,0.05150
qsort,int,REVERSE_SORTED,3162,0.06802
qsort,int,REVERSE_SORTED,3981,0.08237
qsort,int,REVERSE_SORTED,5012,0.11159
qsort,int,REVERSE_SORTED,6310,0.14525
qsort,int,REVERSE_SORTED,7943,0.17892
qsort,int,REVERSE_SORTED,10000,0.24375
qsort,int,REVERSE_SORTED,12589,0.30953
qsort,int,REVERSE_SORTED,15849,0.37591
qsort,int,REVERSE_SORTED,19953,0.51089
qsort,int,REVERSE_SORTED,25119,0.65209
qsort,int,REVERSE_SORTED,31623,0.82590
qsort,int,REVERSE_SORTED,39811,1.05701
qsort,int,REVERSE_SORTED,50119,1.29868
qsort,int,REVERSE_SORTED,63096,1.73793
qsort,int,REVERSE_SORTED,79433,2.23759
qsort,int,REVERSE_SORTED,100000,2.93202
qsort,int,REVERSE_SORTED,125893,3.59747
qsort,int,REVERSE_SORTED,158489,4.52910
qsort,int,REVERSE_SORTED,199526,6.01143
qsort,int,REVERSE_SORTED,251189,7.28382
qsort,int,REVERSE_SORTED,316228,9.51689
qsort,int,REVERSE_SORTED,398107,12.35930
qsort,int,REVERSE_SORTED,501187,14.89190
qsort,int,REVERSE_SORTED,630957,21.05610
qsort,int,REVERSE_SORTED,794328,25.65640
qsort,int,REVERSE_SORTED,1000000,31.01120
qsort,int,REVERSE_SORTED,1258925,42.33640
qsort,int,REVERSE_SORTED,1584893,51.75600
qsort,int,REVERSE_SORTED,1995262,70.92870
qsort,int,REVERSE_SORTED,2511886,91.80700
qsort,int,REVERSE_SORTED,3162277,115.29900
qsort,int,REVERSE_SORTED,3981071,141.03800
qsort,int,REVERSE_SORTED,5011872,183.94500
qsort,int,REVERSE_SORTED,6309573,232.88300
qsort,int,REVERSE_SORTED,7943282,216.15300
qsort,int,REVERSE_SORTED,10000000,276.98100
qsort,int,SAWTOOTH,1000,0.01625
qsort,int,SAWTOOTH,1259,0.02053
qsort,int,SAWTOOTH,1585,0.02639
qsort,int,SAWTOOTH,1995,0.03421
qsort,int,SAWTOOTH,2512,0.04173
qsort,int,SAWTOOTH,3162,0.05188
qsort,int,SAWTOOTH,3981,0.06738
qsort,int,SAWTOOTH,5012,0.08334
qsort,int,SAWTOOTH,6310,0.10719
qsort,int,SAWTOOTH,7943,0.13684
qsort,int,SAWTOOTH,10000,0.17051
qsort,int,SAWTOOTH,12589,0.22170
qsort,int,SAWTOOTH,15849,0.28374
qsort,int,SAWTOOTH,19953,0.36251
qsort,int,SAWTOOTH,25119,0.51726
qsort,int,SAWTOOTH,31623,0.62546
qsort,int,SAWTOOTH,39811,0.76774
qsort,int,SAWTOOTH,50119,1.02666
qsort,int,SAWTOOTH,63096,1.30893
qsort,int,SAWTOOTH,79433,1.61459
qsort,int,SAWTOOTH,100000,2.06667
qsort,int,SAWTOOTH,125893,2.65025
qsort,int,SAWTOOTH,158489,3.34091
qsort,int,SAWTOOTH,199526,4.25131
qsort,int,SAWTOOTH,251189,5.49665
qsort,int,SAWTOOTH,316228,6.99768
qsort,int,SAWTOOTH,398107,8.82127
qsort,int,SAWTOOTH,501187,11.43830
qsort,int,SAWTOOTH,630957,14.42070
qsort,int,SAWTOOTH,794328,18.57940
qsort,int,SAWTOOTH,1000000,23.81770
qsort,int,SAWTOOTH,1258925,29.52050
qsort,int,SAWTOOTH,1584893,38.64310
qsort,int,SAWTOOTH,1995262,48.75980
qsort,int,SAWTOOTH,2511886,63.55160
qsort,int,SAWTOOTH,3162277,79.21480
qsort,int,SAWTOOTH,3981071,102.53400
qsort,int,SAWTOOTH,5011872,129.32600
qsort,int,SAWTOOTH,6309573,166.95900
qsort,int,SAWTOOTH,7943282,210.27600
qsort,int,SAWTOOTH,10000000,268.94700
std_sort,double,MANY_DUPLICATES_10,1000,0.02396
std_sort,double,MANY_DUPLICATES_10,1259,0.03008
std_sort,double,MANY_DUPLICATES_10,1585,0.04684
std_sort,double,MANY_DUPLICATES_10,1995,0.04802
std_sort,double,MANY_DUPLICATES_10,2512,0.07348
std_sort,double,MANY_DUPLICATES_10,3162,0.09198
std_sort,double,MANY_DUPLICATES_10,3981,0.12916
std_sort,double,MANY_DUPLICATES_10,5012,0.16185
std_sort,double,MANY_DUPLICATES_10,6310,0.20930
std_sort,double,MANY_DUPLICATES_10,7943,0.26304
std_sort,double,MANY_DUPLICATES_10,10000,0.36086
std_sort,double,MANY_DUPLICATES_10,12589,0.44906
std_sort,double,MANY_DUPLICATES_10,15849,0.60864
std_sort,double,MANY_DUPLICATES_10,19953,0.76029
std_sort,double,MANY_DUPLICATES_10,25119,0.98571
std_sort,double,MANY_DUPLICATES_10,31623,1.24550
std_sort,double,MANY_DUPLICATES_10,39811,1.64125
std_sort,double,MANY_DUPLICATES_10,50119,2.11874
std_sort,double,MANY_DUPLICATES_10,63096,2.60935
std_sort,double,MANY_DUPLICATES_10,79433,3.37896
std_sort,double,MANY_DUPLICATES_10,100000,4.45094
std_sort,double,MANY_DUPLICATES_10,125893,5.63807
std_sort,double,MANY_DUPLICATES_10,158489,6.92689
std_sort,double,MANY_DUPLICATES_10,199526,9.16681
std_sort,double,MANY_DUPLICATES_10,251189,11.81400
std_sort,double,MANY_DUPLICATES_10,316228,15.57940
std_sort,double,MANY_DUPLICATES_10,398107,19.90280
std_sort,double,MANY_DUPLICATES_10,501187,24.57420
std_sort,double,MANY_DUPLICATES_10,630957,31.70990
std_sort,double,MANY_DUPLICATES_10,794328,40.57000
std_sort,double,MANY_DUPLICATES_10,1000000,52.51340
std_sort,double,MANY_DUPLICATES_10,1258925,66.97890
std_sort,double,MANY_DUPLICATES_10,1584893,86.70980
std_sort,double,MANY_DUPLICATES_10,1995262,113.40600
std_sort,double,MANY_DUPLICATES_10,2511886,145.74900
std_sort,double,MANY_DUPLICATES_10,3162277,185.32400
std_sort,double,MANY_DUPLICATES_10,3981071,236.81500
std_sort,double,MANY_DUPLICATES_10,5011872,302.92600
std_sort,double,MANY_DUPLICATES_10,6309573,388.26800
std_sort,double,MANY_DUPLICATES_10,7943282,497.14000
std_sort,double,MANY_DUPLICATES_10,10000000,635.31500
std_sort,double,MANY_DUPLICATES_50,1000,0.02194
std_sort,double,MANY_DUPLICATES_50,1259,0.03132
std_sort,double,MANY_DUPLICATES_50,1585,0.03938
std_sort,double,MANY_DUPLICATES_50,1995,0.05032
std_sort,double,MANY_DUPLICATES_50,2512,0.07681
std_sort,double,MANY_DUPLICATES_50,3162,0.09434
std_sort,double,MANY_DUPLICATES_50,3981,0.13256
std_sort,double,MANY_DUPLICATES_50,5012,0.16674
std_sort,double,MANY_DUPLICATES_50,6310,0.22470
std_sort,double,MANY_DUPLICATES_50,7943,0.29504
std_sort,double,MANY_DUPLICATES_50,10000,0.35135
std_sort,double,MANY_DUPLICATES_50,12589,0.44011
std_sort,double,MANY_DUPLICATES_50,15849,0.60654
std_sort,double,MANY_DUPLICATES_50,19953,0.78899
std_sort,double,MANY_DUPLICATES_50,25119,1.00091
std_sort,double,MANY_DUPLICATES_50,31623,1.26242
std_sort,double,MANY_DUPLICATES_50,39811,1.62190
std_sort,double,MANY_DUPLICATES_50,50119,2.12317
std_sort,double,MANY_DUPLICATES_50,63096,2.67565
std_sort,double,MANY_DUPLICATES_50,79433,3.58171
std_sort,double,MANY_DUPLICATES_50,100000,4.48424
std_sort,double,MANY_DUPLICATES_50,125893,5.92088
std_sort,double,MANY_DUPLICATES_50,158489,7.31136
std_sort,double,MANY_DUPLICATES_50,199526,9.29171
std_sort,double,MANY_DUPLICATES_50,251189,11.62410
std_sort,double,MANY_DUPLICATES_50,316228,15.42340
std_sort,double,MANY_DUPLICATES_50,398107,19.74160
std_sort,double,MANY_DUPLICATES_50,501187,24.99860
std_sort,double,MANY_DUPLICATES_50,630957,31.79960
std_sort,double,MANY_DUPLICATES_50,794328,41.46420
std_sort,double,MANY_DUPLICATES_50,1000000,52.93170
std_sort,double,MANY_DUPLICATES_50,1258925,68.78120
std_sort,double,MANY_DUPLICATES_50,1584893,87.48000
std_sort,double,MANY_DUPLICATES_50,1995262,113.71000
std_sort,double,MANY_DUPLICATES_50,2511886,147.94400
std_sort,double,MANY_DUPLICATES_50,3162277,184.30600
std_sort,double,MANY_DUPLICATES_50,3981071,233.64300
std_sort,double,MANY_DUPLICATES_50,5011872,297.73400
std_sort,double,MANY_DUPLICATES_50,6309573,382.27800
std_sort,double,MANY_DUPLICATES_50,7943282,499.48100
std_sort,double,MANY_DUPLICATES_50,10000000,643.06600
std_sort,double,MANY_DUPLICATES_90,1000,0.01887
std_sort,double,MANY_DUPLICATES_90,1259,0.03042
std_sort,double,MANY_DUPLICATES_90,1585,0.04268
std_sort,double,MANY_DUPLICATES_90,1995,0.05756
std_sort,double,MANY_DUPLICATES_90,2512,0.07580
std_sort,double,MANY_DUPLICATES_90,3162,0.09848
std_sort,double,MANY_DUPLICATES_90,3981,0.12499
std_sort,double,MANY_DUPLICATES_90,5012,0.16645
std_sort,double,MANY_DUPLICATES_90,6310,0.22050
std_sort,double,MANY_DUPLICATES_90,7943,0.29803
std_sort,double,MANY_DUPLICATES_90,10000,0.35289
std_sort,double,MANY_DUPLICATES_90,12589,0.45981
std_sort,double,MANY_DUPLICATES_90,15849,0.58005
std_sort,double,MANY_DUPLICATES_90,19953,0.82617
std_sort,double,MANY_DUPLICATES_90,25119,1.03147
std_sort,double,MANY_DUPLICATES_90,31623,1.27652
std_sort,double,MANY_DUPLICATES_90,39811,1.69717
std_sort,double,MANY_DUPLICATES_90,50119,2.11170
std_sort,double,MANY_DUPLICATES_90,63096,2.72467
std_sort,double,MANY_DUPLICATES_90,79433,3.50946
std_sort,double,MANY_DUPLICATES_90,100000,4.33906
std_sort,double,MANY_DUPLICATES_90,125893,5.70300
std_sort,double,MANY_DUPLICATES_90,158489,7.27869
std_sort,double,MANY_DUPLICATES_90,199526,9.24514
std_sort,double,MANY_DUPLICATES_90,251189,11.48900
std_sort,double,MANY_DUPLICATES_90,316228,15.39530
std_sort,double,MANY_DUPLICATES_90,398107,19.18720
std_sort,double,MANY_DUPLICATES_90,501187,25.09870
std_sort,double,MANY_DUPLICATES_90,630957,31.75170
std_sort,double,MANY_DUPLICATES_90,794328,41.38270
std_sort,double,MANY_DUPLICATES_90,1000000,54.25850
std_sort,double,MANY_DUPLICATES_90,1258925,68.58030
std_sort,double,MANY_DUPLICATES_90,1584893,88.93860
std_sort,double,MANY_DUPLICATES_90,1995262,114.77700
std_sort,double,MANY_DUPLICATES_90,2511886,147.39100
std_sort,double,MANY_DUPLICATES_90,3162277,189.45100
std_sort,double,MANY_DUPLICATES_90,3981071,263.32500
std_sort,double,MANY_DUPLICATES_90,5011872,350.86400
std_sort,double,MANY_DUPLICATES_90,6309573,432.95100
std_sort,double,MANY_DUPLICATES_90,7943282,544.47400
std_sort,double,MANY_DUPLICATES_90,10000000,708.31400
std_sort,double,NEARLY_SORTED,1000,0.01097
std_sort,double,NEARLY_SORTED,1259,0.01393
std_sort,double,NEARLY_SORTED,1585,0.02127
std_sort,double,NEARLY_SORTED,1995,0.02007
std_sort,double,NEARLY_SORTED,2512,0.02489
std_sort,double,NEARLY_SORTED,3162,0.03375
std_sort,double,NEARLY_SORTED,3981,0.04707
std_sort,double,NEARLY_SORTED,5012,0.06050
std_sort,double,NEARLY_SORTED,6310,0.07379
std_sort,double,NEARLY_SORTED,7943,0.10325
std_sort,double,NEARLY_SORTED,10000,0.13369
std_sort,double,NEARLY_SORTED,12589,0.18071
std_sort,double,NEARLY_SORTED,15849,0.24397
std_sort,double,NEARLY_SORTED,19953,0.29096
std_sort,double,NEARLY_SORTED,25119,0.36767
std_sort,double,NEARLY_SORTED,31623,0.46389
std_sort,double,NEARLY_SORTED,39811,0.60866
std_sort,double,NEARLY_SORTED,50119,0.81492
std_sort,double,NEARLY_SORTED,63096,1.00624
std_sort,double,NEARLY_SORTED,79433,1.29308
std_sort,double,NEARLY_SORTED,100000,1.68079
std_sort,double,NEARLY_SORTED,125893,2.19305
std_sort,double,NEARLY_SORTED,158489,2.77378
std_sort,double,NEARLY_SORTED,199526,3.37309
std_sort,double,NEARLY_SORTED,251189,4.39594
std_sort,double,NEARLY_SORTED,316228,5.72738
std_sort,double,NEARLY_SORTED,398107,7.25150
std_sort,double,NEARLY_SORTED,501187,9.76046
std_sort,double,NEARLY_SORTED,630957,12.08450
std_sort,double,NEARLY_SORTED,794328,15.56490
std_sort,double,NEARLY_SORTED,1000000,19.77880
std_sort,double,NEARLY_SORTED,1258925,25.39860
std_sort,double,NEARLY_SORTED,1584893,32.21310
std_sort,double,NEARLY_SORTED,1995262,41.88610
std_sort,double,NEARLY_SORTED,2511886,55.61420
std_sort,double,NEARLY_SORTED,3162277,69.35120
std_sort,double,NEARLY_SORTED,3981071,89.70660
std_sort,double,NEARLY_SORTED,5011872,115.46400
std_sort,double,NEARLY_SORTED,6309573,149.66200
std_sort,double,NEARLY_SORTED,7943282,188.79500
std_sort,double,NEARLY_SORTED,10000000,244.64800
std_sort,double,ORGAN_PIPE,1000,0.02182
std_sort,double,ORGAN_PIPE,1259,0.03097
std_sort,double,ORGAN_PIPE,1585,0.05448
std_sort,double,ORGAN_PIPE,1995,0.05317
std_sort,double,ORGAN_PIPE,2512,0.07054
std_sort,double,ORGAN_PIPE,3162,0.10843
std_sort,double,ORGAN_PIPE,3981,0.11876
std_sort,double,ORGAN_PIPE,5012,0.17773
std_sort,double,ORGAN_PIPE,6310,0.25684
std_sort,double,ORGAN_PIPE,7943,0.28093
std_sort,double,ORGAN_PIPE,10000,0.40354
std_sort,double,ORGAN_PIPE,12589,0.55193
std_sort,double,ORGAN_PIPE,15849,0.64890
std_sort,double,ORGAN_PIPE,19953,0.84596
std_sort,double,ORGAN_PIPE,25119,1.17491
std_sort,double,ORGAN_PIPE,31623,1.40136
std_sort,double,ORGAN_PIPE,39811,1.88609
std_sort,double,ORGAN_PIPE,50119,2.58291
std_sort,double,ORGAN_PIPE,63096,3.10377
std_sort,double,ORGAN_PIPE,79433,4.06978
std_sort,double,ORGAN_PIPE,100000,5.36777
std_sort,double,ORGAN_PIPE,125893,6.68065
std_sort,double,ORGAN_PIPE,158489,8.83833
std_sort,double,ORGAN_PIPE,199526,11.37970
std_sort,double,ORGAN_PIPE,251189,14.45660
std_sort,double,ORGAN_PIPE,316228,18.13350
std_sort,double,ORGAN_PIPE,398107,23.77880
std_sort,double,ORGAN_PIPE,501187,29.69220
std_sort,double,ORGAN_PIPE,630957,40.50990
std_sort,double,ORGAN_PIPE,794328,50.74230
std_sort,double,ORGAN_PIPE,1000000,65.77900
std_sort,double,ORGAN_PIPE,1258925,85.00020
std_sort,double,ORGAN_PIPE,1584893,107.59100
std_sort,double,ORGAN_PIPE,1995262,140.98500
std_sort,double,ORGAN_PIPE,2511886,180.95000
std_sort,double,ORGAN_PIPE,3162277,248.44700
std_sort,double,ORGAN_PIPE,3981071,311.74700
std_sort,double,ORGAN_PIPE,5011872,402.72800
std_sort,double,ORGAN_PIPE,6309573,515.17000
std_sort,double,ORGAN_PIPE,7943282,644.12400
std_sort,double,ORGAN_PIPE,10000000,841.54300
std_sort,double,RANDOM,1000,0.01455
std_sort,double,RANDOM,1259,0.03425
std_sort,double,RANDOM,1585,0.04828
std_sort,double,RANDOM,1995,0.06175
std_sort,double,RANDOM,2512,0.07186
std_sort,double,RANDOM,3162,0.09254
std_sort,double,RANDOM,3981,0.12696
std_sort,double,RANDOM,5012,0.16255
std_sort,double,RANDOM,6310,0.20670
std_sort,double,RANDOM,7943,0.27373
std_sort,double,RANDOM,10000,0.35317
std_sort,double,RANDOM,12589,0.45163
std_sort,double,RANDOM,15849,0.59889
std_sort,double,RANDOM,19953,0.77687
std_sort,double,RANDOM,25119,0.98510
std_sort,double,RANDOM,31623,1.22934
std_sort,double,RANDOM,39811,1.63758
std_sort,double,RANDOM,50119,2.09762
std_sort,double,RANDOM,63096,2.55332
std_sort,double,RANDOM,79433,3.48442
std_sort,double,RANDOM,100000,4.39627
std_sort,double,RANDOM,125893,5.68979
std_sort,double,RANDOM,158489,7.13936
std_sort,double,RANDOM,199526,9.13015
std_sort,double,RANDOM,251189,11.83830
std_sort,double,RANDOM,316228,15.58440
std_sort,double,RANDOM,398107,19.99900
std_sort,double,RANDOM,501187,25.39470
std_sort,double,RANDOM,630957,31.74880
std_sort,double,RANDOM,794328,41.44970
std_sort,double,RANDOM,1000000,53.02190
std_sort,double,RANDOM,1258925,67.71380
std_sort,double,RANDOM,1584893,87.72320
std_sort,double,RANDOM,1995262,115.06000
std_sort,double,RANDOM,2511886,148.10300
std_sort,double,RANDOM,3162277,185.89300
std_sort,double,RANDOM,3981071,236.96600
std_sort,double,RANDOM,5011872,298.04200
std_sort,double,RANDOM,6309573,383.90700
std_sort,double,RANDOM,7943282,493.43900
std_sort,double,RANDOM,10000000,640.26500
std_sort,double,REVERSE_SORTED,1000,0.00319
std_sort,double,REVERSE_SORTED,1259,0.00393
std_sort,double,REVERSE_SORTED,1585,0.00507
std_sort,double,REVERSE_SORTED,1995,0.00618
std_sort,double,REVERSE_SORTED,2512,0.00839
std_sort,double,REVERSE_SORTED,3162,0.01033
std_sort,double,REVERSE_SORTED,3981,0.01212
std_sort,double,REVERSE_SORTED,5012,0.01688
std_sort,double,REVERSE_SORTED,6310,0.02248
std_sort,double,REVERSE_SORTED,7943,0.02549
std_sort,double,REVERSE_SORTED,10000,0.03618
std_sort,double,REVERSE_SORTED,12589,0.04398
std_sort,double,REVERSE_SORTED,15849,0.05498
std_sort,double,REVERSE_SORTED,19953,0.07394
std_sort,double,REVERSE_SORTED,25119,0.09050
std_sort,double,REVERSE_SORTED,31623,0.12018
std_sort,double,REVERSE_SORTED,39811,0.15468
std_sort,double,REVERSE_SORTED,50119,0.19135
std_sort,double,REVERSE_SORTED,63096,0.24791
std_sort,double,REVERSE_SORTED,79433,0.33628
std_sort,double,REVERSE_SORTED,100000,0.41141
std_sort,double,REVERSE_SORTED,125893,0.49749
std_sort,double,REVERSE_SORTED,158489,0.70819
std_sort,double,REVERSE_SORTED,199526,0.86977
std_sort,double,REVERSE_SORTED,251189,1.08831
std_sort,double,REVERSE_SORTED,316228,1.56275
std_sort,double,REVERSE_SORTED,398107,1.80456
std_sort,double,REVERSE_SORTED,501187,2.33292
std_sort,double,REVERSE_SORTED,630957,3.09700
std_sort,double,REVERSE_SORTED,794328,3.83782
std_sort,double,REVERSE_SORTED,1000000,4.69287
std_sort,double,REVERSE_SORTED,1258925,6.85393
std_sort,double,REVERSE_SORTED,1584893,8.36948
std_sort,double,REVERSE_SORTED,1995262,10.24040
std_sort,double,REVERSE_SORTED,2511886,15.26010
std_sort,double,REVERSE_SORTED,3162277,18.81260
std_sort,double,REVERSE_SORTED,3981071,23.68420
std_sort,double,REVERSE_SORTED,5011872,33.01480
std_sort,double,REVERSE_SORTED,6309573,40.22960
std_sort,double,REVERSE_SORTED,7943282,50.86650
std_sort,double,REVERSE_SORTED,10000000,68.79790
std_sort,double,SAWTOOTH,1000,0.00925
std_sort,double,SAWTOOTH,1259,0.01322
std_sort,double,SAWTOOTH,1585,0.02116
std_sort,double,SAWTOOTH,1995,0.03418
std_sort,double,SAWTOOTH,2512,0.02507
std_sort,double,SAWTOOTH,3162,0.06912
std_sort,double,SAWTOOTH,3981,0.07436
std_sort,double,SAWTOOTH,5012,0.09890
std_sort,double,SAWTOOTH,6310,0.12757
std_sort,double,SAWTOOTH,7943,0.15905
std_sort,double,SAWTOOTH,10000,0.20575
std_sort,double,SAWTOOTH,12589,0.26505
std_sort,double,SAWTOOTH,15849,0.33713
std_sort,double,SAWTOOTH,19953,0.42099
std_sort,double,SAWTOOTH,25119,0.53280
std_sort,double,SAWTOOTH,31623,0.62008
std_sort,double,SAWTOOTH,39811,0.85747
std_sort,double,SAWTOOTH,50119,1.07421
std_sort,double,SAWTOOTH,63096,1.41941
std_sort,double,SAWTOOTH,79433,1.71232
std_sort,double,SAWTOOTH,100000,2.26357
std_sort,double,SAWTOOTH,125893,2.81667
std_sort,double,SAWTOOTH,158489,3.36100
std_sort,double,SAWTOOTH,199526,4.53746
std_sort,double,SAWTOOTH,251189,5.66607
std_sort,double,SAWTOOTH,316228,7.09314
std_sort,double,SAWTOOTH,398107,8.84420
std_sort,double,SAWTOOTH,501187,11.33280
std_sort,double,SAWTOOTH,630957,13.96940
std_sort,double,SAWTOOTH,794328,18.03280
std_sort,double,SAWTOOTH,1000000,24.78460
std_sort,double,SAWTOOTH,1258925,31.65830
std_sort,double,SAWTOOTH,1584893,36.77750
std_sort,double,SAWTOOTH,1995262,48.86080
std_sort,double,SAWTOOTH,2511886,62.40400
std_sort,double,SAWTOOTH,3162277,78.80520
std_sort,double,SAWTOOTH,3981071,104.93100
std_sort,double,SAWTOOTH,5011872,128.81600
std_sort,double,SAWTOOTH,6309573,169.87500
std_sort,double,SAWTOOTH,7943282,224.06900
std_sort,double,SAWTOOTH,10000000,313.02400
std_sort,int,MANY_DUPLICATES_10,1000,0.02004
std_sort,int,MANY_DUPLICATES_10,1259,0.02562
std_sort,int,MANY_DUPLICATES_10,1585,0.03657
std_sort,int,MANY_DUPLICATES_10,1995,0.04933
std_sort,int,MANY_DUPLICATES_10,2512,0.06893
std_sort,int,MANY_DUPLICATES_10,3162,0.07314
std_sort,int,MANY_DUPLICATES_10,3981,0.09993
std_sort,int,MANY_DUPLICATES_10,5012,0.13677
std_sort,int,MANY_DUPLICATES_10,6310,0.19102
std_sort,int,MANY_DUPLICATES_10,7943,0.24707
std_sort,int,MANY_DUPLICATES_10,10000,0.31038
std_sort,int,MANY_DUPLICATES_10,12589,0.38431
std_sort,int,MANY_DUPLICATES_10,15849,0.49009
std_sort,int,MANY_DUPLICATES_10,19953,0.66610
std_sort,int,MANY_DUPLICATES_10,25119,0.91146
std_sort,int,MANY_DUPLICATES_10,31623,1.08829
std_sort,int,MANY_DUPLICATES_10,39811,1.43241
std_sort,int,MANY_DUPLICATES_10,50119,1.86068
std_sort,int,MANY_DUPLICATES_10,63096,2.41353
std_sort,int,MANY_DUPLICATES_10,79433,3.04534
std_sort,int,MANY_DUPLICATES_10,100000,3.89916
std_sort,int,MANY_DUPLICATES_10,125893,4.96612
std_sort,int,MANY_DUPLICATES_10,158489,6.40311
std_sort,int,MANY_DUPLICATES_10,199526,8.02681
std_sort,int,MANY_DUPLICATES_10,251189,10.41880
std_sort,int,MANY_DUPLICATES_10,316228,13.36760
std_sort,int,MANY_DUPLICATES_10,398107,17.04570
std_sort,int,MANY_DUPLICATES_10,501187,21.01780
std_sort,int,MANY_DUPLICATES_10,630957,28.12570
std_sort,int,MANY_DUPLICATES_10,794328,36.18780
std_sort,int,MANY_DUPLICATES_10,1000000,46.74210
std_sort,int,MANY_DUPLICATES_10,1258925,60.03790
std_sort,int,MANY_DUPLICATES_10,1584893,73.07440
std_sort,int,MANY_DUPLICATES_10,1995262,93.95240
std_sort,int,MANY_DUPLICATES_10,2511886,120.22100
std_sort,int,MANY_DUPLICATES_10,3162277,161.10800
std_sort,int,MANY_DUPLICATES_10,3981071,203.99700
std_sort,int,MANY_DUPLICATES_10,5011872,262.67100
std_sort,int,MANY_DUPLICATES_10,6309573,342.62900
std_sort,int,MANY_DUPLICATES_10,7943282,433.19700
std_sort,int,MANY_DUPLICATES_10,10000000,550.44200
std_sort,int,MANY_DUPLICATES_50,1000,0.02015
std_sort,int,MANY_DUPLICATES_50,1259,0.02079
std_sort,int,MANY_DUPLICATES_50,1585,0.04013
std_sort,int,MANY_DUPLICATES_50,1995,0.05052
std_sort,int,MANY_DUPLICATES_50,2512,0.07705
std_sort,int,MANY_DUPLICATES_50,3162,0.08859
std_sort,int,MANY_DUPLICATES_50,3981,0.11634
std_sort,int,MANY_DUPLICATES_50,5012,0.15769
std_sort,int,MANY_DUPLICATES_50,6310,0.20327
std_sort,int,MANY_DUPLICATES_50,7943,0.26883
std_sort,int,MANY_DUPLICATES_50,10000,0.33328
std_sort,int,MANY_DUPLICATES_50,12589,0.40710
std_sort,int,MANY_DUPLICATES_50,15849,0.54000
std_sort,int,MANY_DUPLICATES_50,19953,0.70068
std_sort,int,MANY_DUPLICATES_50,25119,0.95318
std_sort,int,MANY_DUPLICATES_50,31623,1.12747
std_sort,int,MANY_DUPLICATES_50,39811,1.47988
std_sort,int,MANY_DUPLICATES_50,50119,2.02386
std_sort,int,MANY_DUPLICATES_50,63096,2.49952
std_sort,int,MANY_DUPLICATES_50,79433,3.26416
std_sort,int,MANY_DUPLICATES_50,100000,4.14098
std_sort,int,MANY_DUPLICATES_50,125893,5.21051
std_sort,int,MANY_DUPLICATES_50,158489,6.80289
std_sort,int,MANY_DUPLICATES_50,199526,8.69220
std_sort,int,MANY_DUPLICATES_50,251189,10.98370
std_sort,int,MANY_DUPLICATES_50,316228,14.49810
std_sort,int,MANY_DUPLICATES_50,398107,18.38210
std_sort,int,MANY_DUPLICATES_50,501187,23.32370
std_sort,int,MANY_DUPLICATES_50,630957,29.87920
std_sort,int,MANY_DUPLICATES_50,794328,37.45770
std_sort,int,MANY_DUPLICATES_50,1000000,48.40040
std_sort,int,MANY_DUPLICATES_50,1258925,61.59460
std_sort,int,MANY_DUPLICATES_50,1584893,79.45450
std_sort,int,MANY_DUPLICATES_50,1995262,103.55500
std_sort,int,MANY_DUPLICATES_50,2511886,132.54200
std_sort,int,MANY_DUPLICATES_50,3162277,171.40800
std_sort,int,MANY_DUPLICATES_50,3981071,216.44100
std_sort,int,MANY_DUPLICATES_50,5011872,279.38300
std_sort,int,MANY_DUPLICATES_50,6309573,356.10500
std_sort,int,MANY_DUPLICATES_50,7943282,451.11600
std_sort,int,MANY_DUPLICATES_50,10000000,588.25100
std_sort,int,MANY_DUPLICATES_90,1000,0.01798
std_sort,int,MANY_DUPLICATES_90,1259,0.01797
std_sort,int,MANY_DUPLICATES_90,1585,0.03832
std_sort,int,MANY_DUPLICATES_90,1995,0.05804
std_sort,int,MANY_DUPLICATES_90,2512,0.07121
std_sort,int,MANY_DUPLICATES_90,3162,0.09799
std_sort,int,MANY_DUPLICATES_90,3981,0.12617
std_sort,int,MANY_DUPLICATES_90,5012,0.15791
std_sort,int,MANY_DUPLICATES_90,6310,0.21244
std_sort,int,MANY_DUPLICATES_90,7943,0.26677
std_sort,int,MANY_DUPLICATES_90,10000,0.31578
std_sort,int,MANY_DUPLICATES_90,12589,0.43666
std_sort,int,MANY_DUPLICATES_90,15849,0.55172
std_sort,int,MANY_DUPLICATES_90,19953,0.71048
std_sort,int,MANY_DUPLICATES_90,25119,0.91216
std_sort,int,MANY_DUPLICATES_90,31623,1.17224
std_sort,int,MANY_DUPLICATES_90,39811,1.54153
std_sort,int,MANY_DUPLICATES_90,50119,1.92558
std_sort,int,MANY_DUPLICATES_90,63096,2.46379
std_sort,int,MANY_DUPLICATES_90,79433,3.22726
std_sort,int,MANY_DUPLICATES_90,100000,4.09221
std_sort,int,MANY_DUPLICATES_90,125893,5.48179
std_sort,int,MANY_DUPLICATES_90,158489,6.85771
std_sort,int,MANY_DUPLICATES_90,199526,8.80268
std_sort,int,MANY_DUPLICATES_90,251189,11.03010
std_sort,int,MANY_DUPLICATES_90,316228,15.17040
std_sort,int,MANY_DUPLICATES_90,398107,18.07670
std_sort,int,MANY_DUPLICATES_90,501187,23.41130
std_sort,int,MANY_DUPLICATES_90,630957,30.30870
std_sort,int,MANY_DUPLICATES_90,794328,41.63540
std_sort,int,MANY_DUPLICATES_90,1000000,49.61210
std_sort,int,MANY_DUPLICATES_90,1258925,63.31710
std_sort,int,MANY_DUPLICATES_90,1584893,80.44220
std_sort,int,MANY_DUPLICATES_90,1995262,103.35900
std_sort,int,MANY_DUPLICATES_90,2511886,133.02200
std_sort,int,MANY_DUPLICATES_90,3162277,168.47400
std_sort,int,MANY_DUPLICATES_90,3981071,216.25400
std_sort,int,MANY_DUPLICATES_90,5011872,278.69400
std_sort,int,MANY_DUPLICATES_90,6309573,352.05900
std_sort,int,MANY_DUPLICATES_90,7943282,449.11800
std_sort,int,MANY_DUPLICATES_90,10000000,572.33300
std_sort,int,NEARLY_SORTED,1000,0.00898
std_sort,int,NEARLY_SORTED,1259,0.01056
std_sort,int,NEARLY_SORTED,1585,0.01389
std_sort,int,NEARLY_SORTED,1995,0.01888
std_sort,int,NEARLY_SORTED,2512,0.02770
std_sort,int,NEARLY_SORTED,3162,0.03066
std_sort,int,NEARLY_SORTED,3981,0.04304
std_sort,int,NEARLY_SORTED,5012,0.05330
std_sort,int,NEARLY_SORTED,6310,0.07131
std_sort,int,NEARLY_SORTED,7943,0.09284
std_sort,int,NEARLY_SORTED,10000,0.11793
std_sort,int,NEARLY_SORTED,12589,0.15639
std_sort,int,NEARLY_SORTED,15849,0.19672
std_sort,int,NEARLY_SORTED,19953,0.24978
std_sort,int,NEARLY_SORTED,25119,0.33412
std_sort,int,NEARLY_SORTED,31623,0.40032
std_sort,int,NEARLY_SORTED,39811,0.52995
std_sort,int,NEARLY_SORTED,50119,0.66674
std_sort,int,NEARLY_SORTED,63096,0.88219
std_sort,int,NEARLY_SORTED,79433,1.09743
std_sort,int,NEARLY_SORTED,100000,1.43616
std_sort,int,NEARLY_SORTED,125893,1.79925
std_sort,int,NEARLY_SORTED,158489,2.34546
std_sort,int,NEARLY_SORTED,199526,3.01535
std_sort,int,NEARLY_SORTED,251189,3.80849
std_sort,int,NEARLY_SORTED,316228,4.84993
std_sort,int,NEARLY_SORTED,398107,6.20853
std_sort,int,NEARLY_SORTED,501187,7.97026
std_sort,int,NEARLY_SORTED,630957,10.20350
std_sort,int,NEARLY_SORTED,794328,13.31170
std_sort,int,NEARLY_SORTED,1000000,16.82650
std_sort,int,NEARLY_SORTED,1258925,21.48130
std_sort,int,NEARLY_SORTED,1584893,27.58050
std_sort,int,NEARLY_SORTED,1995262,34.79620
std_sort,int,NEARLY_SORTED,2511886,44.55990
std_sort,int,NEARLY_SORTED,3162277,57.98080
std_sort,int,NEARLY_SORTED,3981071,73.30020
std_sort,int,NEARLY_SORTED,5011872,96.38030
std_sort,int,NEARLY_SORTED,6309573,122.72700
std_sort,int,NEARLY_SORTED,7943282,169.35900
std_sort,int,NEARLY_SORTED,10000000,218.42600
std_sort,int,ORGAN_PIPE,1000,0.02316
std_sort,int,ORGAN_PIPE,1259,0.02203
std_sort,int,ORGAN_PIPE,1585,0.03546
std_sort,int,ORGAN_PIPE,1995,0.04418
std_sort,int,ORGAN_PIPE,2512,0.05763
std_sort,int,ORGAN_PIPE,3162,0.09124
std_sort,int,ORGAN_PIPE,3981,0.09762
std_sort,int,ORGAN_PIPE,5012,0.13072
std_sort,int,ORGAN_PIPE,6310,0.20856
std_sort,int,ORGAN_PIPE,7943,0.24153
std_sort,int,ORGAN_PIPE,10000,0.33741
std_sort,int,ORGAN_PIPE,12589,0.42308
std_sort,int,ORGAN_PIPE,15849,0.50901
std_sort,int,ORGAN_PIPE,19953,0.68733
std_sort,int,ORGAN_PIPE,25119,0.89879
std_sort,int,ORGAN_PIPE,31623,1.11964
std_sort,int,ORGAN_PIPE,39811,1.43213
std_sort,int,ORGAN_PIPE,50119,1.99957
std_sort,int,ORGAN_PIPE,63096,2.31297
std_sort,int,ORGAN_PIPE,79433,3.28281
std_sort,int,ORGAN_PIPE,100000,4.43766
std_sort,int,ORGAN_PIPE,125893,5.32372
std_sort,int,ORGAN_PIPE,158489,7.02178
std_sort,int,ORGAN_PIPE,199526,9.00731
std_sort,int,ORGAN_PIPE,251189,10.47990
std_sort,int,ORGAN_PIPE,316228,14.48640
std_sort,int,ORGAN_PIPE,398107,18.70070
std_sort,int,ORGAN_PIPE,501187,22.87820
std_sort,int,ORGAN_PIPE,630957,30.15710
std_sort,int,ORGAN_PIPE,794328,38.84560
std_sort,int,ORGAN_PIPE,1000000,49.80310
std_sort,int,ORGAN_PIPE,1258925,62.99280
std_sort,int,ORGAN_PIPE,1584893,81.13360
std_sort,int,ORGAN_PIPE,1995262,101.55000
std_sort,int,ORGAN_PIPE,2511886,132.89800
std_sort,int,ORGAN_PIPE,3162277,173.68000
std_sort,int,ORGAN_PIPE,3981071,213.73400
std_sort,int,ORGAN_PIPE,5011872,278.89700
std_sort,int,ORGAN_PIPE,6309573,359.27700
std_sort,int,ORGAN_PIPE,7943282,451.53600
std_sort,int,ORGAN_PIPE,10000000,593.72600
std_sort,int,RANDOM,1000,0.01385
std_sort,int,RANDOM,1259,0.02356
std_sort,int,RANDOM,1585,0.03950
std_sort,int,RANDOM,1995,0.04707
std_sort,int,RANDOM,2512,0.06959
std_sort,int,RANDOM,3162,0.08334
std_sort,int,RANDOM,3981,0.11311
std_sort,int,RANDOM,5012,0.14545
std_sort,int,RANDOM,6310,0.17910
std_sort,int,RANDOM,7943,0.24728
std_sort,int,RANDOM,10000,0.31265
std_sort,int,RANDOM,12589,0.40725
std_sort,int,RANDOM,15849,0.50649
std_sort,int,RANDOM,19953,0.65654
std_sort,int,RANDOM,25119,0.86245
std_sort,int,RANDOM,31623,1.09246
std_sort,int,RANDOM,39811,1.40414
std_sort,int,RANDOM,50119,1.85945
std_sort,int,RANDOM,63096,2.30615
std_sort,int,RANDOM,79433,2.98323
std_sort,int,RANDOM,100000,3.86000
std_sort,int,RANDOM,125893,4.87799
std_sort,int,RANDOM,158489,6.24950
std_sort,int,RANDOM,199526,7.83082
std_sort,int,RANDOM,251189,10.08210
std_sort,int,RANDOM,316228,13.33170
std_sort,int,RANDOM,398107,16.91650
std_sort,int,RANDOM,501187,21.64620
std_sort,int,RANDOM,630957,27.85320
std_sort,int,RANDOM,794328,34.60290
std_sort,int,RANDOM,1000000,45.78000
std_sort,int,RANDOM,1258925,58.44140
std_sort,int,RANDOM,1584893,74.22980
std_sort,int,RANDOM,1995262,95.03520
std_sort,int,RANDOM,2511886,121.08900
std_sort,int,RANDOM,3162277,154.10500
std_sort,int,RANDOM,3981071,197.93500
std_sort,int,RANDOM,5011872,255.93000
std_sort,int,RANDOM,6309573,328.65500
std_sort,int,RANDOM,7943282,423.90700
std_sort,int,RANDOM,10000000,542.62600
std_sort,int,REVERSE_SORTED,1000,0.00274
std_sort,int,REVERSE_SORTED,1259,0.00404
std_sort,int,REVERSE_SORTED,1585,0.00411
std_sort,int,REVERSE_SORTED,1995,0.00498
std_sort,int,REVERSE_SORTED,2512,0.00664
std_sort,int,REVERSE_SORTED,3162,0.00784
std_sort,int,REVERSE_SORTED,3981,0.01093
std_sort,int,REVERSE_SORTED,5012,0.01431
std_sort,int,REVERSE_SORTED,6310,0.01649
std_sort,int,REVERSE_SORTED,7943,0.01999
std_sort,int,REVERSE_SORTED,10000,0.02790
std_sort,int,REVERSE_SORTED,12589,0.03805
std_sort,int,REVERSE_SORTED,15849,0.04335
std_sort,int,REVERSE_SORTED,19953,0.05915
std_sort,int,REVERSE_SORTED,25119,0.07587
std_sort,int,REVERSE_SORTED,31623,0.09352
std_sort,int,REVERSE_SORTED,39811,0.13025
std_sort,int,REVERSE_SORTED,50119,0.14993
std_sort,int,REVERSE_SORTED,63096,0.18913
std_sort,int,REVERSE_SORTED,79433,0.26505
std_sort,int,REVERSE_SORTED,100000,0.33415
std_sort,int,REVERSE_SORTED,125893,0.40643
std_sort,int,REVERSE_SORTED,158489,0.56430
std_sort,int,REVERSE_SORTED,199526,0.69032
std_sort,int,REVERSE_SORTED,251189,0.87943
std_sort,int,REVERSE_SORTED,316228,1.20215
std_sort,int,REVERSE_SORTED,398107,1.44275
std_sort,int,REVERSE_SORTED,501187,1.70388
std_sort,int,REVERSE_SORTED,630957,2.41761
std_sort,int,REVERSE_SORTED,794328,2.88574
std_sort,int,REVERSE_SORTED,1000000,3.64929
std_sort,int,REVERSE_SORTED,1258925,5.16691
std_sort,int,REVERSE_SORTED,1584893,6.27591
std_sort,int,REVERSE_SORTED,1995262,7.81272
std_sort,int,REVERSE_SORTED,2511886,10.66480
std_sort,int,REVERSE_SORTED,3162277,13.20350
std_sort,int,REVERSE_SORTED,3981071,17.46720
std_sort,int,REVERSE_SORTED,5011872,22.88170
std_sort,int,REVERSE_SORTED,6309573,28.96460
std_sort,int,REVERSE_SORTED,7943282,37.89910
std_sort,int,REVERSE_SORTED,10000000,48.64710
std_sort,int,SAWTOOTH,1000,0.01165
std_sort,int,SAWTOOTH,1259,0.01238
std_sort,int,SAWTOOTH,1585,0.02209
std_sort,int,SAWTOOTH,1995,0.03045
std_sort,int,SAWTOOTH,2512,0.03575
std_sort,int,SAWTOOTH,3162,0.04936
std_sort,int,SAWTOOTH,3981,0.05267
std_sort,int,SAWTOOTH,5012,0.08088
std_sort,int,SAWTOOTH,6310,0.10833
std_sort,int,SAWTOOTH,7943,0.12952
std_sort,int,SAWTOOTH,10000,0.16859
std_sort,int,SAWTOOTH,12589,0.21674
std_sort,int,SAWTOOTH,15849,0.27144
std_sort,int,SAWTOOTH,19953,0.35264
std_sort,int,SAWTOOTH,25119,0.42225
std_sort,int,SAWTOOTH,31623,0.54334
std_sort,int,SAWTOOTH,39811,0.68272
std_sort,int,SAWTOOTH,50119,0.89575
std_sort,int,SAWTOOTH,63096,1.11500
std_sort,int,SAWTOOTH,79433,1.45188
std_sort,int,SAWTOOTH,100000,1.88591
std_sort,int,SAWTOOTH,125893,2.26861
std_sort,int,SAWTOOTH,158489,2.80732
std_sort,int,SAWTOOTH,199526,3.65531
std_sort,int,SAWTOOTH,251189,4.65658
std_sort,int,SAWTOOTH,316228,5.93582
std_sort,int,SAWTOOTH,398107,7.44973
std_sort,int,SAWTOOTH,501187,9.64921
std_sort,int,SAWTOOTH,630957,12.08430
std_sort,int,SAWTOOTH,794328,15.09030
std_sort,int,SAWTOOTH,1000000,18.79220
std_sort,int,SAWTOOTH,1258925,24.85730
std_sort,int,SAWTOOTH,1584893,29.98320
std_sort,int,SAWTOOTH,1995262,39.80470
std_sort,int,SAWTOOTH,2511886,47.79330
std_sort,int,SAWTOOTH,3162277,61.58080
std_sort,int,SAWTOOTH,3981071,80.95120
std_sort,int,SAWTOOTH,5011872,101.14100
std_sort,int,SAWTOOTH,6309573,130.49300
std_sort,int,SAWTOOTH,7943282,169.02700
std_sort,int,SAWTOOTH,10000000,221.35100
std_stable_sort,double,MANY_DUPLICATES_10,1000,0.04525
std_stable_sort,double,MANY_DUPLICATES_10,1259,0.05295
std_stable_sort,double,MANY_DUPLICATES_10,1585,0.06842
std_stable_sort,double,MANY_DUPLICATES_10,1995,0.10860
std_stable_sort,double,MANY_DUPLICATES_10,2512,0.10966
std_stable_sort,double,MANY_DUPLICATES_10,3162,0.15555
std_stable_sort,double,MANY_DUPLICATES_10,3981,0.16523
std_stable_sort,double,MANY_DUPLICATES_10,5012,0.22075
std_stable_sort,double,MANY_DUPLICATES_10,6310,0.35259
std_stable_sort,double,MANY_DUPLICATES_10,7943,0.46966
std_stable_sort,double,MANY_DUPLICATES_10,10000,0.61126
std_stable_sort,double,MANY_DUPLICATES_10,12589,0.74018
std_stable_sort,double,MANY_DUPLICATES_10,15849,0.97190
std_stable_sort,double,MANY_DUPLICATES_10,19953,1.19303
std_stable_sort,double,MANY_DUPLICATES_10,25119,1.49365
std_stable_sort,double,MANY_DUPLICATES_10,31623,1.99344
std_stable_sort,double,MANY_DUPLICATES_10,39811,2.46467
std_stable_sort,double,MANY_DUPLICATES_10,50119,3.27555
std_stable_sort,double,MANY_DUPLICATES_10,63096,4.36199
std_stable_sort,double,MANY_DUPLICATES_10,79433,5.21954
std_stable_sort,double,MANY_DUPLICATES_10,100000,6.83677
std_stable_sort,double,MANY_DUPLICATES_10,125893,8.53474
std_stable_sort,double,MANY_DUPLICATES_10,158489,11.42110
std_stable_sort,double,MANY_DUPLICATES_10,199526,15.22360
std_stable_sort,double,MANY_DUPLICATES_10,251189,19.36200
std_stable_sort,double,MANY_DUPLICATES_10,316228,23.76770
std_stable_sort,double,MANY_DUPLICATES_10,398107,31.96440
std_stable_sort,double,MANY_DUPLICATES_10,501187,41.78490
std_stable_sort,double,MANY_DUPLICATES_10,630957,53.83300
std_stable_sort,double,MANY_DUPLICATES_10,794328,65.88890
std_stable_sort,double,MANY_DUPLICATES_10,1000000,89.85280
std_stable_sort,double,MANY_DUPLICATES_10,1258925,109.26900
std_stable_sort,double,MANY_DUPLICATES_10,1584893,139.53900
std_stable_sort,double,MANY_DUPLICATES_10,1995262,183.62600
std_stable_sort,double,MANY_DUPLICATES_10,2511886,244.82100
std_stable_sort,double,MANY_DUPLICATES_10,3162277,294.21600
std_stable_sort,double,MANY_DUPLICATES_10,3981071,392.07000
std_stable_sort,double,MANY_DUPLICATES_10,5011872,488.26700
std_stable_sort,double,MANY_DUPLICATES_10,6309573,651.30100
std_stable_sort,double,MANY_DUPLICATES_10,7943282,802.44600
std_stable_sort,double,MANY_DUPLICATES_10,10000000,1042.02000
std_stable_sort,double,MANY_DUPLICATES_50,1000,0.04259
std_stable_sort,double,MANY_DUPLICATES_50,1259,0.04783
std_stable_sort,double,MANY_DUPLICATES_50,1585,0.07520
std_stable_sort,double,MANY_DUPLICATES_50,1995,0.08582
std_stable_sort,double,MANY_DUPLICATES_50,2512,0.14288
std_stable_sort,double,MANY_DUPLICATES_50,3162,0.17870
std_stable_sort,double,MANY_DUPLICATES_50,3981,0.24000
std_stable_sort,double,MANY_DUPLICATES_50,5012,0.26010
std_stable_sort,double,MANY_DUPLICATES_50,6310,0.34791
std_stable_sort,double,MANY_DUPLICATES_50,7943,0.43616
std_stable_sort,double,MANY_DUPLICATES_50,10000,0.66676
std_stable_sort,double,MANY_DUPLICATES_50,12589,0.68157
std_stable_sort,double,MANY_DUPLICATES_50,15849,0.94446
std_stable_sort,double,MANY_DUPLICATES_50,19953,1.11845
std_stable_sort,double,MANY_DUPLICATES_50,25119,1.49217
std_stable_sort,double,MANY_DUPLICATES_50,31623,1.87924
std_stable_sort,double,MANY_DUPLICATES_50,39811,2.53448
std_stable_sort,double,MANY_DUPLICATES_50,50119,3.52294
std_stable_sort,double,MANY_DUPLICATES_50,63096,4.16812
std_stable_sort,double,MANY_DUPLICATES_50,79433,5.58808
std_stable_sort,double,MANY_DUPLICATES_50,100000,6.67201
std_stable_sort,double,MANY_DUPLICATES_50,125893,8.53729
std_stable_sort,double,MANY_DUPLICATES_50,158489,10.86660
std_stable_sort,double,MANY_DUPLICATES_50,199526,11.15690
std_stable_sort,double,MANY_DUPLICATES_50,251189,20.45600
std_stable_sort,double,MANY_DUPLICATES_50,316228,24.69910
std_stable_sort,double,MANY_DUPLICATES_50,398107,31.54870
std_stable_sort,double,MANY_DUPLICATES_50,501187,37.45570
std_stable_sort,double,MANY_DUPLICATES_50,630957,49.24190
std_stable_sort,double,MANY_DUPLICATES_50,794328,63.60890
std_stable_sort,double,MANY_DUPLICATES_50,1000000,85.25920
std_stable_sort,double,MANY_DUPLICATES_50,1258925,102.96000
std_stable_sort,double,MANY_DUPLICATES_50,1584893,132.15800
std_stable_sort,double,MANY_DUPLICATES_50,1995262,186.83400
std_stable_sort,double,MANY_DUPLICATES_50,2511886,243.71000
std_stable_sort,double,MANY_DUPLICATES_50,3162277,300.21300
std_stable_sort,double,MANY_DUPLICATES_50,3981071,378.97000
std_stable_sort,double,MANY_DUPLICATES_50,5011872,476.24100
std_stable_sort,double,MANY_DUPLICATES_50,6309573,637.40400
std_stable_sort,double,MANY_DUPLICATES_50,7943282,817.31000
std_stable_sort,double,MANY_DUPLICATES_50,10000000,1137.25000
std_stable_sort,double,MANY_DUPLICATES_90,1000,0.04055
std_stable_sort,double,MANY_DUPLICATES_90,1259,0.05285
std_stable_sort,double,MANY_DUPLICATES_90,1585,0.07358
std_stable_sort,double,MANY_DUPLICATES_90,1995,0.08497
std_stable_sort,double,MANY_DUPLICATES_90,2512,0.11597
std_stable_sort,double,MANY_DUPLICATES_90,3162,0.14523
std_stable_sort,double,MANY_DUPLICATES_90,3981,0.19240
std_stable_sort,double,MANY_DUPLICATES_90,5012,0.25330
std_stable_sort,double,MANY_DUPLICATES_90,6310,0.37564
std_stable_sort,double,MANY_DUPLICATES_90,7943,0.46019
std_stable_sort,double,MANY_DUPLICATES_90,10000,0.53046
std_stable_sort,double,MANY_DUPLICATES_90,12589,0.69388
std_stable_sort,double,MANY_DUPLICATES_90,15849,0.92250
std_stable_sort,double,MANY_DUPLICATES_90,19953,1.19910
std_stable_sort,double,MANY_DUPLICATES_90,25119,1.50531
std_stable_sort,double,MANY_DUPLICATES_90,31623,1.92673
std_stable_sort,double,MANY_DUPLICATES_90,39811,2.42901
std_stable_sort,double,MANY_DUPLICATES_90,50119,3.46394
std_stable_sort,double,MANY_DUPLICATES_90,63096,4.36948
std_stable_sort,double,MANY_DUPLICATES_90,79433,5.52661
std_stable_sort,double,MANY_DUPLICATES_90,100000,6.48467
std_stable_sort,double,MANY_DUPLICATES_90,125893,9.20487
std_stable_sort,double,MANY_DUPLICATES_90,158489,12.31040
std_stable_sort,double,MANY_DUPLICATES_90,199526,14.98770
std_stable_sort,double,MANY_DUPLICATES_90,251189,19.25380
std_stable_sort,double,MANY_DUPLICATES_90,316228,26.08090
std_stable_sort,double,MANY_DUPLICATES_90,398107,31.35680
std_stable_sort,double,MANY_DUPLICATES_90,501187,42.34460
std_stable_sort,double,MANY_DUPLICATES_90,630957,56.25040
std_stable_sort,double,MANY_DUPLICATES_90,794328,68.48470
std_stable_sort,double,MANY_DUPLICATES_90,1000000,91.26570
std_stable_sort,double,MANY_DUPLICATES_90,1258925,118.86800
std_stable_sort,double,MANY_DUPLICATES_90,1584893,149.00200
std_stable_sort,double,MANY_DUPLICATES_90,1995262,192.76700
std_stable_sort,double,MANY_DUPLICATES_90,2511886,232.70600
std_stable_sort,double,MANY_DUPLICATES_90,3162277,309.05800
std_stable_sort,double,MANY_DUPLICATES_90,3981071,397.35400
std_stable_sort,double,MANY_DUPLICATES_90,5011872,520.78900
std_stable_sort,double,MANY_DUPLICATES_90,6309573,651.13800
std_stable_sort,double,MANY_DUPLICATES_90,7943282,835.27300
std_stable_sort,double,MANY_DUPLICATES_90,10000000,1063.27000
std_stable_sort,double,NEARLY_SORTED,1000,0.02028
std_stable_sort,double,NEARLY_SORTED,1259,0.02320
std_stable_sort,double,NEARLY_SORTED,1585,0.02940
std_stable_sort,double,NEARLY_SORTED,1995,0.04127
std_stable_sort,double,NEARLY_SORTED,2512,0.04394
std_stable_sort,double,NEARLY_SORTED,3162,0.07617
std_stable_sort,double,NEARLY_SORTED,3981,0.09257
std_stable_sort,double,NEARLY_SORTED,5012,0.12241
std_stable_sort,double,NEARLY_SORTED,6310,0.13921
std_stable_sort,double,NEARLY_SORTED,7943,0.17423
std_stable_sort,double,NEARLY_SORTED,10000,0.19367
std_stable_sort,double,NEARLY_SORTED,12589,0.34287
std_stable_sort,double,NEARLY_SORTED,15849,0.32651
std_stable_sort,double,NEARLY_SORTED,19953,0.38920
std_stable_sort,double,NEARLY_SORTED,25119,0.49817
std_stable_sort,double,NEARLY_SORTED,31623,0.61845
std_stable_sort,double,NEARLY_SORTED,39811,0.86111
std_stable_sort,double,NEARLY_SORTED,50119,1.04420
std_stable_sort,double,NEARLY_SORTED,63096,1.95953
std_stable_sort,double,NEARLY_SORTED,79433,1.81515
std_stable_sort,double,NEARLY_SORTED,100000,2.23414
std_stable_sort,double,NEARLY_SORTED,125893,2.93338
std_stable_sort,double,NEARLY_SORTED,158489,5.04238
std_stable_sort,double,NEARLY_SORTED,199526,5.38291
std_stable_sort,double,NEARLY_SORTED,251189,7.66544
std_stable_sort,double,NEARLY_SORTED,316228,7.15015
std_stable_sort,double,NEARLY_SORTED,398107,8.35619
std_stable_sort,double,NEARLY_SORTED,501187,12.47450
std_stable_sort,double,NEARLY_SORTED,630957,17.48620
std_stable_sort,double,NEARLY_SORTED,794328,22.33120
std_stable_sort,double,NEARLY_SORTED,1000000,27.52880
std_stable_sort,double,NEARLY_SORTED,1258925,36.94510
std_stable_sort,double,NEARLY_SORTED,1584893,50.00570
std_stable_sort,double,NEARLY_SORTED,1995262,57.52360
std_stable_sort,double,NEARLY_SORTED,2511886,76.45850
std_stable_sort,double,NEARLY_SORTED,3162277,102.31300
std_stable_sort,double,NEARLY_SORTED,3981071,125.63500
std_stable_sort,double,NEARLY_SORTED,5011872,169.41900
std_stable_sort,double,NEARLY_SORTED,6309573,215.05100
std_stable_sort,double,NEARLY_SORTED,7943282,287.02400
std_stable_sort,double,NEARLY_SORTED,10000000,398.22700
std_stable_sort,double,ORGAN_PIPE,1000,0.00825
std_stable_sort,double,ORGAN_PIPE,1259,0.00963
std_stable_sort,double,ORGAN_PIPE,1585,0.01169
std_stable_sort,double,ORGAN_PIPE,1995,0.01404
std_stable_sort,double,ORGAN_PIPE,2512,0.02104
std_stable_sort,double,ORGAN_PIPE,3162,0.02187
std_stable_sort,double,ORGAN_PIPE,3981,0.02713
std_stable_sort,double,ORGAN_PIPE,5012,0.04251
std_stable_sort,double,ORGAN_PIPE,6310,0.04165
std_stable_sort,double,ORGAN_PIPE,7943,0.06545
std_stable_sort,double,ORGAN_PIPE,10000,0.07754
std_stable_sort,double,ORGAN_PIPE,12589,0.09971
std_stable_sort,double,ORGAN_PIPE,15849,0.13736
std_stable_sort,double,ORGAN_PIPE,19953,0.23724
std_stable_sort,double,ORGAN_PIPE,25119,0.18974
std_stable_sort,double,ORGAN_PIPE,31623,0.23255
std_stable_sort,double,ORGAN_PIPE,39811,0.34292
std_stable_sort,double,ORGAN_PIPE,50119,0.39078
std_stable_sort,double,ORGAN_PIPE,63096,0.79863
std_stable_sort,double,ORGAN_PIPE,79433,0.61871
std_stable_sort,double,ORGAN_PIPE,100000,0.81128
std_stable_sort,double,ORGAN_PIPE,125893,1.06497
std_stable_sort,double,ORGAN_PIPE,158489,1.46032
std_stable_sort,double,ORGAN_PIPE,199526,1.80699
std_stable_sort,double,ORGAN_PIPE,251189,2.23712
std_stable_sort,double,ORGAN_PIPE,316228,3.10396
std_stable_sort,double,ORGAN_PIPE,398107,4.99214
std_stable_sort,double,ORGAN_PIPE,501187,6.06385
std_stable_sort,double,ORGAN_PIPE,630957,6.90622
std_stable_sort,double,ORGAN_PIPE,794328,8.15709
std_stable_sort,double,ORGAN_PIPE,1000000,13.86790
std_stable_sort,double,ORGAN_PIPE,1258925,16.49140
std_stable_sort,double,ORGAN_PIPE,1584893,20.08980
std_stable_sort,double,ORGAN_PIPE,1995262,27.43520
std_stable_sort,double,ORGAN_PIPE,2511886,32.21510
std_stable_sort,double,ORGAN_PIPE,3162277,49.75260
std_stable_sort,double,ORGAN_PIPE,3981071,61.21930
std_stable_sort,double,ORGAN_PIPE,5011872,79.33930
std_stable_sort,double,ORGAN_PIPE,6309573,125.56500
std_stable_sort,double,ORGAN_PIPE,7943282,151.10800
std_stable_sort,double,ORGAN_PIPE,10000000,210.45300
std_stable_sort,double,RANDOM,1000,0.02913
std_stable_sort,double,RANDOM,1259,0.03992
std_stable_sort,double,RANDOM,1585,0.05930
std_stable_sort,double,RANDOM,1995,0.07024
std_stable_sort,double,RANDOM,2512,0.09635
std_stable_sort,double,RANDOM,3162,0.14624
std_stable_sort,double,RANDOM,3981,0.18052
std_stable_sort,double,RANDOM,5012,0.21186
std_stable_sort,double,RANDOM,6310,0.28752
std_stable_sort,double,RANDOM,7943,0.38624
std_stable_sort,double,RANDOM,10000,0.44355
std_stable_sort,double,RANDOM,12589,0.60316
std_stable_sort,double,RANDOM,15849,0.79484
std_stable_sort,double,RANDOM,19953,1.02312
std_stable_sort,double,RANDOM,25119,1.36671
std_stable_sort,double,RANDOM,31623,1.73287
std_stable_sort,double,RANDOM,39811,2.16439
std_stable_sort,double,RANDOM,50119,2.83824
std_stable_sort,double,RANDOM,63096,3.76744
std_stable_sort,double,RANDOM,79433,4.73830
std_stable_sort,double,RANDOM,100000,6.01049
std_stable_sort,double,RANDOM,125893,7.84180
std_stable_sort,double,RANDOM,158489,9.92295
std_stable_sort,double,RANDOM,199526,12.71540
std_stable_sort,double,RANDOM,251189,16.56100
std_stable_sort,double,RANDOM,316228,21.58120
std_stable_sort,double,RANDOM,398107,29.19540
std_stable_sort,double,RANDOM,501187,38.05990
std_stable_sort,double,RANDOM,630957,48.95640
std_stable_sort,double,RANDOM,794328,62.14580
std_stable_sort,double,RANDOM,1000000,80.98280
std_stable_sort,double,RANDOM,1258925,100.26000
std_stable_sort,double,RANDOM,1584893,130.97000
std_stable_sort,double,RANDOM,1995262,166.16900
std_stable_sort,double,RANDOM,2511886,208.50600
std_stable_sort,double,RANDOM,3162277,280.35800
std_stable_sort,double,RANDOM,3981071,372.20800
std_stable_sort,double,RANDOM,5011872,464.88400
std_stable_sort,double,RANDOM,6309573,583.91700
std_stable_sort,double,RANDOM,7943282,816.38700
std_stable_sort,double,RANDOM,10000000,1028.57000
std_stable_sort,double,REVERSE_SORTED,1000,0.00824
std_stable_sort,double,REVERSE_SORTED,1259,0.01084
std_stable_sort,double,REVERSE_SORTED,1585,0.01422
std_stable_sort,double,REVERSE_SORTED,1995,0.01926
std_stable_sort,double,REVERSE_SORTED,2512,0.02338
std_stable_sort,double,REVERSE_SORTED,3162,0.02329
std_stable_sort,double,REVERSE_SORTED,3981,0.03960
std_stable_sort,double,REVERSE_SORTED,5012,0.03804
std_stable_sort,double,REVERSE_SORTED,6310,0.06386
std_stable_sort,double,REVERSE_SORTED,7943,0.06788
std_stable_sort,double,REVERSE_SORTED,10000,0.09248
std_stable_sort,double,REVERSE_SORTED,12589,0.15993
std_stable_sort,double,REVERSE_SORTED,15849,0.15974
std_stable_sort,double,REVERSE_SORTED,19953,0.22880
std_stable_sort,double,REVERSE_SORTED,25119,0.22091
std_stable_sort,double,REVERSE_SORTED,31623,0.28746
std_stable_sort,double,REVERSE_SORTED,39811,0.34630
std_stable_sort,double,REVERSE_SORTED,50119,0.36473
std_stable_sort,double,REVERSE_SORTED,63096,0.59937
std_stable_sort,double,REVERSE_SORTED,79433,0.72126
std_stable_sort,double,REVERSE_SORTED,100000,1.27579
std_stable_sort,double,REVERSE_SORTED,125893,1.31358
std_stable_sort,double,REVERSE_SORTED,158489,1.46124
std_stable_sort,double,REVERSE_SORTED,199526,1.93058
std_stable_sort,double,REVERSE_SORTED,251189,2.91423
std_stable_sort,double,REVERSE_SORTED,316228,3.66474
std_stable_sort,double,REVERSE_SORTED,398107,4.77045
std_stable_sort,double,REVERSE_SORTED,501187,7.53168
std_stable_sort,double,REVERSE_SORTED,630957,7.80178
std_stable_sort,double,REVERSE_SORTED,794328,9.86706
std_stable_sort,double,REVERSE_SORTED,1000000,14.93560
std_stable_sort,double,REVERSE_SORTED,1258925,17.52170
std_stable_sort,double,REVERSE_SORTED,1584893,20.34620
std_stable_sort,double,REVERSE_SORTED,1995262,28.71780
std_stable_sort,double,REVERSE_SORTED,2511886,38.41000
std_stable_sort,double,REVERSE_SORTED,3162277,44.05770
std_stable_sort,double,REVERSE_SORTED,3981071,66.19790
std_stable_sort,double,REVERSE_SORTED,5011872,90.49370
std_stable_sort,double,REVERSE_SORTED,6309573,127.56400
std_stable_sort,double,REVERSE_SORTED,7943282,165.57400
std_stable_sort,double,REVERSE_SORTED,10000000,217.57400
std_stable_sort,double,SAWTOOTH,1000,0.01041
std_stable_sort,double,SAWTOOTH,1259,0.01233
std_stable_sort,double,SAWTOOTH,1585,0.01857
std_stable_sort,double,SAWTOOTH,1995,0.02270
std_stable_sort,double,SAWTOOTH,2512,0.01812
std_stable_sort,double,SAWTOOTH,3162,0.02379
std_stable_sort,double,SAWTOOTH,3981,0.02705
std_stable_sort,double,SAWTOOTH,5012,0.06039
std_stable_sort,double,SAWTOOTH,6310,0.04333
std_stable_sort,double,SAWTOOTH,7943,0.04949
std_stable_sort,double,SAWTOOTH,10000,0.06372
std_stable_sort,double,SAWTOOTH,12589,0.10296
std_stable_sort,double,SAWTOOTH,15849,0.12529
std_stable_sort,double,SAWTOOTH,19953,0.15208
std_stable_sort,double,SAWTOOTH,25119,0.17514
std_stable_sort,double,SAWTOOTH,31623,0.20800
std_stable_sort,double,SAWTOOTH,39811,0.49732
std_stable_sort,double,SAWTOOTH,50119,0.36954
std_stable_sort,double,SAWTOOTH,63096,0.75261
std_stable_sort,double,SAWTOOTH,79433,1.05317
std_stable_sort,double,SAWTOOTH,100000,0.70353
std_stable_sort,double,SAWTOOTH,125893,0.92044
std_stable_sort,double,SAWTOOTH,158489,1.15275
std_stable_sort,double,SAWTOOTH,199526,3.06326
std_stable_sort,double,SAWTOOTH,251189,2.07572
std_stable_sort,double,SAWTOOTH,316228,2.63352
std_stable_sort,double,SAWTOOTH,398107,2.58043
std_stable_sort,double,SAWTOOTH,501187,4.39310
std_stable_sort,double,SAWTOOTH,630957,6.00095
std_stable_sort,double,SAWTOOTH,794328,7.87510
std_stable_sort,double,SAWTOOTH,1000000,13.68430
std_stable_sort,double,SAWTOOTH,1258925,16.74190
std_stable_sort,double,SAWTOOTH,1584893,17.17020
std_stable_sort,double,SAWTOOTH,1995262,21.79190
std_stable_sort,double,SAWTOOTH,2511886,30.78890
std_stable_sort,double,SAWTOOTH,3162277,43.63940
std_stable_sort,double,SAWTOOTH,3981071,52.64050
std_stable_sort,double,SAWTOOTH,5011872,76.68720
std_stable_sort,double,SAWTOOTH,6309573,99.01630
std_stable_sort,double,SAWTOOTH,7943282,133.14200
std_stable_sort,double,SAWTOOTH,10000000,181.92000
std_stable_sort,int,MANY_DUPLICATES_10,1000,0.02519
std_stable_sort,int,MANY_DUPLICATES_10,1259,0.03632
std_stable_sort,int,MANY_DUPLICATES_10,1585,0.04594
std_stable_sort,int,MANY_DUPLICATES_10,1995,0.07060
std_stable_sort,int,MANY_DUPLICATES_10,2512,0.08070
std_stable_sort,int,MANY_DUPLICATES_10,3162,0.10186
std_stable_sort,int,MANY_DUPLICATES_10,3981,0.14681
std_stable_sort,int,MANY_DUPLICATES_10,5012,0.20656
std_stable_sort,int,MANY_DUPLICATES_10,6310,0.24872
std_stable_sort,int,MANY_DUPLICATES_10,7943,0.31852
std_stable_sort,int,MANY_DUPLICATES_10,10000,0.41232
std_stable_sort,int,MANY_DUPLICATES_10,12589,0.54062
std_stable_sort,int,MANY_DUPLICATES_10,15849,0.70064
std_stable_sort,int,MANY_DUPLICATES_10,19953,0.89302
std_stable_sort,int,MANY_DUPLICATES_10,25119,1.13842
std_stable_sort,int,MANY_DUPLICATES_10,31623,1.53336
std_stable_sort,int,MANY_DUPLICATES_10,39811,1.95271
std_stable_sort,int,MANY_DUPLICATES_10,50119,2.31684
std_stable_sort,int,MANY_DUPLICATES_10,63096,3.16688
std_stable_sort,int,MANY_DUPLICATES_10,79433,4.04813
std_stable_sort,int,MANY_DUPLICATES_10,100000,5.23047
std_stable_sort,int,MANY_DUPLICATES_10,125893,6.67861
std_stable_sort,int,MANY_DUPLICATES_10,158489,8.25957
std_stable_sort,int,MANY_DUPLICATES_10,199526,10.97110
std_stable_sort,int,MANY_DUPLICATES_10,251189,14.38260
std_stable_sort,int,MANY_DUPLICATES_10,316228,17.90720
std_stable_sort,int,MANY_DUPLICATES_10,398107,23.52430
std_stable_sort,int,MANY_DUPLICATES_10,501187,31.35130
std_stable_sort,int,MANY_DUPLICATES_10,630957,38.34300
std_stable_sort,int,MANY_DUPLICATES_10,794328,51.72280
std_stable_sort,int,MANY_DUPLICATES_10,1000000,64.10310
std_stable_sort,int,MANY_DUPLICATES_10,1258925,82.18660
std_stable_sort,int,MANY_DUPLICATES_10,1584893,107.68700
std_stable_sort,int,MANY_DUPLICATES_10,1995262,139.71900
std_stable_sort,int,MANY_DUPLICATES_10,2511886,176.98800
std_stable_sort,int,MANY_DUPLICATES_10,3162277,221.17500
std_stable_sort,int,MANY_DUPLICATES_10,3981071,285.32400
std_stable_sort,int,MANY_DUPLICATES_10,5011872,375.10200
std_stable_sort,int,MANY_DUPLICATES_10,6309573,479.86700
std_stable_sort,int,MANY_DUPLICATES_10,7943282,630.23400
std_stable_sort,int,MANY_DUPLICATES_10,10000000,786.90300
std_stable_sort,int,MANY_DUPLICATES_50,1000,0.03383
std_stable_sort,int,MANY_DUPLICATES_50,1259,0.03366
std_stable_sort,int,MANY_DUPLICATES_50,1585,0.05210
std_stable_sort,int,MANY_DUPLICATES_50,1995,0.06688
std_stable_sort,int,MANY_DUPLICATES_50,2512,0.09043
std_stable_sort,int,MANY_DUPLICATES_50,3162,0.11583
std_stable_sort,int,MANY_DUPLICATES_50,3981,0.15567
std_stable_sort,int,MANY_DUPLICATES_50,5012,0.19306
std_stable_sort,int,MANY_DUPLICATES_50,6310,0.25372
std_stable_sort,int,MANY_DUPLICATES_50,7943,0.35361
std_stable_sort,int,MANY_DUPLICATES_50,10000,0.39264
std_stable_sort,int,MANY_DUPLICATES_50,12589,0.52881
std_stable_sort,int,MANY_DUPLICATES_50,15849,0.72107
std_stable_sort,int,MANY_DUPLICATES_50,19953,0.95765
std_stable_sort,int,MANY_DUPLICATES_50,25119,1.19775
std_stable_sort,int,MANY_DUPLICATES_50,31623,1.49761
std_stable_sort,int,MANY_DUPLICATES_50,39811,1.91874
std_stable_sort,int,MANY_DUPLICATES_50,50119,2.47694
std_stable_sort,int,MANY_DUPLICATES_50,63096,3.28703
std_stable_sort,int,MANY_DUPLICATES_50,79433,4.02374
std_stable_sort,int,MANY_DUPLICATES_50,100000,5.39428
std_stable_sort,int,MANY_DUPLICATES_50,125893,6.77611
std_stable_sort,int,MANY_DUPLICATES_50,158489,8.45528
std_stable_sort,int,MANY_DUPLICATES_50,199526,11.37000
std_stable_sort,int,MANY_DUPLICATES_50,251189,14.52890
std_stable_sort,int,MANY_DUPLICATES_50,316228,19.20890
std_stable_sort,int,MANY_DUPLICATES_50,398107,24.13290
std_stable_sort,int,MANY_DUPLICATES_50,501187,31.16570
std_stable_sort,int,MANY_DUPLICATES_50,630957,38.58170
std_stable_sort,int,MANY_DUPLICATES_50,794328,51.00700
std_stable_sort,int,MANY_DUPLICATES_50,1000000,65.06570
std_stable_sort,int,MANY_DUPLICATES_50,1258925,82.09250
std_stable_sort,int,MANY_DUPLICATES_50,1584893,107.00600
std_stable_sort,int,MANY_DUPLICATES_50,1995262,134.58000
std_stable_sort,int,MANY_DUPLICATES_50,2511886,171.38100
std_stable_sort,int,MANY_DUPLICATES_50,3162277,228.13800
std_stable_sort,int,MANY_DUPLICATES_50,3981071,296.13700
std_stable_sort,int,MANY_DUPLICATES_50,5011872,384.90200
std_stable_sort,int,MANY_DUPLICATES_50,6309573,480.96200
std_stable_sort,int,MANY_DUPLICATES_50,7943282,649.54800
std_stable_sort,int,MANY_DUPLICATES_50,10000000,815.02000
std_stable_sort,int,MANY_DUPLICATES_90,1000,0.03169
std_stable_sort,int,MANY_DUPLICATES_90,1259,0.03810
std_stable_sort,int,MANY_DUPLICATES_90,1585,0.05240
std_stable_sort,int,MANY_DUPLICATES_90,1995,0.07939
std_stable_sort,int,MANY_DUPLICATES_90,2512,0.09570
std_stable_sort,int,MANY_DUPLICATES_90,3162,0.11809
std_stable_sort,int,MANY_DUPLICATES_90,3981,0.14536
std_stable_sort,int,MANY_DUPLICATES_90,5012,0.20106
std_stable_sort,int,MANY_DUPLICATES_90,6310,0.26713
std_stable_sort,int,MANY_DUPLICATES_90,7943,0.31171
std_stable_sort,int,MANY_DUPLICATES_90,10000,0.42513
std_stable_sort,int,MANY_DUPLICATES_90,12589,0.44829
std_stable_sort,int,MANY_DUPLICATES_90,15849,0.69337
std_stable_sort,int,MANY_DUPLICATES_90,19953,0.91626
std_stable_sort,int,MANY_DUPLICATES_90,25119,1.27313
std_stable_sort,int,MANY_DUPLICATES_90,31623,1.47349
std_stable_sort,int,MANY_DUPLICATES_90,39811,1.91944
std_stable_sort,int,MANY_DUPLICATES_90,50119,2.54549
std_stable_sort,int,MANY_DUPLICATES_90,63096,3.21142
std_stable_sort,int,MANY_DUPLICATES_90,79433,4.12255
std_stable_sort,int,MANY_DUPLICATES_90,100000,5.16475
std_stable_sort,int,MANY_DUPLICATES_90,125893,6.76945
std_stable_sort,int,MANY_DUPLICATES_90,158489,8.67512
std_stable_sort,int,MANY_DUPLICATES_90,199526,11.19690
std_stable_sort,int,MANY_DUPLICATES_90,251189,14.07450
std_stable_sort,int,MANY_DUPLICATES_90,316228,18.24980
std_stable_sort,int,MANY_DUPLICATES_90,398107,23.69060
std_stable_sort,int,MANY_DUPLICATES_90,501187,30.29400
std_stable_sort,int,MANY_DUPLICATES_90,630957,38.37200
std_stable_sort,int,MANY_DUPLICATES_90,794328,55.19040
std_stable_sort,int,MANY_DUPLICATES_90,1000000,67.05090
std_stable_sort,int,MANY_DUPLICATES_90,1258925,86.14540
std_stable_sort,int,MANY_DUPLICATES_90,1584893,109.10100
std_stable_sort,int,MANY_DUPLICATES_90,1995262,135.82700
std_stable_sort,int,MANY_DUPLICATES_90,2511886,179.24400
std_stable_sort,int,MANY_DUPLICATES_90,3162277,231.16800
std_stable_sort,int,MANY_DUPLICATES_90,3981071,297.02000
std_stable_sort,int,MANY_DUPLICATES_90,5011872,388.84700
std_stable_sort,int,MANY_DUPLICATES_90,6309573,478.26000
std_stable_sort,int,MANY_DUPLICATES_90,7943282,639.35600
std_stable_sort,int,MANY_DUPLICATES_90,10000000,816.39400
std_stable_sort,int,NEARLY_SORTED,1000,0.01230
std_stable_sort,int,NEARLY_SORTED,1259,0.01483
std_stable_sort,int,NEARLY_SORTED,1585,0.01945
std_stable_sort,int,NEARLY_SORTED,1995,0.02179
std_stable_sort,int,NEARLY_SORTED,2512,0.04215
std_stable_sort,int,NEARLY_SORTED,3162,0.03606
std_stable_sort,int,NEARLY_SORTED,3981,0.04335
std_stable_sort,int,NEARLY_SORTED,5012,0.07218
std_stable_sort,int,NEARLY_SORTED,6310,0.09355
std_stable_sort,int,NEARLY_SORTED,7943,0.12994
std_stable_sort,int,NEARLY_SORTED,10000,0.15285
std_stable_sort,int,NEARLY_SORTED,12589,0.19414
std_stable_sort,int,NEARLY_SORTED,15849,0.23890
std_stable_sort,int,NEARLY_SORTED,19953,0.32010
std_stable_sort,int,NEARLY_SORTED,25119,0.43419
std_stable_sort,int,NEARLY_SORTED,31623,0.55116
std_stable_sort,int,NEARLY_SORTED,39811,0.65495
std_stable_sort,int,NEARLY_SORTED,50119,0.79870
std_stable_sort,int,NEARLY_SORTED,63096,1.08134
std_stable_sort,int,NEARLY_SORTED,79433,1.38328
std_stable_sort,int,NEARLY_SORTED,100000,1.76817
std_stable_sort,int,NEARLY_SORTED,125893,2.20425
std_stable_sort,int,NEARLY_SORTED,158489,2.97442
std_stable_sort,int,NEARLY_SORTED,199526,4.04250
std_stable_sort,int,NEARLY_SORTED,251189,5.23853
std_stable_sort,int,NEARLY_SORTED,316228,7.27314
std_stable_sort,int,NEARLY_SORTED,398107,8.37893
std_stable_sort,int,NEARLY_SORTED,501187,9.79003
std_stable_sort,int,NEARLY_SORTED,630957,12.35710
std_stable_sort,int,NEARLY_SORTED,794328,15.93430
std_stable_sort,int,NEARLY_SORTED,1000000,20.10860
std_stable_sort,int,NEARLY_SORTED,1258925,26.54100
std_stable_sort,int,NEARLY_SORTED,1584893,34.10020
std_stable_sort,int,NEARLY_SORTED,1995262,44.25980
std_stable_sort,int,NEARLY_SORTED,2511886,55.77170
std_stable_sort,int,NEARLY_SORTED,3162277,68.69570
std_stable_sort,int,NEARLY_SORTED,3981071,91.80190
std_stable_sort,int,NEARLY_SORTED,5011872,119.02400
std_stable_sort,int,NEARLY_SORTED,6309573,159.04800
std_stable_sort,int,NEARLY_SORTED,7943282,200.22500
std_stable_sort,int,NEARLY_SORTED,10000000,253.05500
std_stable_sort,int,ORGAN_PIPE,1000,0.00654
std_stable_sort,int,ORGAN_PIPE,1259,0.00714
std_stable_sort,int,ORGAN_PIPE,1585,0.00899
std_stable_sort,int,ORGAN_PIPE,1995,0.01679
std_stable_sort,int,ORGAN_PIPE,2512,0.01294
std_stable_sort,int,ORGAN_PIPE,3162,0.01569
std_stable_sort,int,ORGAN_PIPE,3981,0.01967
std_stable_sort,int,ORGAN_PIPE,5012,0.02628
std_stable_sort,int,ORGAN_PIPE,6310,0.03145
std_stable_sort,int,ORGAN_PIPE,7943,0.04091
std_stable_sort,int,ORGAN_PIPE,10000,0.04835
std_stable_sort,int,ORGAN_PIPE,12589,0.06180
std_stable_sort,int,ORGAN_PIPE,15849,0.08617
std_stable_sort,int,ORGAN_PIPE,19953,0.10098
std_stable_sort,int,ORGAN_PIPE,25119,0.14780
std_stable_sort,int,ORGAN_PIPE,31623,0.19129
std_stable_sort,int,ORGAN_PIPE,39811,0.21294
std_stable_sort,int,ORGAN_PIPE,50119,0.27322
std_stable_sort,int,ORGAN_PIPE,63096,0.38071
std_stable_sort,int,ORGAN_PIPE,79433,0.45959
std_stable_sort,int,ORGAN_PIPE,100000,0.57772
std_stable_sort,int,ORGAN_PIPE,125893,0.73825
std_stable_sort,int,ORGAN_PIPE,158489,0.92901
std_stable_sort,int,ORGAN_PIPE,199526,1.13518
std_stable_sort,int,ORGAN_PIPE,251189,1.53531
std_stable_sort,int,ORGAN_PIPE,316228,1.94234
std_stable_sort,int,ORGAN_PIPE,398107,2.54275
std_stable_sort,int,ORGAN_PIPE,501187,3.21143
std_stable_sort,int,ORGAN_PIPE,630957,4.09758
std_stable_sort,int,ORGAN_PIPE,794328,5.55838
std_stable_sort,int,ORGAN_PIPE,1000000,7.10635
std_stable_sort,int,ORGAN_PIPE,1258925,9.24907
std_stable_sort,int,ORGAN_PIPE,1584893,11.45970
std_stable_sort,int,ORGAN_PIPE,1995262,15.24690
std_stable_sort,int,ORGAN_PIPE,2511886,19.08350
std_stable_sort,int,ORGAN_PIPE,3162277,23.50690
std_stable_sort,int,ORGAN_PIPE,3981071,31.39950
std_stable_sort,int,ORGAN_PIPE,5011872,40.78300
std_stable_sort,int,ORGAN_PIPE,6309573,56.52970
std_stable_sort,int,ORGAN_PIPE,7943282,70.11380
std_stable_sort,int,ORGAN_PIPE,10000000,94.09220
std_stable_sort,int,RANDOM,1000,0.02644
std_stable_sort,int,RANDOM,1259,0.03554
std_stable_sort,int,RANDOM,1585,0.04663
std_stable_sort,int,RANDOM,1995,0.06308
std_stable_sort,int,RANDOM,2512,0.09095
std_stable_sort,int,RANDOM,3162,0.12069
std_stable_sort,int,RANDOM,3981,0.14734
std_stable_sort,int,RANDOM,5012,0.17747
std_stable_sort,int,RANDOM,6310,0.25511
std_stable_sort,int,RANDOM,7943,0.31513
std_stable_sort,int,RANDOM,10000,0.40626
std_stable_sort,int,RANDOM,12589,0.55708
std_stable_sort,int,RANDOM,15849,0.67926
std_stable_sort,int,RANDOM,19953,0.88856
std_stable_sort,int,RANDOM,25119,1.13293
std_stable_sort,int,RANDOM,31623,1.49912
std_stable_sort,int,RANDOM,39811,1.87234
std_stable_sort,int,RANDOM,50119,2.45906
std_stable_sort,int,RANDOM,63096,3.00140
std_stable_sort,int,RANDOM,79433,4.22737
std_stable_sort,int,RANDOM,100000,5.21537
std_stable_sort,int,RANDOM,125893,6.75991
std_stable_sort,int,RANDOM,158489,8.43083
std_stable_sort,int,RANDOM,199526,11.13190
std_stable_sort,int,RANDOM,251189,14.22300
std_stable_sort,int,RANDOM,316228,18.86790
std_stable_sort,int,RANDOM,398107,23.87740
std_stable_sort,int,RANDOM,501187,30.11620
std_stable_sort,int,RANDOM,630957,38.41500
std_stable_sort,int,RANDOM,794328,48.42870
std_stable_sort,int,RANDOM,1000000,64.85870
std_stable_sort,int,RANDOM,1258925,82.18780
std_stable_sort,int,RANDOM,1584893,112.55100
std_stable_sort,int,RANDOM,1995262,130.98600
std_stable_sort,int,RANDOM,2511886,180.50200
std_stable_sort,int,RANDOM,3162277,217.73100
std_stable_sort,int,RANDOM,3981071,289.56000
std_stable_sort,int,RANDOM,5011872,369.12800
std_stable_sort,int,RANDOM,6309573,483.85200
std_stable_sort,int,RANDOM,7943282,648.32400
std_stable_sort,int,RANDOM,10000000,801.62600
std_stable_sort,int,REVERSE_SORTED,1000,0.00674
std_stable_sort,int,REVERSE_SORTED,1259,0.00795
std_stable_sort,int,REVERSE_SORTED,1585,0.01013
std_stable_sort,int,REVERSE_SORTED,1995,0.01301
std_stable_sort,int,REVERSE_SORTED,2512,0.01758
std_stable_sort,int,REVERSE_SORTED,3162,0.02055
std_stable_sort,int,REVERSE_SORTED,3981,0.02581
std_stable_sort,int,REVERSE_SORTED,5012,0.03249
std_stable_sort,int,REVERSE_SORTED,6310,0.03972
std_stable_sort,int,REVERSE_SORTED,7943,0.05089
std_stable_sort,int,REVERSE_SORTED,10000,0.07033
std_stable_sort,int,REVERSE_SORTED,12589,0.09113
std_stable_sort,int,REVERSE_SORTED,15849,0.10249
std_stable_sort,int,REVERSE_SORTED,19953,0.12964
std_stable_sort,int,REVERSE_SORTED,25119,0.18969
std_stable_sort,int,REVERSE_SORTED,31623,0.24332
std_stable_sort,int,REVERSE_SORTED,39811,0.27758
std_stable_sort,int,REVERSE_SORTED,50119,0.33352
std_stable_sort,int,REVERSE_SORTED,63096,0.42370
std_stable_sort,int,REVERSE_SORTED,79433,0.59521
std_stable_sort,int,REVERSE_SORTED,100000,0.74351
std_stable_sort,int,REVERSE_SORTED,125893,0.88033
std_stable_sort,int,REVERSE_SORTED,158489,1.14674
std_stable_sort,int,REVERSE_SORTED,199526,1.42641
std_stable_sort,int,REVERSE_SORTED,251189,1.89665
std_stable_sort,int,REVERSE_SORTED,316228,2.44068
std_stable_sort,int,REVERSE_SORTED,398107,3.00819
std_stable_sort,int,REVERSE_SORTED,501187,3.88570
std_stable_sort,int,REVERSE_SORTED,630957,4.84877
std_stable_sort,int,REVERSE_SORTED,794328,6.50709
std_stable_sort,int,REVERSE_SORTED,1000000,8.92756
std_stable_sort,int,REVERSE_SORTED,1258925,11.04330
std_stable_sort,int,REVERSE_SORTED,1584893,14.17730
std_stable_sort,int,REVERSE_SORTED,1995262,17.40840
std_stable_sort,int,REVERSE_SORTED,2511886,22.30900
std_stable_sort,int,REVERSE_SORTED,3162277,28.59690
std_stable_sort,int,REVERSE_SORTED,3981071,38.72660
std_stable_sort,int,REVERSE_SORTED,5011872,49.38860
std_stable_sort,int,REVERSE_SORTED,6309573,63.18490
std_stable_sort,int,REVERSE_SORTED,7943282,84.53320
std_stable_sort,int,REVERSE_SORTED,10000000,106.94000
std_stable_sort,int,SAWTOOTH,1000,0.00607
std_stable_sort,int,SAWTOOTH,1259,0.00709
std_stable_sort,int,SAWTOOTH,1585,0.00882
std_stable_sort,int,SAWTOOTH,1995,0.00963
std_stable_sort,int,SAWTOOTH,2512,0.01200
std_stable_sort,int,SAWTOOTH,3162,0.01572
std_stable_sort,int,SAWTOOTH,3981,0.02338
std_stable_sort,int,SAWTOOTH,5012,0.02559
std_stable_sort,int,SAWTOOTH,6310,0.02865
std_stable_sort,int,SAWTOOTH,7943,0.03617
std_stable_sort,int,SAWTOOTH,10000,0.04431
std_stable_sort,int,SAWTOOTH,12589,0.05316
std_stable_sort,int,SAWTOOTH,15849,0.17115
std_stable_sort,int,SAWTOOTH,19953,0.09548
std_stable_sort,int,SAWTOOTH,25119,0.13078
std_stable_sort,int,SAWTOOTH,31623,0.16035
std_stable_sort,int,SAWTOOTH,39811,0.19038
std_stable_sort,int,SAWTOOTH,50119,0.22948
std_stable_sort,int,SAWTOOTH,63096,0.30287
std_stable_sort,int,SAWTOOTH,79433,0.38761
std_stable_sort,int,SAWTOOTH,100000,0.40564
std_stable_sort,int,SAWTOOTH,125893,0.50685
std_stable_sort,int,SAWTOOTH,158489,0.75735
std_stable_sort,int,SAWTOOTH,199526,1.01327
std_stable_sort,int,SAWTOOTH,251189,1.28995
std_stable_sort,int,SAWTOOTH,316228,1.74158
std_stable_sort,int,SAWTOOTH,398107,2.04251
std_stable_sort,int,SAWTOOTH,501187,2.71889
std_stable_sort,int,SAWTOOTH,630957,3.52108
std_stable_sort,int,SAWTOOTH,794328,4.49472
std_stable_sort,int,SAWTOOTH,1000000,6.18382
std_stable_sort,int,SAWTOOTH,1258925,7.86648
std_stable_sort,int,SAWTOOTH,1584893,9.46407
std_stable_sort,int,SAWTOOTH,1995262,12.87910
std_stable_sort,int,SAWTOOTH,2511886,16.64750
std_stable_sort,int,SAWTOOTH,3162277,20.01710
std_stable_sort,int,SAWTOOTH,3981071,27.68160
std_stable_sort,int,SAWTOOTH,5011872,35.15580
std_stable_sort,int,SAWTOOTH,6309573,47.74340
std_stable_sort,int,SAWTOOTH,7943282,61.32050
std_stable_sort,int,SAWTOOTH,10000000,80.83500
