Algorithm,Type,Pattern,Size,Comparisons,Swaps,Assignments
dual_pivot_parallel_2,int,RANDOM,1000,18081,1331,9669
dual_pivot_parallel_2,int,RANDOM,1259,20555,1749,11574
dual_pivot_parallel_2,int,RANDOM,1585,28593,2348,14530
dual_pivot_parallel_2,int,RANDOM,1995,33942,3390,16439
dual_pivot_parallel_2,int,RANDOM,2512,52774,5067,23162
dual_pivot_parallel_2,int,RANDOM,3162,62575,5557,27332
dual_pivot_parallel_2,int,RANDOM,3981,81288,7461,37048
dual_pivot_parallel_2,int,RANDOM,5012,116934,8613,50330
dual_pivot_parallel_2,int,RANDOM,6310,137249,11734,58760
dual_pivot_parallel_2,int,RANDOM,7943,185684,17592,73448
dual_pivot_parallel_2,int,RANDOM,10000,213653,24654,90232
dual_pivot_parallel_2,int,RANDOM,12589,298021,28654,119963
dual_pivot_parallel_2,int,RANDOM,15849,379310,39078,149919
dual_pivot_parallel_2,int,RANDOM,19953,501658,51755,190814
dual_pivot_parallel_2,int,RANDOM,25119,632679,65545,237154
dual_pivot_parallel_2,int,RANDOM,31623,769496,90792,307437
dual_pivot_parallel_2,int,RANDOM,39811,1069758,110801,383640
dual_pivot_parallel_2,int,RANDOM,50119,1294332,142611,480338
dual_pivot_parallel_2,int,RANDOM,63096,1977862,170081,649787
dual_pivot_parallel_2,int,RANDOM,79433,2259401,244824,817014
dual_pivot_parallel_2,int,RANDOM,100000,2903884,325568,1018690
dual_pivot_parallel_2,int,RANDOM,125893,3613913,410663,1276174
dual_pivot_parallel_2,int,RANDOM,158489,4657701,526176,1619698
dual_pivot_parallel_2,int,RANDOM,199526,6076156,697957,2079252
dual_pivot_parallel_2,int,RANDOM,251189,7687458,917456,2608995
dual_pivot_parallel_2,int,RANDOM,316228,9452458,1243389,3225754
dual_pivot_parallel_2,int,RANDOM,398107,13131309,1458456,4237940
dual_pivot_parallel_2,int,RANDOM,501187,16118765,1887028,5278454
dual_pivot_parallel_2,int,RANDOM,630957,22416322,2439290,6926223
dual_pivot_parallel_2,int,RANDOM,794328,26585106,3221177,8518365
dual_pivot_parallel_2,int,RANDOM,1000000,38468125,3780925,11201345
dual_pivot_parallel_2,int,RANDOM,1258925,44617929,5051400,13698038
dual_pivot_parallel_2,int,RANDOM,1584893,56686587,6629385,17339522
dual_pivot_parallel_2,int,RANDOM,1995262,71995862,8823476,22040575
dual_pivot_parallel_2,int,RANDOM,2511886,95049944,11177729,28256290
dual_pivot_parallel_2,int,RANDOM,3162277,127600086,13880286,36325848
dual_pivot_parallel_2,int,RANDOM,3981071,151807136,17814776,44766381
dual_pivot_parallel_2,int,RANDOM,5011872,205114997,22489618,57898792
dual_pivot_parallel_2,int,RANDOM,6309573,259170977,29164080,73134348
dual_pivot_parallel_2,int,RANDOM,7943282,319865810,38483788,91542661
dual_pivot_parallel_2,int,RANDOM,10000000,409792182,48825127,115944433
dual_pivot_parallel_2,int,NEARLY_SORTED,1000,10696,1475,6515
dual_pivot_parallel_2,int,NEARLY_SORTED,1259,12338,1778,6472
dual_pivot_parallel_2,int,NEARLY_SORTED,1585,17690,2092,8533
dual_pivot_parallel_2,int,NEARLY_SORTED,1995,22572,3206,11541
dual_pivot_parallel_2,int,NEARLY_SORTED,2512,30965,4518,16231
dual_pivot_parallel_2,int,NEARLY_SORTED,3162,41985,6230,22029
dual_pivot_parallel_2,int,NEARLY_SORTED,3981,56082,8635,29047
dual_pivot_parallel_2,int,NEARLY_SORTED,5012,71492,10663,35440
dual_pivot_parallel_2,int,NEARLY_SORTED,6310,91147,12830,43351
dual_pivot_parallel_2,int,NEARLY_SORTED,7943,121512,18498,57370
dual_pivot_parallel_2,int,NEARLY_SORTED,10000,154279,24474,69858
dual_pivot_parallel_2,int,NEARLY_SORTED,12589,206729,33453,91358
dual_pivot_parallel_2,int,NEARLY_SORTED,15849,265153,41986,114811
dual_pivot_parallel_2,int,NEARLY_SORTED,19953,341414,54264,145300
dual_pivot_parallel_2,int,NEARLY_SORTED,25119,454547,67791,191983
dual_pivot_parallel_2,int,NEARLY_SORTED,31623,567416,87632,233395
dual_pivot_parallel_2,int,NEARLY_SORTED,39811,757746,123328,307823
dual_pivot_parallel_2,int,NEARLY_SORTED,50119,971055,158654,386652
dual_pivot_parallel_2,int,NEARLY_SORTED,63096,1289030,211862,495866
dual_pivot_parallel_2,int,NEARLY_SORTED,79433,1656240,275463,638717
dual_pivot_parallel_2,int,NEARLY_SORTED,100000,2089519,349855,786042
dual_pivot_parallel_2,int,NEARLY_SORTED,125893,2774433,448235,1008097
dual_pivot_parallel_2,int,NEARLY_SORTED,158489,3437300,578270,1277964
dual_pivot_parallel_2,int,NEARLY_SORTED,199526,4574202,778905,1630109
dual_pivot_parallel_2,int,NEARLY_SORTED,251189,5847745,966898,2061279
dual_pivot_parallel_2,int,NEARLY_SORTED,316228,7480974,1292242,2633870
dual_pivot_parallel_2,int,NEARLY_SORTED,398107,9672785,1671414,3333089
dual_pivot_parallel_2,int,NEARLY_SORTED,501187,12510182,2176437,4213795
dual_pivot_parallel_2,int,NEARLY_SORTED,630957,15875180,2695646,5303183
dual_pivot_parallel_2,int,NEARLY_SORTED,794328,20638683,3635175,6754314
dual_pivot_parallel_2,int,NEARLY_SORTED,1000000,26560316,4605114,8605863
dual_pivot_parallel_2,int,NEARLY_SORTED,1258925,34033212,5851649,10925308
dual_pivot_parallel_2,int,NEARLY_SORTED,1584893,45671516,7231123,13932201
dual_pivot_parallel_2,int,NEARLY_SORTED,1995262,55839927,9763222,17432392
dual_pivot_parallel_2,int,NEARLY_SORTED,2511886,72156196,12108876,22263131
dual_pivot_parallel_2,int,NEARLY_SORTED,3162277,91362564,15825585,28159335
dual_pivot_parallel_2,int,NEARLY_SORTED,3981071,118680777,19196013,35722533
dual_pivot_parallel_2,int,NEARLY_SORTED,5011872,151278754,26359946,45434129
dual_pivot_parallel_2,int,NEARLY_SORTED,6309573,192374732,33566758,57565230
dual_pivot_parallel_2,int,NEARLY_SORTED,7943282,245761249,43019743,72900659
dual_pivot_parallel_2,int,NEARLY_SORTED,10000000,319428403,55533304,92939974
dual_pivot_parallel_2,int,REVERSE_SORTED,1000,1501,0,1500
dual_pivot_parallel_2,int,REVERSE_SORTED,1259,1889,0,1887
dual_pivot_parallel_2,int,REVERSE_SORTED,1585,2378,0,2376
dual_pivot_parallel_2,int,REVERSE_SORTED,1995,2993,0,2991
dual_pivot_parallel_2,int,REVERSE_SORTED,2512,3769,0,3768
dual_pivot_parallel_2,int,REVERSE_SORTED,3162,4744,0,4743
dual_pivot_parallel_2,int,REVERSE_SORTED,3981,5972,0,5970
dual_pivot_parallel_2,int,REVERSE_SORTED,5012,7519,0,7518
dual_pivot_parallel_2,int,REVERSE_SORTED,6310,9466,0,9465
dual_pivot_parallel_2,int,REVERSE_SORTED,7943,11915,0,11913
dual_pivot_parallel_2,int,REVERSE_SORTED,10000,15001,0,15000
dual_pivot_parallel_2,int,REVERSE_SORTED,12589,18884,0,18882
dual_pivot_parallel_2,int,REVERSE_SORTED,15849,23774,0,23772
dual_pivot_parallel_2,int,REVERSE_SORTED,19953,29930,0,29928
dual_pivot_parallel_2,int,REVERSE_SORTED,25119,37679,0,37677
dual_pivot_parallel_2,int,REVERSE_SORTED,31623,47435,0,47433
dual_pivot_parallel_2,int,REVERSE_SORTED,39811,59717,0,59715
dual_pivot_parallel_2,int,REVERSE_SORTED,50119,75179,0,75177
dual_pivot_parallel_2,int,REVERSE_SORTED,63096,94645,0,94644
dual_pivot_parallel_2,int,REVERSE_SORTED,79433,268088,59592,69476
dual_pivot_parallel_2,int,REVERSE_SORTED,100000,337502,75018,87471
dual_pivot_parallel_2,int,REVERSE_SORTED,125893,424896,94434,110139
dual_pivot_parallel_2,int,REVERSE_SORTED,158489,534902,118884,138650
dual_pivot_parallel_2,int,REVERSE_SORTED,199526,860478,205786,174573
dual_pivot_parallel_2,int,REVERSE_SORTED,251189,1083273,259066,219780
dual_pivot_parallel_2,int,REVERSE_SORTED,316228,1462573,385443,128449
dual_pivot_parallel_2,int,REVERSE_SORTED,398107,1841263,485235,161710
dual_pivot_parallel_2,int,REVERSE_SORTED,501187,2623429,716615,109621
dual_pivot_parallel_2,int,REVERSE_SORTED,630957,3302701,902141,138020
dual_pivot_parallel_2,int,REVERSE_SORTED,794328,4558110,1247443,229617
dual_pivot_parallel_2,int,REVERSE_SORTED,1000000,5738327,1570411,289052
dual_pivot_parallel_2,int,REVERSE_SORTED,1258925,7912640,2235226,68872
dual_pivot_parallel_2,int,REVERSE_SORTED,1584893,9998522,2813968,160974
dual_pivot_parallel_2,int,REVERSE_SORTED,1995262,13665939,3858268,255297
dual_pivot_parallel_2,int,REVERSE_SORTED,2511886,17204345,4857202,321375
dual_pivot_parallel_2,int,REVERSE_SORTED,3162277,22168516,6281572,311967
dual_pivot_parallel_2,int,REVERSE_SORTED,3981071,29483084,8380464,392752
dual_pivot_parallel_2,int,REVERSE_SORTED,5011872,39816630,11402115,265066
dual_pivot_parallel_2,int,REVERSE_SORTED,6309573,50033556,14354307,148818
dual_pivot_parallel_2,int,REVERSE_SORTED,7943282,65155717,18699261,332792
dual_pivot_parallel_2,int,REVERSE_SORTED,10000000,84992605,24430927,418975
dual_pivot_parallel_2,int,MANY_DUPLICATES_10,1000,17485,1673,6688
dual_pivot_parallel_2,int,MANY_DUPLICATES_10,1259,19260,2279,7598
dual_pivot_parallel_2,int,MANY_DUPLICATES_10,1585,26917,3154,12051
dual_pivot_parallel_2,int,MANY_DUPLICATES_10,1995,30034,4447,13668
dual_pivot_parallel_2,int,MANY_DUPLICATES_10,2512,46663,6026,15983
dual_pivot_parallel_2,int,MANY_DUPLICATES_10,3162,56267,6758,20616
dual_pivot_parallel_2,int,MANY_DUPLICATES_10,3981,72338,10112,27749
dual_pivot_parallel_2,int,MANY_DUPLICATES_10,5012,97386,12487,34593
dual_pivot_parallel_2,int,MANY_DUPLICATES_10,6310,126115,16146,45495
dual_pivot_parallel_2,int,MANY_DUPLICATES_10,7943,158175,22588,52740
dual_pivot_parallel_2,int,MANY_DUPLICATES_10,10000,210262,28258,70803
dual_pivot_parallel_2,int,MANY_DUPLICATES_10,12589,261822,34699,89330
dual_pivot_parallel_2,int,MANY_DUPLICATES_10,15849,349876,47860,115716
dual_pivot_parallel_2,int,MANY_DUPLICATES_10,19953,456496,61501,142896
dual_pivot_parallel_2,int,MANY_DUPLICATES_10,25119,581583,75705,189763
dual_pivot_parallel_2,int,MANY_DUPLICATES_10,31623,765884,98672,243303
dual_pivot_parallel_2,int,MANY_DUPLICATES_10,39811,933989,130843,295878
dual_pivot_parallel_2,int,MANY_DUPLICATES_10,50119,1280945,162237,387830
dual_pivot_parallel_2,int,MANY_DUPLICATES_10,63096,1762630,208461,492650
dual_pivot_parallel_2,int,MANY_DUPLICATES_10,79433,2158569,264901,639507
dual_pivot_parallel_2,int,MANY_DUPLICATES_10,100000,2627902,366947,786103
dual_pivot_parallel_2,int,MANY_DUPLICATES_10,125893,3276833,473409,991991
dual_pivot_parallel_2,int,MANY_DUPLICATES_10,158489,4477484,586664,1287745
dual_pivot_parallel_2,int,MANY_DUPLICATES_10,199526,5616471,824655,1613469
dual_pivot_parallel_2,int,MANY_DUPLICATES_10,251189,7191988,1100530,2055967
dual_pivot_parallel_2,int,MANY_DUPLICATES_10,316228,10540475,1260424,2738725
dual_pivot_parallel_2,int,MANY_DUPLICATES_10,398107,11957789,1714318,3315895
dual_pivot_parallel_2,int,MANY_DUPLICATES_10,501187,15726639,2065016,4227271
dual_pivot_parallel_2,int,MANY_DUPLICATES_10,630957,21361456,2675509,5496742
dual_pivot_parallel_2,int,MANY_DUPLICATES_10,794328,25060275,3575448,6766405
dual_pivot_parallel_2,int,MANY_DUPLICATES_10,1000000,31524433,4862204,8588764
dual_pivot_parallel_2,int,MANY_DUPLICATES_10,1258925,43888175,5592843,11205563
dual_pivot_parallel_2,int,MANY_DUPLICATES_10,1584893,53201988,7364512,13906747
dual_pivot_parallel_2,int,MANY_DUPLICATES_10,1995262,70753520,9052899,17948569
dual_pivot_parallel_2,int,MANY_DUPLICATES_10,2511886,88563142,12621815,22673078
dual_pivot_parallel_2,int,MANY_DUPLICATES_10,3162277,117630993,14765518,29046268
dual_pivot_parallel_2,int,MANY_DUPLICATES_10,3981071,149251225,19613266,36871190
dual_pivot_parallel_2,int,MANY_DUPLICATES_10,5011872,193854297,24975374,47094964
dual_pivot_parallel_2,int,MANY_DUPLICATES_10,6309573,244125803,32630351,59473947
dual_pivot_parallel_2,int,MANY_DUPLICATES_10,7943282,305146095,43085899,74554232
dual_pivot_parallel_2,int,MANY_DUPLICATES_10,10000000,384571343,54708983,93632381
dual_pivot_parallel_2,int,MANY_DUPLICATES_50,1000,19016,1496,8396
dual_pivot_parallel_2,int,MANY_DUPLICATES_50,1259,20228,2033,10920
dual_pivot_parallel_2,int,MANY_DUPLICATES_50,1585,29256,2446,14521
dual_pivot_parallel_2,int,MANY_DUPLICATES_50,1995,33899,3647,16615
dual_pivot_parallel_2,int,MANY_DUPLICATES_50,2512,53059,4398,21981
dual_pivot_parallel_2,int,MANY_DUPLICATES_50,3162,69154,5403,30818
dual_pivot_parallel_2,int,MANY_DUPLICATES_50,3981,79938,8562,33148
dual_pivot_parallel_2,int,MANY_DUPLICATES_50,5012,109923,10106,47584
dual_pivot_parallel_2,int,MANY_DUPLICATES_50,6310,133063,13637,56395
dual_pivot_parallel_2,int,MANY_DUPLICATES_50,7943,180665,18523,73350
dual_pivot_parallel_2,int,MANY_DUPLICATES_50,10000,216672,25624,89812
dual_pivot_parallel_2,int,MANY_DUPLICATES_50,12589,286405,30590,113346
dual_pivot_parallel_2,int,MANY_DUPLICATES_50,15849,380800,41105,147188
dual_pivot_parallel_2,int,MANY_DUPLICATES_50,19953,488648,53570,190540
dual_pivot_parallel_2,int,MANY_DUPLICATES_50,25119,630814,64992,239582
dual_pivot_parallel_2,int,MANY_DUPLICATES_50,31623,793402,88782,297671
dual_pivot_parallel_2,int,MANY_DUPLICATES_50,39811,982447,118199,374529
dual_pivot_parallel_2,int,MANY_DUPLICATES_50,50119,1365820,141740,485987
dual_pivot_parallel_2,int,MANY_DUPLICATES_50,63096,1887476,176301,632872
dual_pivot_parallel_2,int,MANY_DUPLICATES_50,79433,2229802,243885,779508
dual_pivot_parallel_2,int,MANY_DUPLICATES_50,100000,2855138,307488,980958
dual_pivot_parallel_2,int,MANY_DUPLICATES_50,125893,3618125,416264,1248461
dual_pivot_parallel_2,int,MANY_DUPLICATES_50,158489,4852757,523364,1608172
dual_pivot_parallel_2,int,MANY_DUPLICATES_50,199526,6091087,712497,2037752
dual_pivot_parallel_2,int,MANY_DUPLICATES_50,251189,7905897,902978,2589625
dual_pivot_parallel_2,int,MANY_DUPLICATES_50,316228,10155045,1122266,3281877
dual_pivot_parallel_2,int,MANY_DUPLICATES_50,398107,12930504,1481895,4148517
dual_pivot_parallel_2,int,MANY_DUPLICATES_50,501187,17494909,1803697,5377374
dual_pivot_parallel_2,int,MANY_DUPLICATES_50,630957,20766916,2490344,6631259
dual_pivot_parallel_2,int,MANY_DUPLICATES_50,794328,28004455,3117585,8518424
dual_pivot_parallel_2,int,MANY_DUPLICATES_50,1000000,36068181,4013200,10839908
dual_pivot_parallel_2,int,MANY_DUPLICATES_50,1258925,48001583,4912372,13940300
dual_pivot_parallel_2,int,MANY_DUPLICATES_50,1584893,55481253,6850398,17069381
dual_pivot_parallel_2,int,MANY_DUPLICATES_50,1995262,74043922,8562277,21885435
dual_pivot_parallel_2,int,MANY_DUPLICATES_50,2511886,96381838,11249602,27948937
dual_pivot_parallel_2,int,MANY_DUPLICATES_50,3162277,118552885,14386787,34796665
dual_pivot_parallel_2,int,MANY_DUPLICATES_50,3981071,149199459,19076655,43936425
dual_pivot_parallel_2,int,MANY_DUPLICATES_50,5011872,197960265,23053512,56400392
dual_pivot_parallel_2,int,MANY_DUPLICATES_50,6309573,246434985,29665757,70748782
dual_pivot_parallel_2,int,MANY_DUPLICATES_50,7943282,323464549,37758407,90529833
dual_pivot_parallel_2,int,MANY_DUPLICATES_50,10000000,408181962,49167004,114051922
dual_pivot_parallel_2,int,MANY_DUPLICATES_90,1000,16536,1377,8096
dual_pivot_parallel_2,int,MANY_DUPLICATES_90,1259,20657,1795,10835
dual_pivot_parallel_2,int,MANY_DUPLICATES_90,1585,28913,2279,14929
dual_pivot_parallel_2,int,MANY_DUPLICATES_90,1995,34538,3775,15845
dual_pivot_parallel_2,int,MANY_DUPLICATES_90,2512,56932,4102,22650
dual_pivot_parallel_2,int,MANY_DUPLICATES_90,3162,64678,5234,30204
dual_pivot_parallel_2,int,MANY_DUPLICATES_90,3981,81105,7227,36048
dual_pivot_parallel_2,int,MANY_DUPLICATES_90,5012,121581,9132,51013
dual_pivot_parallel_2,int,MANY_DUPLICATES_90,6310,129563,13038,55546
dual_pivot_parallel_2,int,MANY_DUPLICATES_90,7943,176398,18019,74035
dual_pivot_parallel_2,int,MANY_DUPLICATES_90,10000,214515,25530,92458
dual_pivot_parallel_2,int,MANY_DUPLICATES_90,12589,292946,30601,119058
dual_pivot_parallel_2,int,MANY_DUPLICATES_90,15849,385618,37719,154337
dual_pivot_parallel_2,int,MANY_DUPLICATES_90,19953,509704,53740,190074
dual_pivot_parallel_2,int,MANY_DUPLICATES_90,25119,620114,68886,241041
dual_pivot_parallel_2,int,MANY_DUPLICATES_90,31623,802214,84755,306874
dual_pivot_parallel_2,int,MANY_DUPLICATES_90,39811,993074,111748,376219
dual_pivot_parallel_2,int,MANY_DUPLICATES_90,50119,1333644,145975,490467
dual_pivot_parallel_2,int,MANY_DUPLICATES_90,63096,1786373,183516,626118
dual_pivot_parallel_2,int,MANY_DUPLICATES_90,79433,2230538,249508,802694
dual_pivot_parallel_2,int,MANY_DUPLICATES_90,100000,2831581,326341,1017943
dual_pivot_parallel_2,int,MANY_DUPLICATES_90,125893,3735098,477746,1303877
dual_pivot_parallel_2,int,MANY_DUPLICATES_90,158489,4710894,546923,1637089
dual_pivot_parallel_2,int,MANY_DUPLICATES_90,199526,6454591,660287,2116670
dual_pivot_parallel_2,int,MANY_DUPLICATES_90,251189,7651061,899779,2566582
dual_pivot_parallel_2,int,MANY_DUPLICATES_90,316228,10177241,1098036,3314827
dual_pivot_parallel_2,int,MANY_DUPLICATES_90,398107,13340249,1436292,4214104
dual_pivot_parallel_2,int,MANY_DUPLICATES_90,501187,16104852,1960919,5264005
dual_pivot_parallel_2,int,MANY_DUPLICATES_90,630957,21951946,2382600,6857931
dual_pivot_parallel_2,int,MANY_DUPLICATES_90,794328,27969630,3123736,8658231
dual_pivot_parallel_2,int,MANY_DUPLICATES_90,1000000,35470038,4022472,10942695
dual_pivot_parallel_2,int,MANY_DUPLICATES_90,1258925,44020101,5268125,13642581
dual_pivot_parallel_2,int,MANY_DUPLICATES_90,1584893,55280849,7064709,17233899
dual_pivot_parallel_2,int,MANY_DUPLICATES_90,1995262,72566833,8573167,21970392
dual_pivot_parallel_2,int,MANY_DUPLICATES_90,2511886,94399482,10714098,28040041
dual_pivot_parallel_2,int,MANY_DUPLICATES_90,3162277,116100411,14595672,35064774
dual_pivot_parallel_2,int,MANY_DUPLICATES_90,3981071,152381017,18425885,44749743
dual_pivot_parallel_2,int,MANY_DUPLICATES_90,5011872,192559576,23925059,56619688
dual_pivot_parallel_2,int,MANY_DUPLICATES_90,6309573,262624518,29554909,73430869
dual_pivot_parallel_2,int,MANY_DUPLICATES_90,7943282,331050719,36718881,92484995
dual_pivot_parallel_2,int,MANY_DUPLICATES_90,10000000,428321138,48319675,118012394
dual_pivot_parallel_2,int,ORGAN_PIPE,1000,2750,0,2248
dual_pivot_parallel_2,int,ORGAN_PIPE,1259,3463,0,2831
dual_pivot_parallel_2,int,ORGAN_PIPE,1585,4360,0,3566
dual_pivot_parallel_2,int,ORGAN_PIPE,1995,5487,0,4487
dual_pivot_parallel_2,int,ORGAN_PIPE,2512,6908,0,5650
dual_pivot_parallel_2,int,ORGAN_PIPE,3162,8696,0,7114
dual_pivot_parallel_2,int,ORGAN_PIPE,3981,10949,0,8957
dual_pivot_parallel_2,int,ORGAN_PIPE,5012,13783,0,11275
dual_pivot_parallel_2,int,ORGAN_PIPE,6310,17353,0,14197
dual_pivot_parallel_2,int,ORGAN_PIPE,7943,21844,0,17870
dual_pivot_parallel_2,int,ORGAN_PIPE,10000,27500,0,22498
dual_pivot_parallel_2,int,ORGAN_PIPE,12589,34621,0,28325
dual_pivot_parallel_2,int,ORGAN_PIPE,15849,43586,0,35660
dual_pivot_parallel_2,int,ORGAN_PIPE,19953,54872,0,44894
dual_pivot_parallel_2,int,ORGAN_PIPE,25119,69078,0,56516
dual_pivot_parallel_2,int,ORGAN_PIPE,31623,86964,0,71150
dual_pivot_parallel_2,int,ORGAN_PIPE,39811,109481,0,89573
dual_pivot_parallel_2,int,ORGAN_PIPE,50119,137828,0,112766
dual_pivot_parallel_2,int,ORGAN_PIPE,63096,173514,0,141964
dual_pivot_parallel_2,int,ORGAN_PIPE,79433,734482,246187,242391
dual_pivot_parallel_2,int,ORGAN_PIPE,100000,951111,314517,290999
dual_pivot_parallel_2,int,ORGAN_PIPE,125893,1198675,395853,379689
dual_pivot_parallel_2,int,ORGAN_PIPE,158489,1428402,490974,452488
dual_pivot_parallel_2,int,ORGAN_PIPE,199526,1745616,608725,563931
dual_pivot_parallel_2,int,ORGAN_PIPE,251189,2226885,770855,713841
dual_pivot_parallel_2,int,ORGAN_PIPE,316228,3049027,1001035,892750
dual_pivot_parallel_2,int,ORGAN_PIPE,398107,4112261,1279732,1148084
dual_pivot_parallel_2,int,ORGAN_PIPE,501187,5886067,1651397,1488641
dual_pivot_parallel_2,int,ORGAN_PIPE,630957,8417624,2137902,2001441
dual_pivot_parallel_2,int,ORGAN_PIPE,794328,11371369,2788863,2592087
dual_pivot_parallel_2,int,ORGAN_PIPE,1000000,15790227,3543750,3322593
dual_pivot_parallel_2,int,ORGAN_PIPE,1258925,20924938,4525469,4330452
dual_pivot_parallel_2,int,ORGAN_PIPE,1584893,27971155,5891384,5545227
dual_pivot_parallel_2,int,ORGAN_PIPE,1995262,37096075,7582384,6989769
dual_pivot_parallel_2,int,ORGAN_PIPE,2511886,49071068,9646451,8768643
dual_pivot_parallel_2,int,ORGAN_PIPE,3162277,63386718,12502940,10901824
dual_pivot_parallel_2,int,ORGAN_PIPE,3981071,82756195,15797314,13758120
dual_pivot_parallel_2,int,ORGAN_PIPE,5011872,107086637,20210757,17267838
dual_pivot_parallel_2,int,ORGAN_PIPE,6309573,139499814,25997118,21313189
dual_pivot_parallel_2,int,ORGAN_PIPE,7943282,181165425,33434048,27047417
dual_pivot_parallel_2,int,ORGAN_PIPE,10000000,235975908,43105061,34062783
dual_pivot_parallel_2,int,SAWTOOTH,1000,4529,0,3500
dual_pivot_parallel_2,int,SAWTOOTH,1259,5721,0,4545
dual_pivot_parallel_2,int,SAWTOOTH,1585,7178,0,5713
dual_pivot_parallel_2,int,SAWTOOTH,1995,9023,0,7189
dual_pivot_parallel_2,int,SAWTOOTH,2512,11342,0,9046
dual_pivot_parallel_2,int,SAWTOOTH,3162,14267,0,11386
dual_pivot_parallel_2,int,SAWTOOTH,3981,17948,0,14333
dual_pivot_parallel_2,int,SAWTOOTH,5012,22592,0,18046
dual_pivot_parallel_2,int,SAWTOOTH,6310,28424,0,22085
dual_pivot_parallel_2,int,SAWTOOTH,7943,35784,0,28599
dual_pivot_parallel_2,int,SAWTOOTH,10000,45029,0,35000
dual_pivot_parallel_2,int,SAWTOOTH,12589,56706,0,45333
dual_pivot_parallel_2,int,SAWTOOTH,15849,71376,0,57069
dual_pivot_parallel_2,int,SAWTOOTH,19953,89829,0,71835
dual_pivot_parallel_2,int,SAWTOOTH,25119,113091,0,90441
dual_pivot_parallel_2,int,SAWTOOTH,31623,142344,0,113847
dual_pivot_parallel_2,int,SAWTOOTH,39811,179183,0,143321
dual_pivot_parallel_2,int,SAWTOOTH,50119,225591,0,180441
dual_pivot_parallel_2,int,SAWTOOTH,63096,283980,0,227154
dual_pivot_parallel_2,int,SAWTOOTH,79433,571243,13889,373367
dual_pivot_parallel_2,int,SAWTOOTH,100000,970666,51804,485757
dual_pivot_parallel_2,int,SAWTOOTH,125893,1258990,76645,623157
dual_pivot_parallel_2,int,SAWTOOTH,158489,1583461,95772,789129
dual_pivot_parallel_2,int,SAWTOOTH,199526,2146737,144085,1010960
dual_pivot_parallel_2,int,SAWTOOTH,251189,2720460,175874,1278590
dual_pivot_parallel_2,int,SAWTOOTH,316228,3760550,262560,1636846
dual_pivot_parallel_2,int,SAWTOOTH,398107,5326166,419850,2080116
dual_pivot_parallel_2,int,SAWTOOTH,501187,6906984,578431,2627318
dual_pivot_parallel_2,int,SAWTOOTH,630957,8826330,704923,3293594
dual_pivot_parallel_2,int,SAWTOOTH,794328,11567599,1027316,4188558
dual_pivot_parallel_2,int,SAWTOOTH,1000000,15620089,1398807,5218641
dual_pivot_parallel_2,int,SAWTOOTH,1258925,20444533,1967131,6698596
dual_pivot_parallel_2,int,SAWTOOTH,1584893,26691160,2548153,8454008
dual_pivot_parallel_2,int,SAWTOOTH,1995262,37082900,3362868,10773244
dual_pivot_parallel_2,int,SAWTOOTH,2511886,44949968,4607822,13260621
dual_pivot_parallel_2,int,SAWTOOTH,3162277,57083703,6032969,16729731
dual_pivot_parallel_2,int,SAWTOOTH,3981071,80370377,7764947,21006878
dual_pivot_parallel_2,int,SAWTOOTH,5011872,105901769,9945299,26948502
dual_pivot_parallel_2,int,SAWTOOTH,6309573,134958828,12759120,33762365
dual_pivot_parallel_2,int,SAWTOOTH,7943282,174958609,16923690,42507436
dual_pivot_parallel_2,int,SAWTOOTH,10000000,229162768,22918984,53769209
dual_pivot_parallel_2,double,RANDOM,1000,15784,1489,8667
dual_pivot_parallel_2,double,RANDOM,1259,22331,1811,10865
dual_pivot_parallel_2,double,RANDOM,1585,30730,2543,15370
dual_pivot_parallel_2,double,RANDOM,1995,40715,3084,18610
dual_pivot_parallel_2,double,RANDOM,2512,47280,4288,22077
dual_pivot_parallel_2,double,RANDOM,3162,60462,6003,27682
dual_pivot_parallel_2,double,RANDOM,3981,90848,6959,38409
dual_pivot_parallel_2,double,RANDOM,5012,110875,9893,45874
dual_pivot_parallel_2,double,RANDOM,6310,136865,12501,60950
dual_pivot_parallel_2,double,RANDOM,7943,187972,16383,77635
dual_pivot_parallel_2,double,RANDOM,10000,231447,21711,98899
dual_pivot_parallel_2,double,RANDOM,12589,284277,30983,116779
dual_pivot_parallel_2,double,RANDOM,15849,386219,37366,155995
dual_pivot_parallel_2,double,RANDOM,19953,480341,50375,197657
dual_pivot_parallel_2,double,RANDOM,25119,641118,68266,240987
dual_pivot_parallel_2,double,RANDOM,31623,778706,86019,308927
dual_pivot_parallel_2,double,RANDOM,39811,1066640,104788,395824
dual_pivot_parallel_2,double,RANDOM,50119,1407512,140619,497013
dual_pivot_parallel_2,double,RANDOM,63096,1749905,181847,639629
dual_pivot_parallel_2,double,RANDOM,79433,2207523,243559,816340
dual_pivot_parallel_2,double,RANDOM,100000,2902587,296122,1033034
dual_pivot_parallel_2,double,RANDOM,125893,3893803,388203,1326689
dual_pivot_parallel_2,double,RANDOM,158489,4567837,539423,1610851
dual_pivot_parallel_2,double,RANDOM,199526,6234868,663396,2105873
dual_pivot_parallel_2,double,RANDOM,251189,8117954,901482,2656357
dual_pivot_parallel_2,double,RANDOM,316228,10170407,1080105,3377478
dual_pivot_parallel_2,double,RANDOM,398107,13658873,1474178,4342788
dual_pivot_parallel_2,double,RANDOM,501187,18238431,1781098,5600503
dual_pivot_parallel_2,double,RANDOM,630957,21762815,2404767,6891306
dual_pivot_parallel_2,double,RANDOM,794328,28219440,3075510,8801726
dual_pivot_parallel_2,double,RANDOM,1000000,37842379,3779612,11277772
dual_pivot_parallel_2,double,RANDOM,1258925,48100118,4906818,14273441
dual_pivot_parallel_2,double,RANDOM,1584893,59553120,6217582,17901379
dual_pivot_parallel_2,double,RANDOM,1995262,75800722,8342383,22626901
dual_pivot_parallel_2,double,RANDOM,2511886,92672388,10945410,28261013
dual_pivot_parallel_2,double,RANDOM,3162277,126875140,13573999,36620069
dual_pivot_parallel_2,double,RANDOM,3981071,151258083,17822884,45433321
dual_pivot_parallel_2,double,RANDOM,5011872,218190500,22100740,60074440
dual_pivot_parallel_2,double,RANDOM,6309573,254728749,29132449,73685745
dual_pivot_parallel_2,double,RANDOM,7943282,334642975,36836790,93993435
dual_pivot_parallel_2,double,RANDOM,10000000,430773487,47734666,119414685
dual_pivot_parallel_2,double,NEARLY_SORTED,1000,10696,1475,6515
dual_pivot_parallel_2,double,NEARLY_SORTED,1259,12338,1778,6472
dual_pivot_parallel_2,double,NEARLY_SORTED,1585,17690,2092,8533
dual_pivot_parallel_2,double,NEARLY_SORTED,1995,22572,3206,11541
dual_pivot_parallel_2,double,NEARLY_SORTED,2512,30965,4518,16231
dual_pivot_parallel_2,double,NEARLY_SORTED,3162,41985,6230,22029
dual_pivot_parallel_2,double,NEARLY_SORTED,3981,56082,8635,29047
dual_pivot_parallel_2,double,NEARLY_SORTED,5012,71492,10663,35440
dual_pivot_parallel_2,double,NEARLY_SORTED,6310,91147,12830,43351
dual_pivot_parallel_2,double,NEARLY_SORTED,7943,121512,18498,57370
dual_pivot_parallel_2,double,NEARLY_SORTED,10000,154279,24474,69858
dual_pivot_parallel_2,double,NEARLY_SORTED,12589,206729,33453,91358
dual_pivot_parallel_2,double,NEARLY_SORTED,15849,265153,41986,114811
dual_pivot_parallel_2,double,NEARLY_SORTED,19953,341414,54264,145300
dual_pivot_parallel_2,double,NEARLY_SORTED,25119,454547,67791,191983
dual_pivot_parallel_2,double,NEARLY_SORTED,31623,567416,87632,233395
dual_pivot_parallel_2,double,NEARLY_SORTED,39811,757746,123328,307823
dual_pivot_parallel_2,double,NEARLY_SORTED,50119,971055,158654,386652
dual_pivot_parallel_2,double,NEARLY_SORTED,63096,1289030,211862,495866
dual_pivot_parallel_2,double,NEARLY_SORTED,79433,1656240,275463,638717
dual_pivot_parallel_2,double,NEARLY_SORTED,100000,2089519,349855,786042
dual_pivot_parallel_2,double,NEARLY_SORTED,125893,2774433,448235,1008097
dual_pivot_parallel_2,double,NEARLY_SORTED,158489,3437300,578270,1277964
dual_pivot_parallel_2,double,NEARLY_SORTED,199526,4574202,778905,1630109
dual_pivot_parallel_2,double,NEARLY_SORTED,251189,5847745,966898,2061279
dual_pivot_parallel_2,double,NEARLY_SORTED,316228,7480974,1292242,2633870
dual_pivot_parallel_2,double,NEARLY_SORTED,398107,9672785,1671414,3333089
dual_pivot_parallel_2,double,NEARLY_SORTED,501187,12510182,2176437,4213795
dual_pivot_parallel_2,double,NEARLY_SORTED,630957,15875180,2695646,5303183
dual_pivot_parallel_2,double,NEARLY_SORTED,794328,20638683,3635175,6754314
dual_pivot_parallel_2,double,NEARLY_SORTED,1000000,26560316,4605114,8605863
dual_pivot_parallel_2,double,NEARLY_SORTED,1258925,34033212,5851649,10925308
dual_pivot_parallel_2,double,NEARLY_SORTED,1584893,45671516,7231123,13932201
dual_pivot_parallel_2,double,NEARLY_SORTED,1995262,55839927,9763222,17432392
dual_pivot_parallel_2,double,NEARLY_SORTED,2511886,72156196,12108876,22263131
dual_pivot_parallel_2,double,NEARLY_SORTED,3162277,91362564,15825585,28159335
dual_pivot_parallel_2,double,NEARLY_SORTED,3981071,118680777,19196013,35722533
dual_pivot_parallel_2,double,NEARLY_SORTED,5011872,151278754,26359946,45434129
dual_pivot_parallel_2,double,NEARLY_SORTED,6309573,192374732,33566758,57565230
dual_pivot_parallel_2,double,NEARLY_SORTED,7943282,245761249,43019743,72900659
dual_pivot_parallel_2,double,NEARLY_SORTED,10000000,319428403,55533304,92939974
dual_pivot_parallel_2,double,REVERSE_SORTED,1000,1501,0,1500
dual_pivot_parallel_2,double,REVERSE_SORTED,1259,1889,0,1887
dual_pivot_parallel_2,double,REVERSE_SORTED,1585,2378,0,2376
dual_pivot_parallel_2,double,REVERSE_SORTED,1995,2993,0,2991
dual_pivot_parallel_2,double,REVERSE_SORTED,2512,3769,0,3768
dual_pivot_parallel_2,double,REVERSE_SORTED,3162,4744,0,4743
dual_pivot_parallel_2,double,REVERSE_SORTED,3981,5972,0,5970
dual_pivot_parallel_2,double,REVERSE_SORTED,5012,7519,0,7518
dual_pivot_parallel_2,double,REVERSE_SORTED,6310,9466,0,9465
dual_pivot_parallel_2,double,REVERSE_SORTED,7943,11915,0,11913
dual_pivot_parallel_2,double,REVERSE_SORTED,10000,15001,0,15000
dual_pivot_parallel_2,double,REVERSE_SORTED,12589,18884,0,18882
dual_pivot_parallel_2,double,REVERSE_SORTED,15849,23774,0,23772
dual_pivot_parallel_2,double,REVERSE_SORTED,19953,29930,0,29928
dual_pivot_parallel_2,double,REVERSE_SORTED,25119,37679,0,37677
dual_pivot_parallel_2,double,REVERSE_SORTED,31623,47435,0,47433
dual_pivot_parallel_2,double,REVERSE_SORTED,39811,59717,0,59715
dual_pivot_parallel_2,double,REVERSE_SORTED,50119,75179,0,75177
dual_pivot_parallel_2,double,REVERSE_SORTED,63096,94645,0,94644
dual_pivot_parallel_2,double,REVERSE_SORTED,79433,268088,59592,69476
dual_pivot_parallel_2,double,REVERSE_SORTED,100000,337502,75018,87471
dual_pivot_parallel_2,double,REVERSE_SORTED,125893,424896,94434,110139
dual_pivot_parallel_2,double,REVERSE_SORTED,158489,534902,118884,138650
dual_pivot_parallel_2,double,REVERSE_SORTED,199526,860478,205786,174573
dual_pivot_parallel_2,double,REVERSE_SORTED,251189,1083273,259066,219780
dual_pivot_parallel_2,double,REVERSE_SORTED,316228,1462573,385443,128449
dual_pivot_parallel_2,double,REVERSE_SORTED,398107,1841263,485235,161710
dual_pivot_parallel_2,double,REVERSE_SORTED,501187,2623429,716615,109621
dual_pivot_parallel_2,double,REVERSE_SORTED,630957,3302701,902141,138020
dual_pivot_parallel_2,double,REVERSE_SORTED,794328,4558110,1247443,229617
dual_pivot_parallel_2,double,REVERSE_SORTED,1000000,5738327,1570411,289052
dual_pivot_parallel_2,double,REVERSE_SORTED,1258925,7912640,2235226,68872
dual_pivot_parallel_2,double,REVERSE_SORTED,1584893,9998522,2813968,160974
dual_pivot_parallel_2,double,REVERSE_SORTED,1995262,13665939,3858268,255297
dual_pivot_parallel_2,double,REVERSE_SORTED,2511886,17204345,4857202,321375
dual_pivot_parallel_2,double,REVERSE_SORTED,3162277,22168516,6281572,311967
dual_pivot_parallel_2,double,REVERSE_SORTED,3981071,29483084,8380464,392752
dual_pivot_parallel_2,double,REVERSE_SORTED,5011872,39816630,11402115,265066
dual_pivot_parallel_2,double,REVERSE_SORTED,6309573,50033556,14354307,148818
dual_pivot_parallel_2,double,REVERSE_SORTED,7943282,65155717,18699261,332792
dual_pivot_parallel_2,double,REVERSE_SORTED,10000000,84992605,24430927,418975
dual_pivot_parallel_2,double,MANY_DUPLICATES_10,1000,15784,1489,8667
dual_pivot_parallel_2,double,MANY_DUPLICATES_10,1259,22331,1811,10865
dual_pivot_parallel_2,double,MANY_DUPLICATES_10,1585,30730,2543,15370
dual_pivot_parallel_2,double,MANY_DUPLICATES_10,1995,40715,3084,18610
dual_pivot_parallel_2,double,MANY_DUPLICATES_10,2512,47280,4288,22077
dual_pivot_parallel_2,double,MANY_DUPLICATES_10,3162,60462,6003,27682
dual_pivot_parallel_2,double,MANY_DUPLICATES_10,3981,90848,6959,38409
dual_pivot_parallel_2,double,MANY_DUPLICATES_10,5012,110875,9893,45874
dual_pivot_parallel_2,double,MANY_DUPLICATES_10,6310,136865,12501,60950
dual_pivot_parallel_2,double,MANY_DUPLICATES_10,7943,187972,16383,77635
dual_pivot_parallel_2,double,MANY_DUPLICATES_10,10000,231447,21711,98899
dual_pivot_parallel_2,double,MANY_DUPLICATES_10,12589,284277,30983,116779
dual_pivot_parallel_2,double,MANY_DUPLICATES_10,15849,386219,37366,155995
dual_pivot_parallel_2,double,MANY_DUPLICATES_10,19953,480341,50375,197657
dual_pivot_parallel_2,double,MANY_DUPLICATES_10,25119,641118,68266,240987
dual_pivot_parallel_2,double,MANY_DUPLICATES_10,31623,778706,86019,308927
dual_pivot_parallel_2,double,MANY_DUPLICATES_10,39811,1066640,104788,395824
dual_pivot_parallel_2,double,MANY_DUPLICATES_10,50119,1407512,140619,497013
dual_pivot_parallel_2,double,MANY_DUPLICATES_10,63096,1749905,181847,639629
dual_pivot_parallel_2,double,MANY_DUPLICATES_10,79433,2207523,243559,816340
dual_pivot_parallel_2,double,MANY_DUPLICATES_10,100000,2902587,296122,1033034
dual_pivot_parallel_2,double,MANY_DUPLICATES_10,125893,3893803,388203,1326689
dual_pivot_parallel_2,double,MANY_DUPLICATES_10,158489,4567837,539423,1610851
dual_pivot_parallel_2,double,MANY_DUPLICATES_10,199526,6234868,663396,2105873
dual_pivot_parallel_2,double,MANY_DUPLICATES_10,251189,8117954,901482,2656357
dual_pivot_parallel_2,double,MANY_DUPLICATES_10,316228,10170407,1080105,3377478
dual_pivot_parallel_2,double,MANY_DUPLICATES_10,398107,13658873,1474178,4342788
dual_pivot_parallel_2,double,MANY_DUPLICATES_10,501187,18238431,1781098,5600503
dual_pivot_parallel_2,double,MANY_DUPLICATES_10,630957,21762815,2404767,6891306
dual_pivot_parallel_2,double,MANY_DUPLICATES_10,794328,28219440,3075510,8801726
dual_pivot_parallel_2,double,MANY_DUPLICATES_10,1000000,37842379,3779612,11277772
dual_pivot_parallel_2,double,MANY_DUPLICATES_10,1258925,48100118,4906818,14273441
dual_pivot_parallel_2,double,MANY_DUPLICATES_10,1584893,59553120,6217582,17901379
dual_pivot_parallel_2,double,MANY_DUPLICATES_10,1995262,75800722,8342383,22626901
dual_pivot_parallel_2,double,MANY_DUPLICATES_10,2511886,92672388,10945410,28261013
dual_pivot_parallel_2,double,MANY_DUPLICATES_10,3162277,126875140,13573999,36620069
dual_pivot_parallel_2,double,MANY_DUPLICATES_10,3981071,151258083,17822884,45433321
dual_pivot_parallel_2,double,MANY_DUPLICATES_10,5011872,218190500,22100740,60074440
dual_pivot_parallel_2,double,MANY_DUPLICATES_10,6309573,254728749,29132449,73685745
dual_pivot_parallel_2,double,MANY_DUPLICATES_10,7943282,334642975,36836790,93993435
dual_pivot_parallel_2,double,MANY_DUPLICATES_10,10000000,430773487,47734666,119414685
dual_pivot_parallel_2,double,MANY_DUPLICATES_50,1000,15784,1489,8667
dual_pivot_parallel_2,double,MANY_DUPLICATES_50,1259,22331,1811,10865
dual_pivot_parallel_2,double,MANY_DUPLICATES_50,1585,30730,2543,15370
dual_pivot_parallel_2,double,MANY_DUPLICATES_50,1995,40715,3084,18610
dual_pivot_parallel_2,double,MANY_DUPLICATES_50,2512,47280,4288,22077
dual_pivot_parallel_2,double,MANY_DUPLICATES_50,3162,60462,6003,27682
dual_pivot_parallel_2,double,MANY_DUPLICATES_50,3981,90848,6959,38409
dual_pivot_parallel_2,double,MANY_DUPLICATES_50,5012,110875,9893,45874
dual_pivot_parallel_2,double,MANY_DUPLICATES_50,6310,136865,12501,60950
dual_pivot_parallel_2,double,MANY_DUPLICATES_50,7943,187972,16383,77635
dual_pivot_parallel_2,double,MANY_DUPLICATES_50,10000,231447,21711,98899
dual_pivot_parallel_2,double,MANY_DUPLICATES_50,12589,284277,30983,116779
dual_pivot_parallel_2,double,MANY_DUPLICATES_50,15849,386219,37366,155995
dual_pivot_parallel_2,double,MANY_DUPLICATES_50,19953,480341,50375,197657
dual_pivot_parallel_2,double,MANY_DUPLICATES_50,25119,641118,68266,240987
dual_pivot_parallel_2,double,MANY_DUPLICATES_50,31623,778706,86019,308927
dual_pivot_parallel_2,double,MANY_DUPLICATES_50,39811,1066640,104788,395824
dual_pivot_parallel_2,double,MANY_DUPLICATES_50,50119,1407512,140619,497013
dual_pivot_parallel_2,double,MANY_DUPLICATES_50,63096,1749905,181847,639629
dual_pivot_parallel_2,double,MANY_DUPLICATES_50,79433,2207523,243559,816340
dual_pivot_parallel_2,double,MANY_DUPLICATES_50,100000,2902587,296122,1033034
dual_pivot_parallel_2,double,MANY_DUPLICATES_50,125893,3893803,388203,1326689
dual_pivot_parallel_2,double,MANY_DUPLICATES_50,158489,4567837,539423,1610851
dual_pivot_parallel_2,double,MANY_DUPLICATES_50,199526,6234868,663396,2105873
dual_pivot_parallel_2,double,MANY_DUPLICATES_50,251189,8117954,901482,2656357
dual_pivot_parallel_2,double,MANY_DUPLICATES_50,316228,10170407,1080105,3377478
dual_pivot_parallel_2,double,MANY_DUPLICATES_50,398107,13658873,1474178,4342788
dual_pivot_parallel_2,double,MANY_DUPLICATES_50,501187,18238431,1781098,5600503
dual_pivot_parallel_2,double,MANY_DUPLICATES_50,630957,21762815,2404767,6891306
dual_pivot_parallel_2,double,MANY_DUPLICATES_50,794328,28219440,3075510,8801726
dual_pivot_parallel_2,double,MANY_DUPLICATES_50,1000000,37842379,3779612,11277772
dual_pivot_parallel_2,double,MANY_DUPLICATES_50,1258925,48100118,4906818,14273441
dual_pivot_parallel_2,double,MANY_DUPLICATES_50,1584893,59553120,6217582,17901379
dual_pivot_parallel_2,double,MANY_DUPLICATES_50,1995262,75800722,8342383,22626901
dual_pivot_parallel_2,double,MANY_DUPLICATES_50,2511886,92672388,10945410,28261013
dual_pivot_parallel_2,double,MANY_DUPLICATES_50,3162277,126875140,13573999,36620069
dual_pivot_parallel_2,double,MANY_DUPLICATES_50,3981071,151258083,17822884,45433321
dual_pivot_parallel_2,double,MANY_DUPLICATES_50,5011872,218190500,22100740,60074440
dual_pivot_parallel_2,double,MANY_DUPLICATES_50,6309573,254728749,29132449,73685745
dual_pivot_parallel_2,double,MANY_DUPLICATES_50,7943282,334642975,36836790,93993435
dual_pivot_parallel_2,double,MANY_DUPLICATES_50,10000000,430773487,47734666,119414685
dual_pivot_parallel_2,double,MANY_DUPLICATES_90,1000,15784,1489,8667
dual_pivot_parallel_2,double,MANY_DUPLICATES_90,1259,22331,1811,10865
dual_pivot_parallel_2,double,MANY_DUPLICATES_90,1585,30730,2543,15370
dual_pivot_parallel_2,double,MANY_DUPLICATES_90,1995,40715,3084,18610
dual_pivot_parallel_2,double,MANY_DUPLICATES_90,2512,47280,4288,22077
dual_pivot_parallel_2,double,MANY_DUPLICATES_90,3162,60462,6003,27682
dual_pivot_parallel_2,double,MANY_DUPLICATES_90,3981,90848,6959,38409
dual_pivot_parallel_2,double,MANY_DUPLICATES_90,5012,110875,9893,45874
dual_pivot_parallel_2,double,MANY_DUPLICATES_90,6310,136865,12501,60950
dual_pivot_parallel_2,double,MANY_DUPLICATES_90,7943,187972,16383,77635
dual_pivot_parallel_2,double,MANY_DUPLICATES_90,10000,231447,21711,98899
dual_pivot_parallel_2,double,MANY_DUPLICATES_90,12589,284277,30983,116779
dual_pivot_parallel_2,double,MANY_DUPLICATES_90,15849,386219,37366,155995
dual_pivot_parallel_2,double,MANY_DUPLICATES_90,19953,480341,50375,197657
dual_pivot_parallel_2,double,MANY_DUPLICATES_90,25119,641118,68266,240987
dual_pivot_parallel_2,double,MANY_DUPLICATES_90,31623,778706,86019,308927
dual_pivot_parallel_2,double,MANY_DUPLICATES_90,39811,1066640,104788,395824
dual_pivot_parallel_2,double,MANY_DUPLICATES_90,50119,1407512,140619,497013
dual_pivot_parallel_2,double,MANY_DUPLICATES_90,63096,1749905,181847,639629
dual_pivot_parallel_2,double,MANY_DUPLICATES_90,79433,2207523,243559,816340
dual_pivot_parallel_2,double,MANY_DUPLICATES_90,100000,2902587,296122,1033034
dual_pivot_parallel_2,double,MANY_DUPLICATES_90,125893,3893803,388203,1326689
dual_pivot_parallel_2,double,MANY_DUPLICATES_90,158489,4567837,539423,1610851
dual_pivot_parallel_2,double,MANY_DUPLICATES_90,199526,6234868,663396,2105873
dual_pivot_parallel_2,double,MANY_DUPLICATES_90,251189,8117954,901482,2656357
dual_pivot_parallel_2,double,MANY_DUPLICATES_90,316228,10170407,1080105,3377478
dual_pivot_parallel_2,double,MANY_DUPLICATES_90,398107,13658873,1474178,4342788
dual_pivot_parallel_2,double,MANY_DUPLICATES_90,501187,18238431,1781098,5600503
dual_pivot_parallel_2,double,MANY_DUPLICATES_90,630957,21762815,2404767,6891306
dual_pivot_parallel_2,double,MANY_DUPLICATES_90,794328,28219440,3075510,8801726
dual_pivot_parallel_2,double,MANY_DUPLICATES_90,1000000,37842379,3779612,11277772
dual_pivot_parallel_2,double,MANY_DUPLICATES_90,1258925,48100118,4906818,14273441
dual_pivot_parallel_2,double,MANY_DUPLICATES_90,1584893,59553120,6217582,17901379
dual_pivot_parallel_2,double,MANY_DUPLICATES_90,1995262,75800722,8342383,22626901
dual_pivot_parallel_2,double,MANY_DUPLICATES_90,2511886,92672388,10945410,28261013
dual_pivot_parallel_2,double,MANY_DUPLICATES_90,3162277,126875140,13573999,36620069
dual_pivot_parallel_2,double,MANY_DUPLICATES_90,3981071,151258083,17822884,45433321
dual_pivot_parallel_2,double,MANY_DUPLICATES_90,5011872,218190500,22100740,60074440
dual_pivot_parallel_2,double,MANY_DUPLICATES_90,6309573,254728749,29132449,73685745
dual_pivot_parallel_2,double,MANY_DUPLICATES_90,7943282,334642975,36836790,93993435
dual_pivot_parallel_2,double,MANY_DUPLICATES_90,10000000,430773487,47734666,119414685
dual_pivot_parallel_2,double,ORGAN_PIPE,1000,2750,0,2248
dual_pivot_parallel_2,double,ORGAN_PIPE,1259,3463,0,2831
dual_pivot_parallel_2,double,ORGAN_PIPE,1585,4360,0,3566
dual_pivot_parallel_2,double,ORGAN_PIPE,1995,5487,0,4487
dual_pivot_parallel_2,double,ORGAN_PIPE,2512,6908,0,5650
dual_pivot_parallel_2,double,ORGAN_PIPE,3162,8696,0,7114
dual_pivot_parallel_2,double,ORGAN_PIPE,3981,10949,0,8957
dual_pivot_parallel_2,double,ORGAN_PIPE,5012,13783,0,11275
dual_pivot_parallel_2,double,ORGAN_PIPE,6310,17353,0,14197
dual_pivot_parallel_2,double,ORGAN_PIPE,7943,21844,0,17870
dual_pivot_parallel_2,double,ORGAN_PIPE,10000,27500,0,22498
dual_pivot_parallel_2,double,ORGAN_PIPE,12589,34621,0,28325
dual_pivot_parallel_2,double,ORGAN_PIPE,15849,43586,0,35660
dual_pivot_parallel_2,double,ORGAN_PIPE,19953,54872,0,44894
dual_pivot_parallel_2,double,ORGAN_PIPE,25119,69078,0,56516
dual_pivot_parallel_2,double,ORGAN_PIPE,31623,86964,0,71150
dual_pivot_parallel_2,double,ORGAN_PIPE,39811,109481,0,89573
dual_pivot_parallel_2,double,ORGAN_PIPE,50119,137828,0,112766
dual_pivot_parallel_2,double,ORGAN_PIPE,63096,173514,0,141964
dual_pivot_parallel_2,double,ORGAN_PIPE,79433,734482,246187,242391
dual_pivot_parallel_2,double,ORGAN_PIPE,100000,951111,314517,290999
dual_pivot_parallel_2,double,ORGAN_PIPE,125893,1198675,395853,379689
dual_pivot_parallel_2,double,ORGAN_PIPE,158489,1428402,490974,452488
dual_pivot_parallel_2,double,ORGAN_PIPE,199526,1745616,608725,563931
dual_pivot_parallel_2,double,ORGAN_PIPE,251189,2226885,770855,713841
dual_pivot_parallel_2,double,ORGAN_PIPE,316228,3049027,1001035,892750
dual_pivot_parallel_2,double,ORGAN_PIPE,398107,4112261,1279732,1148084
dual_pivot_parallel_2,double,ORGAN_PIPE,501187,5886067,1651397,1488641
dual_pivot_parallel_2,double,ORGAN_PIPE,630957,8417624,2137902,2001441
dual_pivot_parallel_2,double,ORGAN_PIPE,794328,11371369,2788863,2592087
dual_pivot_parallel_2,double,ORGAN_PIPE,1000000,15790227,3543750,3322593
dual_pivot_parallel_2,double,ORGAN_PIPE,1258925,20924938,4525469,4330452
dual_pivot_parallel_2,double,ORGAN_PIPE,1584893,27971155,5891384,5545227
dual_pivot_parallel_2,double,ORGAN_PIPE,1995262,37096075,7582384,6989769
dual_pivot_parallel_2,double,ORGAN_PIPE,2511886,49071068,9646451,8768643
dual_pivot_parallel_2,double,ORGAN_PIPE,3162277,63386718,12502940,10901824
dual_pivot_parallel_2,double,ORGAN_PIPE,3981071,82756195,15797314,13758120
dual_pivot_parallel_2,double,ORGAN_PIPE,5011872,107086637,20210757,17267838
dual_pivot_parallel_2,double,ORGAN_PIPE,6309573,139499814,25997118,21313189
dual_pivot_parallel_2,double,ORGAN_PIPE,7943282,181165425,33434048,27047417
dual_pivot_parallel_2,double,ORGAN_PIPE,10000000,235975908,43105061,34062783
dual_pivot_parallel_2,double,SAWTOOTH,1000,4529,0,3500
dual_pivot_parallel_2,double,SAWTOOTH,1259,5721,0,4545
dual_pivot_parallel_2,double,SAWTOOTH,1585,7178,0,5713
dual_pivot_parallel_2,double,SAWTOOTH,1995,9023,0,7189
dual_pivot_parallel_2,double,SAWTOOTH,2512,11342,0,9046
dual_pivot_parallel_2,double,SAWTOOTH,3162,14267,0,11386
dual_pivot_parallel_2,double,SAWTOOTH,3981,17948,0,14333
dual_pivot_parallel_2,double,SAWTOOTH,5012,22592,0,18046
dual_pivot_parallel_2,double,SAWTOOTH,6310,28424,0,22085
dual_pivot_parallel_2,double,SAWTOOTH,7943,35784,0,28599
dual_pivot_parallel_2,double,SAWTOOTH,10000,45029,0,35000
dual_pivot_parallel_2,double,SAWTOOTH,12589,56706,0,45333
dual_pivot_parallel_2,double,SAWTOOTH,15849,71376,0,57069
dual_pivot_parallel_2,double,SAWTOOTH,19953,89829,0,71835
dual_pivot_parallel_2,double,SAWTOOTH,25119,113091,0,90441
dual_pivot_parallel_2,double,SAWTOOTH,31623,142344,0,113847
dual_pivot_parallel_2,double,SAWTOOTH,39811,179183,0,143321
dual_pivot_parallel_2,double,SAWTOOTH,50119,225591,0,180441
dual_pivot_parallel_2,double,SAWTOOTH,63096,283980,0,227154
dual_pivot_parallel_2,double,SAWTOOTH,79433,571243,13889,373367
dual_pivot_parallel_2,double,SAWTOOTH,100000,970666,51804,485757
dual_pivot_parallel_2,double,SAWTOOTH,125893,1258990,76645,623157
dual_pivot_parallel_2,double,SAWTOOTH,158489,1583461,95772,789129
dual_pivot_parallel_2,double,SAWTOOTH,199526,2146737,144085,1010960
dual_pivot_parallel_2,double,SAWTOOTH,251189,2720460,175874,1278590
dual_pivot_parallel_2,double,SAWTOOTH,316228,3760550,262560,1636846
dual_pivot_parallel_2,double,SAWTOOTH,398107,5326166,419850,2080116
dual_pivot_parallel_2,double,SAWTOOTH,501187,6906984,578431,2627318
dual_pivot_parallel_2,double,SAWTOOTH,630957,8826330,704923,3293594
dual_pivot_parallel_2,double,SAWTOOTH,794328,11567599,1027316,4188558
dual_pivot_parallel_2,double,SAWTOOTH,1000000,15620089,1398807,5218641
dual_pivot_parallel_2,double,SAWTOOTH,1258925,20444533,1967131,6698596
dual_pivot_parallel_2,double,SAWTOOTH,1584893,26691160,2548153,8454008
dual_pivot_parallel_2,double,SAWTOOTH,1995262,37082900,3362868,10773244
dual_pivot_parallel_2,double,SAWTOOTH,2511886,44949968,4607822,13260621
dual_pivot_parallel_2,double,SAWTOOTH,3162277,57083703,6032969,16729731
dual_pivot_parallel_2,double,SAWTOOTH,3981071,80370377,7764947,21006878
dual_pivot_parallel_2,double,SAWTOOTH,5011872,105901769,9945299,26948502
dual_pivot_parallel_2,double,SAWTOOTH,6309573,134958828,12759120,33762365
dual_pivot_parallel_2,double,SAWTOOTH,7943282,174958609,16923690,42507436
dual_pivot_parallel_2,double,SAWTOOTH,10000000,229162768,22918984,53769209
dual_pivot_parallel_4,int,RANDOM,1000,18081,1331,9669
dual_pivot_parallel_4,int,RANDOM,1259,20555,1749,11574
dual_pivot_parallel_4,int,RANDOM,1585,28593,2348,14530
dual_pivot_parallel_4,int,RANDOM,1995,33942,3390,16439
dual_pivot_parallel_4,int,RANDOM,2512,52774,5067,23162
dual_pivot_parallel_4,int,RANDOM,3162,62575,5557,27332
dual_pivot_parallel_4,int,RANDOM,3981,81288,7461,37048
dual_pivot_parallel_4,int,RANDOM,5012,116934,8613,50330
dual_pivot_parallel_4,int,RANDOM,6310,137249,11734,58760
dual_pivot_parallel_4,int,RANDOM,7943,185684,17592,73448
dual_pivot_parallel_4,int,RANDOM,10000,213653,24654,90232
dual_pivot_parallel_4,int,RANDOM,12589,298021,28654,119963
dual_pivot_parallel_4,int,RANDOM,15849,379310,39078,149919
dual_pivot_parallel_4,int,RANDOM,19953,501658,51755,190814
dual_pivot_parallel_4,int,RANDOM,25119,632679,65545,237154
dual_pivot_parallel_4,int,RANDOM,31623,769496,90792,307437
dual_pivot_parallel_4,int,RANDOM,39811,1069758,110801,383640
dual_pivot_parallel_4,int,RANDOM,50119,1294332,142611,480338
dual_pivot_parallel_4,int,RANDOM,63096,1977862,170081,649787
dual_pivot_parallel_4,int,RANDOM,79433,2265517,244220,826166
dual_pivot_parallel_4,int,RANDOM,100000,2909551,324757,1027370
dual_pivot_parallel_4,int,RANDOM,125893,3621234,409991,1286978
dual_pivot_parallel_4,int,RANDOM,158489,4667527,525020,1635299
dual_pivot_parallel_4,int,RANDOM,199526,6087549,696550,2096836
dual_pivot_parallel_4,int,RANDOM,251189,7709223,915509,2640385
dual_pivot_parallel_4,int,RANDOM,316228,9471408,1241356,3254155
dual_pivot_parallel_4,int,RANDOM,398107,13162754,1455781,4282357
dual_pivot_parallel_4,int,RANDOM,501187,16149158,1884039,5322085
dual_pivot_parallel_4,int,RANDOM,630957,22455299,2435242,6985733
dual_pivot_parallel_4,int,RANDOM,794328,26640462,3216064,8598761
dual_pivot_parallel_4,int,RANDOM,1000000,38553176,3773175,11320713
dual_pivot_parallel_4,int,RANDOM,1258925,44713507,5042185,13838644
dual_pivot_parallel_4,int,RANDOM,1584893,56812487,6617502,17523280
dual_pivot_parallel_4,int,RANDOM,1995262,72133930,8810215,22240923
dual_pivot_parallel_4,int,RANDOM,2511886,95272879,11157788,28572460
dual_pivot_parallel_4,int,RANDOM,3162277,127869358,13859555,36697525
dual_pivot_parallel_4,int,RANDOM,3981071,152125332,17788750,45211890
dual_pivot_parallel_4,int,RANDOM,5011872,205550429,22455418,58504479
dual_pivot_parallel_4,int,RANDOM,6309573,259703783,29119481,73877480
dual_pivot_parallel_4,int,RANDOM,7943282,320500081,38436425,92407921
dual_pivot_parallel_4,int,RANDOM,10000000,410616471,48759215,117092307
dual_pivot_parallel_4,int,NEARLY_SORTED,1000,10696,1475,6515
dual_pivot_parallel_4,int,NEARLY_SORTED,1259,12338,1778,6472
dual_pivot_parallel_4,int,NEARLY_SORTED,1585,17690,2092,8533
dual_pivot_parallel_4,int,NEARLY_SORTED,1995,22572,3206,11541
dual_pivot_parallel_4,int,NEARLY_SORTED,2512,30965,4518,16231
dual_pivot_parallel_4,int,NEARLY_SORTED,3162,41985,6230,22029
dual_pivot_parallel_4,int,NEARLY_SORTED,3981,56082,8635,29047
dual_pivot_parallel_4,int,NEARLY_SORTED,5012,71492,10663,35440
dual_pivot_parallel_4,int,NEARLY_SORTED,6310,91147,12830,43351
dual_pivot_parallel_4,int,NEARLY_SORTED,7943,121512,18498,57370
dual_pivot_parallel_4,int,NEARLY_SORTED,10000,154279,24474,69858
dual_pivot_parallel_4,int,NEARLY_SORTED,12589,206729,33453,91358
dual_pivot_parallel_4,int,NEARLY_SORTED,15849,265153,41986,114811
dual_pivot_parallel_4,int,NEARLY_SORTED,19953,341414,54264,145300
dual_pivot_parallel_4,int,NEARLY_SORTED,25119,454547,67791,191983
dual_pivot_parallel_4,int,NEARLY_SORTED,31623,567416,87632,233395
dual_pivot_parallel_4,int,NEARLY_SORTED,39811,757746,123328,307823
dual_pivot_parallel_4,int,NEARLY_SORTED,50119,971055,158654,386652
dual_pivot_parallel_4,int,NEARLY_SORTED,63096,1289030,211862,495866
dual_pivot_parallel_4,int,NEARLY_SORTED,79433,1659085,274758,644090
dual_pivot_parallel_4,int,NEARLY_SORTED,100000,2094438,348792,794475
dual_pivot_parallel_4,int,NEARLY_SORTED,125893,2781830,447425,1018914
dual_pivot_parallel_4,int,NEARLY_SORTED,158489,3440525,577440,1284915
dual_pivot_parallel_4,int,NEARLY_SORTED,199526,4583176,777454,1644787
dual_pivot_parallel_4,int,NEARLY_SORTED,251189,5857577,965190,2077082
dual_pivot_parallel_4,int,NEARLY_SORTED,316228,7488194,1290698,2648026
dual_pivot_parallel_4,int,NEARLY_SORTED,398107,9694279,1668891,3363624
dual_pivot_parallel_4,int,NEARLY_SORTED,501187,12525778,2173305,4241773
dual_pivot_parallel_4,int,NEARLY_SORTED,630957,15898844,2691562,5340740
dual_pivot_parallel_4,int,NEARLY_SORTED,794328,20665066,3630378,6798236
dual_pivot_parallel_4,int,NEARLY_SORTED,1000000,26595049,4599096,8663023
dual_pivot_parallel_4,int,NEARLY_SORTED,1258925,34105077,5842012,11031712
dual_pivot_parallel_4,int,NEARLY_SORTED,1584893,45744380,7219220,14048049
dual_pivot_parallel_4,int,NEARLY_SORTED,1995262,55959420,9748533,17606671
dual_pivot_parallel_4,int,NEARLY_SORTED,2511886,72264160,12093921,22429230
dual_pivot_parallel_4,int,NEARLY_SORTED,3162277,91510194,15805960,28383012
dual_pivot_parallel_4,int,NEARLY_SORTED,3981071,118873189,19167044,36023140
dual_pivot_parallel_4,int,NEARLY_SORTED,5011872,151526712,26327452,45807333
dual_pivot_parallel_4,int,NEARLY_SORTED,6309573,192692037,33526948,58033484
dual_pivot_parallel_4,int,NEARLY_SORTED,7943282,246117727,42974566,73434863
dual_pivot_parallel_4,int,NEARLY_SORTED,10000000,319922276,55472997,93676519
dual_pivot_parallel_4,int,REVERSE_SORTED,1000,1501,0,1500
dual_pivot_parallel_4,int,REVERSE_SORTED,1259,1889,0,1887
dual_pivot_parallel_4,int,REVERSE_SORTED,1585,2378,0,2376
dual_pivot_parallel_4,int,REVERSE_SORTED,1995,2993,0,2991
dual_pivot_parallel_4,int,REVERSE_SORTED,2512,3769,0,3768
dual_pivot_parallel_4,int,REVERSE_SORTED,3162,4744,0,4743
dual_pivot_parallel_4,int,REVERSE_SORTED,3981,5972,0,5970
dual_pivot_parallel_4,int,REVERSE_SORTED,5012,7519,0,7518
dual_pivot_parallel_4,int,REVERSE_SORTED,6310,9466,0,9465
dual_pivot_parallel_4,int,REVERSE_SORTED,7943,11915,0,11913
dual_pivot_parallel_4,int,REVERSE_SORTED,10000,15001,0,15000
dual_pivot_parallel_4,int,REVERSE_SORTED,12589,18884,0,18882
dual_pivot_parallel_4,int,REVERSE_SORTED,15849,23774,0,23772
dual_pivot_parallel_4,int,REVERSE_SORTED,19953,29930,0,29928
dual_pivot_parallel_4,int,REVERSE_SORTED,25119,37679,0,37677
dual_pivot_parallel_4,int,REVERSE_SORTED,31623,47435,0,47433
dual_pivot_parallel_4,int,REVERSE_SORTED,39811,59717,0,59715
dual_pivot_parallel_4,int,REVERSE_SORTED,50119,75179,0,75177
dual_pivot_parallel_4,int,REVERSE_SORTED,63096,94645,0,94644
dual_pivot_parallel_4,int,REVERSE_SORTED,79433,268088,59592,69476
dual_pivot_parallel_4,int,REVERSE_SORTED,100000,337502,75018,87471
dual_pivot_parallel_4,int,REVERSE_SORTED,125893,424896,94434,110139
dual_pivot_parallel_4,int,REVERSE_SORTED,158489,534902,118884,138650
dual_pivot_parallel_4,int,REVERSE_SORTED,199526,860478,205786,174573
dual_pivot_parallel_4,int,REVERSE_SORTED,251189,1083273,259066,219780
dual_pivot_parallel_4,int,REVERSE_SORTED,316228,1462573,385443,128449
dual_pivot_parallel_4,int,REVERSE_SORTED,398107,1841263,485235,161710
dual_pivot_parallel_4,int,REVERSE_SORTED,501187,2623429,716615,109621
dual_pivot_parallel_4,int,REVERSE_SORTED,630957,3302701,902141,138020
dual_pivot_parallel_4,int,REVERSE_SORTED,794328,4558110,1247443,229617
dual_pivot_parallel_4,int,REVERSE_SORTED,1000000,5738327,1570411,289052
dual_pivot_parallel_4,int,REVERSE_SORTED,1258925,7912640,2235226,68872
dual_pivot_parallel_4,int,REVERSE_SORTED,1584893,9998522,2813968,160974
dual_pivot_parallel_4,int,REVERSE_SORTED,1995262,13665939,3858268,255297
dual_pivot_parallel_4,int,REVERSE_SORTED,2511886,17204345,4857202,321375
dual_pivot_parallel_4,int,REVERSE_SORTED,3162277,22168516,6281572,311967
dual_pivot_parallel_4,int,REVERSE_SORTED,3981071,29483084,8380464,392752
dual_pivot_parallel_4,int,REVERSE_SORTED,5011872,39816630,11402115,265066
dual_pivot_parallel_4,int,REVERSE_SORTED,6309573,50033556,14354307,148818
dual_pivot_parallel_4,int,REVERSE_SORTED,7943282,65155717,18699261,332792
dual_pivot_parallel_4,int,REVERSE_SORTED,10000000,84992605,24430927,418975
dual_pivot_parallel_4,int,MANY_DUPLICATES_10,1000,17485,1673,6688
dual_pivot_parallel_4,int,MANY_DUPLICATES_10,1259,19260,2279,7598
dual_pivot_parallel_4,int,MANY_DUPLICATES_10,1585,26917,3154,12051
dual_pivot_parallel_4,int,MANY_DUPLICATES_10,1995,30034,4447,13668
dual_pivot_parallel_4,int,MANY_DUPLICATES_10,2512,46663,6026,15983
dual_pivot_parallel_4,int,MANY_DUPLICATES_10,3162,56267,6758,20616
dual_pivot_parallel_4,int,MANY_DUPLICATES_10,3981,72338,10112,27749
dual_pivot_parallel_4,int,MANY_DUPLICATES_10,5012,97386,12487,34593
dual_pivot_parallel_4,int,MANY_DUPLICATES_10,6310,126115,16146,45495
dual_pivot_parallel_4,int,MANY_DUPLICATES_10,7943,158175,22588,52740
dual_pivot_parallel_4,int,MANY_DUPLICATES_10,10000,210262,28258,70803
dual_pivot_parallel_4,int,MANY_DUPLICATES_10,12589,261822,34699,89330
dual_pivot_parallel_4,int,MANY_DUPLICATES_10,15849,349876,47860,115716
dual_pivot_parallel_4,int,MANY_DUPLICATES_10,19953,456496,61501,142896
dual_pivot_parallel_4,int,MANY_DUPLICATES_10,25119,581583,75705,189763
dual_pivot_parallel_4,int,MANY_DUPLICATES_10,31623,765884,98672,243303
dual_pivot_parallel_4,int,MANY_DUPLICATES_10,39811,933989,130843,295878
dual_pivot_parallel_4,int,MANY_DUPLICATES_10,50119,1280945,162237,387830
dual_pivot_parallel_4,int,MANY_DUPLICATES_10,63096,1762630,208461,492650
dual_pivot_parallel_4,int,MANY_DUPLICATES_10,79433,2166029,263838,650286
dual_pivot_parallel_4,int,MANY_DUPLICATES_10,100000,2632165,365756,793279
dual_pivot_parallel_4,int,MANY_DUPLICATES_10,125893,3286182,472249,1004536
dual_pivot_parallel_4,int,MANY_DUPLICATES_10,158489,4492276,584356,1309438
dual_pivot_parallel_4,int,MANY_DUPLICATES_10,199526,5638745,821568,1643503
dual_pivot_parallel_4,int,MANY_DUPLICATES_10,251189,7210667,1098137,2082145
dual_pivot_parallel_4,int,MANY_DUPLICATES_10,316228,10566364,1257437,2775107
dual_pivot_parallel_4,int,MANY_DUPLICATES_10,398107,11990654,1710263,3362000
dual_pivot_parallel_4,int,MANY_DUPLICATES_10,501187,15766888,2059884,4283296
dual_pivot_parallel_4,int,MANY_DUPLICATES_10,630957,21420319,2668413,5579573
dual_pivot_parallel_4,int,MANY_DUPLICATES_10,794328,25132025,3567266,6865471
dual_pivot_parallel_4,int,MANY_DUPLICATES_10,1000000,31611772,4851116,8709965
dual_pivot_parallel_4,int,MANY_DUPLICATES_10,1258925,43985733,5581543,11338442
dual_pivot_parallel_4,int,MANY_DUPLICATES_10,1584893,53311838,7350258,14063140
dual_pivot_parallel_4,int,MANY_DUPLICATES_10,1995262,70939811,9029587,18206063
dual_pivot_parallel_4,int,MANY_DUPLICATES_10,2511886,88785446,12592355,22987235
dual_pivot_parallel_4,int,MANY_DUPLICATES_10,3162277,117937317,14731012,29464392
dual_pivot_parallel_4,int,MANY_DUPLICATES_10,3981071,149636202,19568729,37400299
dual_pivot_parallel_4,int,MANY_DUPLICATES_10,5011872,194332230,24922128,47743003
dual_pivot_parallel_4,int,MANY_DUPLICATES_10,6309573,244709576,32564597,60282837
dual_pivot_parallel_4,int,MANY_DUPLICATES_10,7943282,305870235,43003437,75541303
dual_pivot_parallel_4,int,MANY_DUPLICATES_10,10000000,385323560,54624309,94652797
dual_pivot_parallel_4,int,MANY_DUPLICATES_50,1000,19016,1496,8396
dual_pivot_parallel_4,int,MANY_DUPLICATES_50,1259,20228,2033,10920
dual_pivot_parallel_4,int,MANY_DUPLICATES_50,1585,29256,2446,14521
dual_pivot_parallel_4,int,MANY_DUPLICATES_50,1995,33899,3647,16615
dual_pivot_parallel_4,int,MANY_DUPLICATES_50,2512,53059,4398,21981
dual_pivot_parallel_4,int,MANY_DUPLICATES_50,3162,69154,5403,30818
dual_pivot_parallel_4,int,MANY_DUPLICATES_50,3981,79938,8562,33148
dual_pivot_parallel_4,int,MANY_DUPLICATES_50,5012,109923,10106,47584
dual_pivot_parallel_4,int,MANY_DUPLICATES_50,6310,133063,13637,56395
dual_pivot_parallel_4,int,MANY_DUPLICATES_50,7943,180665,18523,73350
dual_pivot_parallel_4,int,MANY_DUPLICATES_50,10000,216672,25624,89812
dual_pivot_parallel_4,int,MANY_DUPLICATES_50,12589,286405,30590,113346
dual_pivot_parallel_4,int,MANY_DUPLICATES_50,15849,380800,41105,147188
dual_pivot_parallel_4,int,MANY_DUPLICATES_50,19953,488648,53570,190540
dual_pivot_parallel_4,int,MANY_DUPLICATES_50,25119,630814,64992,239582
dual_pivot_parallel_4,int,MANY_DUPLICATES_50,31623,793402,88782,297671
dual_pivot_parallel_4,int,MANY_DUPLICATES_50,39811,982447,118199,374529
dual_pivot_parallel_4,int,MANY_DUPLICATES_50,50119,1365820,141740,485987
dual_pivot_parallel_4,int,MANY_DUPLICATES_50,63096,1887476,176301,632872
dual_pivot_parallel_4,int,MANY_DUPLICATES_50,79433,2236182,243211,789013
dual_pivot_parallel_4,int,MANY_DUPLICATES_50,100000,2861197,306881,990287
dual_pivot_parallel_4,int,MANY_DUPLICATES_50,125893,3629028,414785,1265798
dual_pivot_parallel_4,int,MANY_DUPLICATES_50,158489,4860690,522389,1619965
dual_pivot_parallel_4,int,MANY_DUPLICATES_50,199526,6111108,710273,2068124
dual_pivot_parallel_4,int,MANY_DUPLICATES_50,251189,7919769,901125,2610932
dual_pivot_parallel_4,int,MANY_DUPLICATES_50,316228,10176310,1119573,3315868
dual_pivot_parallel_4,int,MANY_DUPLICATES_50,398107,12950799,1479354,4178719
dual_pivot_parallel_4,int,MANY_DUPLICATES_50,501187,17521905,1800895,5417444
dual_pivot_parallel_4,int,MANY_DUPLICATES_50,630957,20807425,2485952,6692641
dual_pivot_parallel_4,int,MANY_DUPLICATES_50,794328,28073228,3110780,8618976
dual_pivot_parallel_4,int,MANY_DUPLICATES_50,1000000,36153703,4005566,10961533
dual_pivot_parallel_4,int,MANY_DUPLICATES_50,1258925,48110769,4901745,14099039
dual_pivot_parallel_4,int,MANY_DUPLICATES_50,1584893,55579949,6839886,17215782
dual_pivot_parallel_4,int,MANY_DUPLICATES_50,1995262,74177049,8548463,22079461
dual_pivot_parallel_4,int,MANY_DUPLICATES_50,2511886,96584729,11231081,28236944
dual_pivot_parallel_4,int,MANY_DUPLICATES_50,3162277,118770364,14368046,35107110
dual_pivot_parallel_4,int,MANY_DUPLICATES_50,3981071,149506400,19047920,44373187
dual_pivot_parallel_4,int,MANY_DUPLICATES_50,5011872,198366531,23019147,56961451
dual_pivot_parallel_4,int,MANY_DUPLICATES_50,6309573,246898554,29625677,71389085
dual_pivot_parallel_4,int,MANY_DUPLICATES_50,7943282,324149862,37699046,91484446
dual_pivot_parallel_4,int,MANY_DUPLICATES_50,10000000,408891284,49107888,115027286
dual_pivot_parallel_4,int,MANY_DUPLICATES_90,1000,16536,1377,8096
dual_pivot_parallel_4,int,MANY_DUPLICATES_90,1259,20657,1795,10835
dual_pivot_parallel_4,int,MANY_DUPLICATES_90,1585,28913,2279,14929
dual_pivot_parallel_4,int,MANY_DUPLICATES_90,1995,34538,3775,15845
dual_pivot_parallel_4,int,MANY_DUPLICATES_90,2512,56932,4102,22650
dual_pivot_parallel_4,int,MANY_DUPLICATES_90,3162,64678,5234,30204
dual_pivot_parallel_4,int,MANY_DUPLICATES_90,3981,81105,7227,36048
dual_pivot_parallel_4,int,MANY_DUPLICATES_90,5012,121581,9132,51013
dual_pivot_parallel_4,int,MANY_DUPLICATES_90,6310,129563,13038,55546
dual_pivot_parallel_4,int,MANY_DUPLICATES_90,7943,176398,18019,74035
dual_pivot_parallel_4,int,MANY_DUPLICATES_90,10000,214515,25530,92458
dual_pivot_parallel_4,int,MANY_DUPLICATES_90,12589,292946,30601,119058
dual_pivot_parallel_4,int,MANY_DUPLICATES_90,15849,385618,37719,154337
dual_pivot_parallel_4,int,MANY_DUPLICATES_90,19953,509704,53740,190074
dual_pivot_parallel_4,int,MANY_DUPLICATES_90,25119,620114,68886,241041
dual_pivot_parallel_4,int,MANY_DUPLICATES_90,31623,802214,84755,306874
dual_pivot_parallel_4,int,MANY_DUPLICATES_90,39811,993074,111748,376219
dual_pivot_parallel_4,int,MANY_DUPLICATES_90,50119,1333644,145975,490467
dual_pivot_parallel_4,int,MANY_DUPLICATES_90,63096,1786373,183516,626118
dual_pivot_parallel_4,int,MANY_DUPLICATES_90,79433,2234494,249083,809371
dual_pivot_parallel_4,int,MANY_DUPLICATES_90,100000,2837434,325738,1026589
dual_pivot_parallel_4,int,MANY_DUPLICATES_90,125893,3746648,476420,1320280
dual_pivot_parallel_4,int,MANY_DUPLICATES_90,158489,4720260,545457,1652666
dual_pivot_parallel_4,int,MANY_DUPLICATES_90,199526,6469059,658616,2138266
dual_pivot_parallel_4,int,MANY_DUPLICATES_90,251189,7678528,897201,2605450
dual_pivot_parallel_4,int,MANY_DUPLICATES_90,316228,10198784,1095808,3346557
dual_pivot_parallel_4,int,MANY_DUPLICATES_90,398107,13372067,1433603,4258441
dual_pivot_parallel_4,int,MANY_DUPLICATES_90,501187,16139837,1958024,5312006
dual_pivot_parallel_4,int,MANY_DUPLICATES_90,630957,22009579,2377581,6938654
dual_pivot_parallel_4,int,MANY_DUPLICATES_90,794328,28029744,3118187,8744648
dual_pivot_parallel_4,int,MANY_DUPLICATES_90,1000000,35550718,4015099,11055897
dual_pivot_parallel_4,int,MANY_DUPLICATES_90,1258925,44111021,5259539,13774668
dual_pivot_parallel_4,int,MANY_DUPLICATES_90,1584893,55373982,7055537,17368395
dual_pivot_parallel_4,int,MANY_DUPLICATES_90,1995262,72722082,8558313,22194353
dual_pivot_parallel_4,int,MANY_DUPLICATES_90,2511886,94623226,10695813,28349496
dual_pivot_parallel_4,int,MANY_DUPLICATES_90,3162277,116320409,14577273,35375096
dual_pivot_parallel_4,int,MANY_DUPLICATES_90,3981071,152668597,18401608,45153639
dual_pivot_parallel_4,int,MANY_DUPLICATES_90,5011872,192932041,23895192,57136772
dual_pivot_parallel_4,int,MANY_DUPLICATES_90,6309573,263185125,29508718,74204241
dual_pivot_parallel_4,int,MANY_DUPLICATES_90,7943282,331661411,36670730,93328950
dual_pivot_parallel_4,int,MANY_DUPLICATES_90,10000000,429212761,48252051,119233733
dual_pivot_parallel_4,int,ORGAN_PIPE,1000,2750,0,2248
dual_pivot_parallel_4,int,ORGAN_PIPE,1259,3463,0,2831
dual_pivot_parallel_4,int,ORGAN_PIPE,1585,4360,0,3566
dual_pivot_parallel_4,int,ORGAN_PIPE,1995,5487,0,4487
dual_pivot_parallel_4,int,ORGAN_PIPE,2512,6908,0,5650
dual_pivot_parallel_4,int,ORGAN_PIPE,3162,8696,0,7114
dual_pivot_parallel_4,int,ORGAN_PIPE,3981,10949,0,8957
dual_pivot_parallel_4,int,ORGAN_PIPE,5012,13783,0,11275
dual_pivot_parallel_4,int,ORGAN_PIPE,6310,17353,0,14197
dual_pivot_parallel_4,int,ORGAN_PIPE,7943,21844,0,17870
dual_pivot_parallel_4,int,ORGAN_PIPE,10000,27500,0,22498
dual_pivot_parallel_4,int,ORGAN_PIPE,12589,34621,0,28325
dual_pivot_parallel_4,int,ORGAN_PIPE,15849,43586,0,35660
dual_pivot_parallel_4,int,ORGAN_PIPE,19953,54872,0,44894
dual_pivot_parallel_4,int,ORGAN_PIPE,25119,69078,0,56516
dual_pivot_parallel_4,int,ORGAN_PIPE,31623,86964,0,71150
dual_pivot_parallel_4,int,ORGAN_PIPE,39811,109481,0,89573
dual_pivot_parallel_4,int,ORGAN_PIPE,50119,137828,0,112766
dual_pivot_parallel_4,int,ORGAN_PIPE,63096,173514,0,141964
dual_pivot_parallel_4,int,ORGAN_PIPE,79433,734482,246187,242391
dual_pivot_parallel_4,int,ORGAN_PIPE,100000,951111,314517,290999
dual_pivot_parallel_4,int,ORGAN_PIPE,125893,1198675,395853,379689
dual_pivot_parallel_4,int,ORGAN_PIPE,158489,1428402,490974,452488
dual_pivot_parallel_4,int,ORGAN_PIPE,199526,1745616,608725,563931
dual_pivot_parallel_4,int,ORGAN_PIPE,251189,2229956,770769,717261
dual_pivot_parallel_4,int,ORGAN_PIPE,316228,3049605,1000993,893751
dual_pivot_parallel_4,int,ORGAN_PIPE,398107,4112454,1279680,1148422
dual_pivot_parallel_4,int,ORGAN_PIPE,501187,5889982,1651310,1492977
dual_pivot_parallel_4,int,ORGAN_PIPE,630957,8417453,2137661,2001592
dual_pivot_parallel_4,int,ORGAN_PIPE,794328,11371369,2788863,2592087
dual_pivot_parallel_4,int,ORGAN_PIPE,1000000,15790511,3543720,3323166
dual_pivot_parallel_4,int,ORGAN_PIPE,1258925,20924938,4525469,4330452
dual_pivot_parallel_4,int,ORGAN_PIPE,1584893,27971155,5891384,5545227
dual_pivot_parallel_4,int,ORGAN_PIPE,1995262,37096075,7582384,6989769
dual_pivot_parallel_4,int,ORGAN_PIPE,2511886,49071068,9646451,8768643
dual_pivot_parallel_4,int,ORGAN_PIPE,3162277,63386556,12502927,10901903
dual_pivot_parallel_4,int,ORGAN_PIPE,3981071,82756195,15797314,13758120
dual_pivot_parallel_4,int,ORGAN_PIPE,5011872,107086637,20210757,17267838
dual_pivot_parallel_4,int,ORGAN_PIPE,6309573,139499853,25997058,21313589
dual_pivot_parallel_4,int,ORGAN_PIPE,7943282,181166200,33433861,27050133
dual_pivot_parallel_4,int,ORGAN_PIPE,10000000,235975605,43105049,34062776
dual_pivot_parallel_4,int,SAWTOOTH,1000,4529,0,3500
dual_pivot_parallel_4,int,SAWTOOTH,1259,5721,0,4545
dual_pivot_parallel_4,int,SAWTOOTH,1585,7178,0,5713
dual_pivot_parallel_4,int,SAWTOOTH,1995,9023,0,7189
dual_pivot_parallel_4,int,SAWTOOTH,2512,11342,0,9046
dual_pivot_parallel_4,int,SAWTOOTH,3162,14267,0,11386
dual_pivot_parallel_4,int,SAWTOOTH,3981,17948,0,14333
dual_pivot_parallel_4,int,SAWTOOTH,5012,22592,0,18046
dual_pivot_parallel_4,int,SAWTOOTH,6310,28424,0,22085
dual_pivot_parallel_4,int,SAWTOOTH,7943,35784,0,28599
dual_pivot_parallel_4,int,SAWTOOTH,10000,45029,0,35000
dual_pivot_parallel_4,int,SAWTOOTH,12589,56706,0,45333
dual_pivot_parallel_4,int,SAWTOOTH,15849,71376,0,57069
dual_pivot_parallel_4,int,SAWTOOTH,19953,89829,0,71835
dual_pivot_parallel_4,int,SAWTOOTH,25119,113091,0,90441
dual_pivot_parallel_4,int,SAWTOOTH,31623,142344,0,113847
dual_pivot_parallel_4,int,SAWTOOTH,39811,179183,0,143321
dual_pivot_parallel_4,int,SAWTOOTH,50119,225591,0,180441
dual_pivot_parallel_4,int,SAWTOOTH,63096,283980,0,227154
dual_pivot_parallel_4,int,SAWTOOTH,79433,571243,13889,373357
dual_pivot_parallel_4,int,SAWTOOTH,100000,971212,51759,486482
dual_pivot_parallel_4,int,SAWTOOTH,125893,1258990,76645,623147
dual_pivot_parallel_4,int,SAWTOOTH,158489,1583660,95772,789325
dual_pivot_parallel_4,int,SAWTOOTH,199526,2146748,144085,1010950
dual_pivot_parallel_4,int,SAWTOOTH,251189,2720659,175874,1278786
dual_pivot_parallel_4,int,SAWTOOTH,316228,3760784,262505,1637133
dual_pivot_parallel_4,int,SAWTOOTH,398107,5326267,419850,2080211
dual_pivot_parallel_4,int,SAWTOOTH,501187,6908540,578232,2629194
dual_pivot_parallel_4,int,SAWTOOTH,630957,8827522,704862,3295055
dual_pivot_parallel_4,int,SAWTOOTH,794328,11569716,1026952,4191526
dual_pivot_parallel_4,int,SAWTOOTH,1000000,15620521,1398762,5219467
dual_pivot_parallel_4,int,SAWTOOTH,1258925,20446536,1966828,6701296
dual_pivot_parallel_4,int,SAWTOOTH,1584893,26693049,2547884,8456607
dual_pivot_parallel_4,int,SAWTOOTH,1995262,37086439,3362328,10778597
dual_pivot_parallel_4,int,SAWTOOTH,2511886,44951155,4607387,13262940
dual_pivot_parallel_4,int,SAWTOOTH,3162277,57086440,6032307,16734037
dual_pivot_parallel_4,int,SAWTOOTH,3981071,80373548,7764303,21011803
dual_pivot_parallel_4,int,SAWTOOTH,5011872,105905088,9944785,26954021
dual_pivot_parallel_4,int,SAWTOOTH,6309573,134964973,12758184,33771661
dual_pivot_parallel_4,int,SAWTOOTH,7943282,174964351,16923131,42516273
dual_pivot_parallel_4,int,SAWTOOTH,10000000,229180803,22916688,53794927
dual_pivot_parallel_4,double,RANDOM,1000,15784,1489,8667
dual_pivot_parallel_4,double,RANDOM,1259,22331,1811,10865
dual_pivot_parallel_4,double,RANDOM,1585,30730,2543,15370
dual_pivot_parallel_4,double,RANDOM,1995,40715,3084,18610
dual_pivot_parallel_4,double,RANDOM,2512,47280,4288,22077
dual_pivot_parallel_4,double,RANDOM,3162,60462,6003,27682
dual_pivot_parallel_4,double,RANDOM,3981,90848,6959,38409
dual_pivot_parallel_4,double,RANDOM,5012,110875,9893,45874
dual_pivot_parallel_4,double,RANDOM,6310,136865,12501,60950
dual_pivot_parallel_4,double,RANDOM,7943,187972,16383,77635
dual_pivot_parallel_4,double,RANDOM,10000,231447,21711,98899
dual_pivot_parallel_4,double,RANDOM,12589,284277,30983,116779
dual_pivot_parallel_4,double,RANDOM,15849,386219,37366,155995
dual_pivot_parallel_4,double,RANDOM,19953,480341,50375,197657
dual_pivot_parallel_4,double,RANDOM,25119,641118,68266,240987
dual_pivot_parallel_4,double,RANDOM,31623,778706,86019,308927
dual_pivot_parallel_4,double,RANDOM,39811,1066640,104788,395824
dual_pivot_parallel_4,double,RANDOM,50119,1407512,140619,497013
dual_pivot_parallel_4,double,RANDOM,63096,1749905,181847,639629
dual_pivot_parallel_4,double,RANDOM,79433,2210547,243134,821383
dual_pivot_parallel_4,double,RANDOM,100000,2910689,295322,1044830
dual_pivot_parallel_4,double,RANDOM,125893,3909347,387048,1347572
dual_pivot_parallel_4,double,RANDOM,158489,4578682,538342,1627032
dual_pivot_parallel_4,double,RANDOM,199526,6249556,662151,2127046
dual_pivot_parallel_4,double,RANDOM,251189,8136831,899855,2684397
dual_pivot_parallel_4,double,RANDOM,316228,10188462,1078231,3404903
dual_pivot_parallel_4,double,RANDOM,398107,13684788,1471905,4381391
dual_pivot_parallel_4,double,RANDOM,501187,18281044,1777450,5661566
dual_pivot_parallel_4,double,RANDOM,630957,21813847,2400644,6965438
dual_pivot_parallel_4,double,RANDOM,794328,28286197,3070447,8894743
dual_pivot_parallel_4,double,RANDOM,1000000,37941611,3771843,11416719
dual_pivot_parallel_4,double,RANDOM,1258925,48206895,4898437,14420900
dual_pivot_parallel_4,double,RANDOM,1584893,59680719,6207806,18080762
dual_pivot_parallel_4,double,RANDOM,1995262,75979636,8328533,22877267
dual_pivot_parallel_4,double,RANDOM,2511886,92860098,10930918,28522958
dual_pivot_parallel_4,double,RANDOM,3162277,127177221,13552806,37029556
dual_pivot_parallel_4,double,RANDOM,3981071,151590725,17796880,45895823
dual_pivot_parallel_4,double,RANDOM,5011872,218578586,22072897,60608418
dual_pivot_parallel_4,double,RANDOM,6309573,255300481,29091470,74470389
dual_pivot_parallel_4,double,RANDOM,7943282,335294203,36790749,94887154
dual_pivot_parallel_4,double,RANDOM,10000000,431545081,47680169,120469446
dual_pivot_parallel_4,double,NEARLY_SORTED,1000,10696,1475,6515
dual_pivot_parallel_4,double,NEARLY_SORTED,1259,12338,1778,6472
dual_pivot_parallel_4,double,NEARLY_SORTED,1585,17690,2092,8533
dual_pivot_parallel_4,double,NEARLY_SORTED,1995,22572,3206,11541
dual_pivot_parallel_4,double,NEARLY_SORTED,2512,30965,4518,16231
dual_pivot_parallel_4,double,NEARLY_SORTED,3162,41985,6230,22029
dual_pivot_parallel_4,double,NEARLY_SORTED,3981,56082,8635,29047
dual_pivot_parallel_4,double,NEARLY_SORTED,5012,71492,10663,35440
dual_pivot_parallel_4,double,NEARLY_SORTED,6310,91147,12830,43351
dual_pivot_parallel_4,double,NEARLY_SORTED,7943,121512,18498,57370
dual_pivot_parallel_4,double,NEARLY_SORTED,10000,154279,24474,69858
dual_pivot_parallel_4,double,NEARLY_SORTED,12589,206729,33453,91358
dual_pivot_parallel_4,double,NEARLY_SORTED,15849,265153,41986,114811
dual_pivot_parallel_4,double,NEARLY_SORTED,19953,341414,54264,145300
dual_pivot_parallel_4,double,NEARLY_SORTED,25119,454547,67791,191983
dual_pivot_parallel_4,double,NEARLY_SORTED,31623,567416,87632,233395
dual_pivot_parallel_4,double,NEARLY_SORTED,39811,757746,123328,307823
dual_pivot_parallel_4,double,NEARLY_SORTED,50119,971055,158654,386652
dual_pivot_parallel_4,double,NEARLY_SORTED,63096,1289030,211862,495866
dual_pivot_parallel_4,double,NEARLY_SORTED,79433,1659085,274758,644090
dual_pivot_parallel_4,double,NEARLY_SORTED,100000,2094438,348792,794475
dual_pivot_parallel_4,double,NEARLY_SORTED,125893,2781830,447425,1018914
dual_pivot_parallel_4,double,NEARLY_SORTED,158489,3440525,577440,1284915
dual_pivot_parallel_4,double,NEARLY_SORTED,199526,4583176,777454,1644787
dual_pivot_parallel_4,double,NEARLY_SORTED,251189,5857577,965190,2077082
dual_pivot_parallel_4,double,NEARLY_SORTED,316228,7488194,1290698,2648026
dual_pivot_parallel_4,double,NEARLY_SORTED,398107,9694279,1668891,3363624
dual_pivot_parallel_4,double,NEARLY_SORTED,501187,12525778,2173305,4241773
dual_pivot_parallel_4,double,NEARLY_SORTED,630957,15898844,2691562,5340740
dual_pivot_parallel_4,double,NEARLY_SORTED,794328,20665066,3630378,6798236
dual_pivot_parallel_4,double,NEARLY_SORTED,1000000,26595049,4599096,8663023
dual_pivot_parallel_4,double,NEARLY_SORTED,1258925,34105077,5842012,11031712
dual_pivot_parallel_4,double,NEARLY_SORTED,1584893,45744380,7219220,14048049
dual_pivot_parallel_4,double,NEARLY_SORTED,1995262,55959420,9748533,17606671
dual_pivot_parallel_4,double,NEARLY_SORTED,2511886,72264160,12093921,22429230
dual_pivot_parallel_4,double,NEARLY_SORTED,3162277,91510194,15805960,28383012
dual_pivot_parallel_4,double,NEARLY_SORTED,3981071,118873189,19167044,36023140
dual_pivot_parallel_4,double,NEARLY_SORTED,5011872,151526712,26327452,45807333
dual_pivot_parallel_4,double,NEARLY_SORTED,6309573,192692037,33526948,58033484
dual_pivot_parallel_4,double,NEARLY_SORTED,7943282,246117727,42974566,73434863
dual_pivot_parallel_4,double,NEARLY_SORTED,10000000,319922276,55472997,93676519
dual_pivot_parallel_4,double,REVERSE_SORTED,1000,1501,0,1500
dual_pivot_parallel_4,double,REVERSE_SORTED,1259,1889,0,1887
dual_pivot_parallel_4,double,REVERSE_SORTED,1585,2378,0,2376
dual_pivot_parallel_4,double,REVERSE_SORTED,1995,2993,0,2991
dual_pivot_parallel_4,double,REVERSE_SORTED,2512,3769,0,3768
dual_pivot_parallel_4,double,REVERSE_SORTED,3162,4744,0,4743
dual_pivot_parallel_4,double,REVERSE_SORTED,3981,5972,0,5970
dual_pivot_parallel_4,double,REVERSE_SORTED,5012,7519,0,7518
dual_pivot_parallel_4,double,REVERSE_SORTED,6310,9466,0,9465
dual_pivot_parallel_4,double,REVERSE_SORTED,7943,11915,0,11913
dual_pivot_parallel_4,double,REVERSE_SORTED,10000,15001,0,15000
dual_pivot_parallel_4,double,REVERSE_SORTED,12589,18884,0,18882
dual_pivot_parallel_4,double,REVERSE_SORTED,15849,23774,0,23772
dual_pivot_parallel_4,double,REVERSE_SORTED,19953,29930,0,29928
dual_pivot_parallel_4,double,REVERSE_SORTED,25119,37679,0,37677
dual_pivot_parallel_4,double,REVERSE_SORTED,31623,47435,0,47433
dual_pivot_parallel_4,double,REVERSE_SORTED,39811,59717,0,59715
dual_pivot_parallel_4,double,REVERSE_SORTED,50119,75179,0,75177
dual_pivot_parallel_4,double,REVERSE_SORTED,63096,94645,0,94644
dual_pivot_parallel_4,double,REVERSE_SORTED,79433,268088,59592,69476
dual_pivot_parallel_4,double,REVERSE_SORTED,100000,337502,75018,87471
dual_pivot_parallel_4,double,REVERSE_SORTED,125893,424896,94434,110139
dual_pivot_parallel_4,double,REVERSE_SORTED,158489,534902,118884,138650
dual_pivot_parallel_4,double,REVERSE_SORTED,199526,860478,205786,174573
dual_pivot_parallel_4,double,REVERSE_SORTED,251189,1083273,259066,219780
dual_pivot_parallel_4,double,REVERSE_SORTED,316228,1462573,385443,128449
dual_pivot_parallel_4,double,REVERSE_SORTED,398107,1841263,485235,161710
dual_pivot_parallel_4,double,REVERSE_SORTED,501187,2623429,716615,109621
dual_pivot_parallel_4,double,REVERSE_SORTED,630957,3302701,902141,138020
dual_pivot_parallel_4,double,REVERSE_SORTED,794328,4558110,1247443,229617
dual_pivot_parallel_4,double,REVERSE_SORTED,1000000,5738327,1570411,289052
dual_pivot_parallel_4,double,REVERSE_SORTED,1258925,7912640,2235226,68872
dual_pivot_parallel_4,double,REVERSE_SORTED,1584893,9998522,2813968,160974
dual_pivot_parallel_4,double,REVERSE_SORTED,1995262,13665939,3858268,255297
dual_pivot_parallel_4,double,REVERSE_SORTED,2511886,17204345,4857202,321375
dual_pivot_parallel_4,double,REVERSE_SORTED,3162277,22168516,6281572,311967
dual_pivot_parallel_4,double,REVERSE_SORTED,3981071,29483084,8380464,392752
dual_pivot_parallel_4,double,REVERSE_SORTED,5011872,39816630,11402115,265066
dual_pivot_parallel_4,double,REVERSE_SORTED,6309573,50033556,14354307,148818
dual_pivot_parallel_4,double,REVERSE_SORTED,7943282,65155717,18699261,332792
dual_pivot_parallel_4,double,REVERSE_SORTED,10000000,84992605,24430927,418975
dual_pivot_parallel_4,double,MANY_DUPLICATES_10,1000,15784,1489,8667
dual_pivot_parallel_4,double,MANY_DUPLICATES_10,1259,22331,1811,10865
dual_pivot_parallel_4,double,MANY_DUPLICATES_10,1585,30730,2543,15370
dual_pivot_parallel_4,double,MANY_DUPLICATES_10,1995,40715,3084,18610
dual_pivot_parallel_4,double,MANY_DUPLICATES_10,2512,47280,4288,22077
dual_pivot_parallel_4,double,MANY_DUPLICATES_10,3162,60462,6003,27682
dual_pivot_parallel_4,double,MANY_DUPLICATES_10,3981,90848,6959,38409
dual_pivot_parallel_4,double,MANY_DUPLICATES_10,5012,110875,9893,45874
dual_pivot_parallel_4,double,MANY_DUPLICATES_10,6310,136865,12501,60950
dual_pivot_parallel_4,double,MANY_DUPLICATES_10,7943,187972,16383,77635
dual_pivot_parallel_4,double,MANY_DUPLICATES_10,10000,231447,21711,98899
dual_pivot_parallel_4,double,MANY_DUPLICATES_10,12589,284277,30983,116779
dual_pivot_parallel_4,double,MANY_DUPLICATES_10,15849,386219,37366,155995
dual_pivot_parallel_4,double,MANY_DUPLICATES_10,19953,480341,50375,197657
dual_pivot_parallel_4,double,MANY_DUPLICATES_10,25119,641118,68266,240987
dual_pivot_parallel_4,double,MANY_DUPLICATES_10,31623,778706,86019,308927
dual_pivot_parallel_4,double,MANY_DUPLICATES_10,39811,1066640,104788,395824
dual_pivot_parallel_4,double,MANY_DUPLICATES_10,50119,1407512,140619,497013
dual_pivot_parallel_4,double,MANY_DUPLICATES_10,63096,1749905,181847,639629
dual_pivot_parallel_4,double,MANY_DUPLICATES_10,79433,2210547,243134,821383
dual_pivot_parallel_4,double,MANY_DUPLICATES_10,100000,2910689,295322,1044830
dual_pivot_parallel_4,double,MANY_DUPLICATES_10,125893,3909347,387048,1347572
dual_pivot_parallel_4,double,MANY_DUPLICATES_10,158489,4578682,538342,1627032
dual_pivot_parallel_4,double,MANY_DUPLICATES_10,199526,6249556,662151,2127046
dual_pivot_parallel_4,double,MANY_DUPLICATES_10,251189,8136831,899855,2684397
dual_pivot_parallel_4,double,MANY_DUPLICATES_10,316228,10188462,1078231,3404903
dual_pivot_parallel_4,double,MANY_DUPLICATES_10,398107,13684788,1471905,4381391
dual_pivot_parallel_4,double,MANY_DUPLICATES_10,501187,18281044,1777450,5661566
dual_pivot_parallel_4,double,MANY_DUPLICATES_10,630957,21813847,2400644,6965438
dual_pivot_parallel_4,double,MANY_DUPLICATES_10,794328,28286197,3070447,8894743
dual_pivot_parallel_4,double,MANY_DUPLICATES_10,1000000,37941611,3771843,11416719
dual_pivot_parallel_4,double,MANY_DUPLICATES_10,1258925,48206895,4898437,14420900
dual_pivot_parallel_4,double,MANY_DUPLICATES_10,1584893,59680719,6207806,18080762
dual_pivot_parallel_4,double,MANY_DUPLICATES_10,1995262,75979636,8328533,22877267
dual_pivot_parallel_4,double,MANY_DUPLICATES_10,2511886,92860098,10930918,28522958
dual_pivot_parallel_4,double,MANY_DUPLICATES_10,3162277,127177221,13552806,37029556
dual_pivot_parallel_4,double,MANY_DUPLICATES_10,3981071,151590725,17796880,45895823
dual_pivot_parallel_4,double,MANY_DUPLICATES_10,5011872,218578586,22072897,60608418
dual_pivot_parallel_4,double,MANY_DUPLICATES_10,6309573,255300481,29091470,74470389
dual_pivot_parallel_4,double,MANY_DUPLICATES_10,7943282,335294203,36790749,94887154
dual_pivot_parallel_4,double,MANY_DUPLICATES_10,10000000,431545081,47680169,120469446
dual_pivot_parallel_4,double,MANY_DUPLICATES_50,1000,15784,1489,8667
dual_pivot_parallel_4,double,MANY_DUPLICATES_50,1259,22331,1811,10865
dual_pivot_parallel_4,double,MANY_DUPLICATES_50,1585,30730,2543,15370
dual_pivot_parallel_4,double,MANY_DUPLICATES_50,1995,40715,3084,18610
dual_pivot_parallel_4,double,MANY_DUPLICATES_50,2512,47280,4288,22077
dual_pivot_parallel_4,double,MANY_DUPLICATES_50,3162,60462,6003,27682
dual_pivot_parallel_4,double,MANY_DUPLICATES_50,3981,90848,6959,38409
dual_pivot_parallel_4,double,MANY_DUPLICATES_50,5012,110875,9893,45874
dual_pivot_parallel_4,double,MANY_DUPLICATES_50,6310,136865,12501,60950
dual_pivot_parallel_4,double,MANY_DUPLICATES_50,7943,187972,16383,77635
dual_pivot_parallel_4,double,MANY_DUPLICATES_50,10000,231447,21711,98899
dual_pivot_parallel_4,double,MANY_DUPLICATES_50,12589,284277,30983,116779
dual_pivot_parallel_4,double,MANY_DUPLICATES_50,15849,386219,37366,155995
dual_pivot_parallel_4,double,MANY_DUPLICATES_50,19953,480341,50375,197657
dual_pivot_parallel_4,double,MANY_DUPLICATES_50,25119,641118,68266,240987
dual_pivot_parallel_4,double,MANY_DUPLICATES_50,31623,778706,86019,308927
dual_pivot_parallel_4,double,MANY_DUPLICATES_50,39811,1066640,104788,395824
dual_pivot_parallel_4,double,MANY_DUPLICATES_50,50119,1407512,140619,497013
dual_pivot_parallel_4,double,MANY_DUPLICATES_50,63096,1749905,181847,639629
dual_pivot_parallel_4,double,MANY_DUPLICATES_50,79433,2210547,243134,821383
dual_pivot_parallel_4,double,MANY_DUPLICATES_50,100000,2910689,295322,1044830
dual_pivot_parallel_4,double,MANY_DUPLICATES_50,125893,3909347,387048,1347572
dual_pivot_parallel_4,double,MANY_DUPLICATES_50,158489,4578682,538342,1627032
dual_pivot_parallel_4,double,MANY_DUPLICATES_50,199526,6249556,662151,2127046
dual_pivot_parallel_4,double,MANY_DUPLICATES_50,251189,8136831,899855,2684397
dual_pivot_parallel_4,double,MANY_DUPLICATES_50,316228,10188462,1078231,3404903
dual_pivot_parallel_4,double,MANY_DUPLICATES_50,398107,13684788,1471905,4381391
dual_pivot_parallel_4,double,MANY_DUPLICATES_50,501187,18281044,1777450,5661566
dual_pivot_parallel_4,double,MANY_DUPLICATES_50,630957,21813847,2400644,6965438
dual_pivot_parallel_4,double,MANY_DUPLICATES_50,794328,28286197,3070447,8894743
dual_pivot_parallel_4,double,MANY_DUPLICATES_50,1000000,37941611,3771843,11416719
dual_pivot_parallel_4,double,MANY_DUPLICATES_50,1258925,48206895,4898437,14420900
dual_pivot_parallel_4,double,MANY_DUPLICATES_50,1584893,59680719,6207806,18080762
dual_pivot_parallel_4,double,MANY_DUPLICATES_50,1995262,75979636,8328533,22877267
dual_pivot_parallel_4,double,MANY_DUPLICATES_50,2511886,92860098,10930918,28522958
dual_pivot_parallel_4,double,MANY_DUPLICATES_50,3162277,127177221,13552806,37029556
dual_pivot_parallel_4,double,MANY_DUPLICATES_50,3981071,151590725,17796880,45895823
dual_pivot_parallel_4,double,MANY_DUPLICATES_50,5011872,218578586,22072897,60608418
dual_pivot_parallel_4,double,MANY_DUPLICATES_50,6309573,255300481,29091470,74470389
dual_pivot_parallel_4,double,MANY_DUPLICATES_50,7943282,335294203,36790749,94887154
dual_pivot_parallel_4,double,MANY_DUPLICATES_50,10000000,431545081,47680169,120469446
dual_pivot_parallel_4,double,MANY_DUPLICATES_90,1000,15784,1489,8667
dual_pivot_parallel_4,double,MANY_DUPLICATES_90,1259,22331,1811,10865
dual_pivot_parallel_4,double,MANY_DUPLICATES_90,1585,30730,2543,15370
dual_pivot_parallel_4,double,MANY_DUPLICATES_90,1995,40715,3084,18610
dual_pivot_parallel_4,double,MANY_DUPLICATES_90,2512,47280,4288,22077
dual_pivot_parallel_4,double,MANY_DUPLICATES_90,3162,60462,6003,27682
dual_pivot_parallel_4,double,MANY_DUPLICATES_90,3981,90848,6959,38409
dual_pivot_parallel_4,double,MANY_DUPLICATES_90,5012,110875,9893,45874
dual_pivot_parallel_4,double,MANY_DUPLICATES_90,6310,136865,12501,60950
dual_pivot_parallel_4,double,MANY_DUPLICATES_90,7943,187972,16383,77635
dual_pivot_parallel_4,double,MANY_DUPLICATES_90,10000,231447,21711,98899
dual_pivot_parallel_4,double,MANY_DUPLICATES_90,12589,284277,30983,116779
dual_pivot_parallel_4,double,MANY_DUPLICATES_90,15849,386219,37366,155995
dual_pivot_parallel_4,double,MANY_DUPLICATES_90,19953,480341,50375,197657
dual_pivot_parallel_4,double,MANY_DUPLICATES_90,25119,641118,68266,240987
dual_pivot_parallel_4,double,MANY_DUPLICATES_90,31623,778706,86019,308927
dual_pivot_parallel_4,double,MANY_DUPLICATES_90,39811,1066640,104788,395824
dual_pivot_parallel_4,double,MANY_DUPLICATES_90,50119,1407512,140619,497013
dual_pivot_parallel_4,double,MANY_DUPLICATES_90,63096,1749905,181847,639629
dual_pivot_parallel_4,double,MANY_DUPLICATES_90,79433,2210547,243134,821383
dual_pivot_parallel_4,double,MANY_DUPLICATES_90,100000,2910689,295322,1044830
dual_pivot_parallel_4,double,MANY_DUPLICATES_90,125893,3909347,387048,1347572
dual_pivot_parallel_4,double,MANY_DUPLICATES_90,158489,4578682,538342,1627032
dual_pivot_parallel_4,double,MANY_DUPLICATES_90,199526,6249556,662151,2127046
dual_pivot_parallel_4,double,MANY_DUPLICATES_90,251189,8136831,899855,2684397
dual_pivot_parallel_4,double,MANY_DUPLICATES_90,316228,10188462,1078231,3404903
dual_pivot_parallel_4,double,MANY_DUPLICATES_90,398107,13684788,1471905,4381391
dual_pivot_parallel_4,double,MANY_DUPLICATES_90,501187,18281044,1777450,5661566
dual_pivot_parallel_4,double,MANY_DUPLICATES_90,630957,21813847,2400644,6965438
dual_pivot_parallel_4,double,MANY_DUPLICATES_90,794328,28286197,3070447,8894743
dual_pivot_parallel_4,double,MANY_DUPLICATES_90,1000000,37941611,3771843,11416719
dual_pivot_parallel_4,double,MANY_DUPLICATES_90,1258925,48206895,4898437,14420900
dual_pivot_parallel_4,double,MANY_DUPLICATES_90,1584893,59680719,6207806,18080762
dual_pivot_parallel_4,double,MANY_DUPLICATES_90,1995262,75979636,8328533,22877267
dual_pivot_parallel_4,double,MANY_DUPLICATES_90,2511886,92860098,10930918,28522958
dual_pivot_parallel_4,double,MANY_DUPLICATES_90,3162277,127177221,13552806,37029556
dual_pivot_parallel_4,double,MANY_DUPLICATES_90,3981071,151590725,17796880,45895823
dual_pivot_parallel_4,double,MANY_DUPLICATES_90,5011872,218578586,22072897,60608418
dual_pivot_parallel_4,double,MANY_DUPLICATES_90,6309573,255300481,29091470,74470389
dual_pivot_parallel_4,double,MANY_DUPLICATES_90,7943282,335294203,36790749,94887154
dual_pivot_parallel_4,double,MANY_DUPLICATES_90,10000000,431545081,47680169,120469446
dual_pivot_parallel_4,double,ORGAN_PIPE,1000,2750,0,2248
dual_pivot_parallel_4,double,ORGAN_PIPE,1259,3463,0,2831
dual_pivot_parallel_4,double,ORGAN_PIPE,1585,4360,0,3566
dual_pivot_parallel_4,double,ORGAN_PIPE,1995,5487,0,4487
dual_pivot_parallel_4,double,ORGAN_PIPE,2512,6908,0,5650
dual_pivot_parallel_4,double,ORGAN_PIPE,3162,8696,0,7114
dual_pivot_parallel_4,double,ORGAN_PIPE,3981,10949,0,8957
dual_pivot_parallel_4,double,ORGAN_PIPE,5012,13783,0,11275
dual_pivot_parallel_4,double,ORGAN_PIPE,6310,17353,0,14197
dual_pivot_parallel_4,double,ORGAN_PIPE,7943,21844,0,17870
dual_pivot_parallel_4,double,ORGAN_PIPE,10000,27500,0,22498
dual_pivot_parallel_4,double,ORGAN_PIPE,12589,34621,0,28325
dual_pivot_parallel_4,double,ORGAN_PIPE,15849,43586,0,35660
dual_pivot_parallel_4,double,ORGAN_PIPE,19953,54872,0,44894
dual_pivot_parallel_4,double,ORGAN_PIPE,25119,69078,0,56516
dual_pivot_parallel_4,double,ORGAN_PIPE,31623,86964,0,71150
dual_pivot_parallel_4,double,ORGAN_PIPE,39811,109481,0,89573
dual_pivot_parallel_4,double,ORGAN_PIPE,50119,137828,0,112766
dual_pivot_parallel_4,double,ORGAN_PIPE,63096,173514,0,141964
dual_pivot_parallel_4,double,ORGAN_PIPE,79433,734482,246187,242391
dual_pivot_parallel_4,double,ORGAN_PIPE,100000,951111,314517,290999
dual_pivot_parallel_4,double,ORGAN_PIPE,125893,1198675,395853,379689
dual_pivot_parallel_4,double,ORGAN_PIPE,158489,1428402,490974,452488
dual_pivot_parallel_4,double,ORGAN_PIPE,199526,1745616,608725,563931
dual_pivot_parallel_4,double,ORGAN_PIPE,251189,2229956,770769,717261
dual_pivot_parallel_4,double,ORGAN_PIPE,316228,3049605,1000993,893751
dual_pivot_parallel_4,double,ORGAN_PIPE,398107,4112454,1279680,1148422
dual_pivot_parallel_4,double,ORGAN_PIPE,501187,5889982,1651310,1492977
dual_pivot_parallel_4,double,ORGAN_PIPE,630957,8417453,2137661,2001592
dual_pivot_parallel_4,double,ORGAN_PIPE,794328,11371369,2788863,2592087
dual_pivot_parallel_4,double,ORGAN_PIPE,1000000,15790511,3543720,3323166
dual_pivot_parallel_4,double,ORGAN_PIPE,1258925,20924938,4525469,4330452
dual_pivot_parallel_4,double,ORGAN_PIPE,1584893,27971155,5891384,5545227
dual_pivot_parallel_4,double,ORGAN_PIPE,1995262,37096075,7582384,6989769
dual_pivot_parallel_4,double,ORGAN_PIPE,2511886,49071068,9646451,8768643
dual_pivot_parallel_4,double,ORGAN_PIPE,3162277,63386556,12502927,10901903
dual_pivot_parallel_4,double,ORGAN_PIPE,3981071,82756195,15797314,13758120
dual_pivot_parallel_4,double,ORGAN_PIPE,5011872,107086637,20210757,17267838
dual_pivot_parallel_4,double,ORGAN_PIPE,6309573,139499853,25997058,21313589
dual_pivot_parallel_4,double,ORGAN_PIPE,7943282,181166200,33433861,27050133
dual_pivot_parallel_4,double,ORGAN_PIPE,10000000,235975605,43105049,34062776
dual_pivot_parallel_4,double,SAWTOOTH,1000,4529,0,3500
dual_pivot_parallel_4,double,SAWTOOTH,1259,5721,0,4545
dual_pivot_parallel_4,double,SAWTOOTH,1585,7178,0,5713
dual_pivot_parallel_4,double,SAWTOOTH,1995,9023,0,7189
dual_pivot_parallel_4,double,SAWTOOTH,2512,11342,0,9046
dual_pivot_parallel_4,double,SAWTOOTH,3162,14267,0,11386
dual_pivot_parallel_4,double,SAWTOOTH,3981,17948,0,14333
dual_pivot_parallel_4,double,SAWTOOTH,5012,22592,0,18046
dual_pivot_parallel_4,double,SAWTOOTH,6310,28424,0,22085
dual_pivot_parallel_4,double,SAWTOOTH,7943,35784,0,28599
dual_pivot_parallel_4,double,SAWTOOTH,10000,45029,0,35000
dual_pivot_parallel_4,double,SAWTOOTH,12589,56706,0,45333
dual_pivot_parallel_4,double,SAWTOOTH,15849,71376,0,57069
dual_pivot_parallel_4,double,SAWTOOTH,19953,89829,0,71835
dual_pivot_parallel_4,double,SAWTOOTH,25119,113091,0,90441
dual_pivot_parallel_4,double,SAWTOOTH,31623,142344,0,113847
dual_pivot_parallel_4,double,SAWTOOTH,39811,179183,0,143321
dual_pivot_parallel_4,double,SAWTOOTH,50119,225591,0,180441
dual_pivot_parallel_4,double,SAWTOOTH,63096,283980,0,227154
dual_pivot_parallel_4,double,SAWTOOTH,79433,571243,13889,373357
dual_pivot_parallel_4,double,SAWTOOTH,100000,971212,51759,486482
dual_pivot_parallel_4,double,SAWTOOTH,125893,1258990,76645,623147
dual_pivot_parallel_4,double,SAWTOOTH,158489,1583660,95772,789325
dual_pivot_parallel_4,double,SAWTOOTH,199526,2146748,144085,1010950
dual_pivot_parallel_4,double,SAWTOOTH,251189,2720659,175874,1278786
dual_pivot_parallel_4,double,SAWTOOTH,316228,3760784,262505,1637133
dual_pivot_parallel_4,double,SAWTOOTH,398107,5326267,419850,2080211
dual_pivot_parallel_4,double,SAWTOOTH,501187,6908540,578232,2629194
dual_pivot_parallel_4,double,SAWTOOTH,630957,8827522,704862,3295055
dual_pivot_parallel_4,double,SAWTOOTH,794328,11569716,1026952,4191526
dual_pivot_parallel_4,double,SAWTOOTH,1000000,15620521,1398762,5219467
dual_pivot_parallel_4,double,SAWTOOTH,1258925,20446536,1966828,6701296
dual_pivot_parallel_4,double,SAWTOOTH,1584893,26693049,2547884,8456607
dual_pivot_parallel_4,double,SAWTOOTH,1995262,37086439,3362328,10778597
dual_pivot_parallel_4,double,SAWTOOTH,2511886,44951155,4607387,13262940
dual_pivot_parallel_4,double,SAWTOOTH,3162277,57086440,6032307,16734037
dual_pivot_parallel_4,double,SAWTOOTH,3981071,80373548,7764303,21011803
dual_pivot_parallel_4,double,SAWTOOTH,5011872,105905088,9944785,26954021
dual_pivot_parallel_4,double,SAWTOOTH,6309573,134964973,12758184,33771661
dual_pivot_parallel_4,double,SAWTOOTH,7943282,174964351,16923131,42516273
dual_pivot_parallel_4,double,SAWTOOTH,10000000,229180803,22916688,53794927
dual_pivot_parallel_8,int,RANDOM,1000,18081,1331,9669
dual_pivot_parallel_8,int,RANDOM,1259,20555,1749,11574
dual_pivot_parallel_8,int,RANDOM,1585,28593,2348,14530
dual_pivot_parallel_8,int,RANDOM,1995,33942,3390,16439
dual_pivot_parallel_8,int,RANDOM,2512,52774,5067,23162
dual_pivot_parallel_8,int,RANDOM,3162,62575,5557,27332
dual_pivot_parallel_8,int,RANDOM,3981,81288,7461,37048
dual_pivot_parallel_8,int,RANDOM,5012,116934,8613,50330
dual_pivot_parallel_8,int,RANDOM,6310,137249,11734,58760
dual_pivot_parallel_8,int,RANDOM,7943,185684,17592,73448
dual_pivot_parallel_8,int,RANDOM,10000,213653,24654,90232
dual_pivot_parallel_8,int,RANDOM,12589,298021,28654,119963
dual_pivot_parallel_8,int,RANDOM,15849,379310,39078,149919
dual_pivot_parallel_8,int,RANDOM,19953,501658,51755,190814
dual_pivot_parallel_8,int,RANDOM,25119,632679,65545,237154
dual_pivot_parallel_8,int,RANDOM,31623,769496,90792,307437
dual_pivot_parallel_8,int,RANDOM,39811,1069758,110801,383640
dual_pivot_parallel_8,int,RANDOM,50119,1294332,142611,480338
dual_pivot_parallel_8,int,RANDOM,63096,1977862,170081,649787
dual_pivot_parallel_8,int,RANDOM,79433,2265554,244195,826320
dual_pivot_parallel_8,int,RANDOM,100000,2909945,324723,1027936
dual_pivot_parallel_8,int,RANDOM,125893,3622622,409901,1288946
dual_pivot_parallel_8,int,RANDOM,158489,4667274,524930,1635556
dual_pivot_parallel_8,int,RANDOM,199526,6088761,696456,2098670
dual_pivot_parallel_8,int,RANDOM,251189,7709484,915470,2640783
dual_pivot_parallel_8,int,RANDOM,316228,9474040,1241094,3258471
dual_pivot_parallel_8,int,RANDOM,398107,13163011,1455710,4283142
dual_pivot_parallel_8,int,RANDOM,501187,16156114,1883058,5333763
dual_pivot_parallel_8,int,RANDOM,630957,22455378,2435125,6986193
dual_pivot_parallel_8,int,RANDOM,794328,26656260,3214676,8620830
dual_pivot_parallel_8,int,RANDOM,1000000,38573317,3771257,11348041
dual_pivot_parallel_8,int,RANDOM,1258925,44718188,5041529,13846907
dual_pivot_parallel_8,int,RANDOM,1584893,56819882,6616761,17534108
dual_pivot_parallel_8,int,RANDOM,1995262,72159783,8807650,22279335
dual_pivot_parallel_8,int,RANDOM,2511886,95281226,11156957,28584527
dual_pivot_parallel_8,int,RANDOM,3162277,127881535,13858319,36715223
dual_pivot_parallel_8,int,RANDOM,3981071,152134583,17787717,45226135
dual_pivot_parallel_8,int,RANDOM,5011872,205558102,22454408,58517379
dual_pivot_parallel_8,int,RANDOM,6309573,259711221,29118832,73888697
dual_pivot_parallel_8,int,RANDOM,7943282,320603726,38427509,92556139
dual_pivot_parallel_8,int,RANDOM,10000000,410659186,48755565,117154285
dual_pivot_parallel_8,int,NEARLY_SORTED,1000,10696,1475,6515
dual_pivot_parallel_8,int,NEARLY_SORTED,1259,12338,1778,6472
dual_pivot_parallel_8,int,NEARLY_SORTED,1585,17690,2092,8533
dual_pivot_parallel_8,int,NEARLY_SORTED,1995,22572,3206,11541
dual_pivot_parallel_8,int,NEARLY_SORTED,2512,30965,4518,16231
dual_pivot_parallel_8,int,NEARLY_SORTED,3162,41985,6230,22029
dual_pivot_parallel_8,int,NEARLY_SORTED,3981,56082,8635,29047
dual_pivot_parallel_8,int,NEARLY_SORTED,5012,71492,10663,35440
dual_pivot_parallel_8,int,NEARLY_SORTED,6310,91147,12830,43351
dual_pivot_parallel_8,int,NEARLY_SORTED,7943,121512,18498,57370
dual_pivot_parallel_8,int,NEARLY_SORTED,10000,154279,24474,69858
dual_pivot_parallel_8,int,NEARLY_SORTED,12589,206729,33453,91358
dual_pivot_parallel_8,int,NEARLY_SORTED,15849,265153,41986,114811
dual_pivot_parallel_8,int,NEARLY_SORTED,19953,341414,54264,145300
dual_pivot_parallel_8,int,NEARLY_SORTED,25119,454547,67791,191983
dual_pivot_parallel_8,int,NEARLY_SORTED,31623,567416,87632,233395
dual_pivot_parallel_8,int,NEARLY_SORTED,39811,757746,123328,307823
dual_pivot_parallel_8,int,NEARLY_SORTED,50119,971055,158654,386652
dual_pivot_parallel_8,int,NEARLY_SORTED,63096,1289030,211862,495866
dual_pivot_parallel_8,int,NEARLY_SORTED,79433,1659176,274555,644772
dual_pivot_parallel_8,int,NEARLY_SORTED,100000,2095414,348604,795933
dual_pivot_parallel_8,int,NEARLY_SORTED,125893,2782258,447170,1020186
dual_pivot_parallel_8,int,NEARLY_SORTED,158489,3441638,577165,1286674
dual_pivot_parallel_8,int,NEARLY_SORTED,199526,4585169,776954,1648233
dual_pivot_parallel_8,int,NEARLY_SORTED,251189,5858939,965002,2079197
dual_pivot_parallel_8,int,NEARLY_SORTED,316228,7489909,1290369,2651327
dual_pivot_parallel_8,int,NEARLY_SORTED,398107,9698832,1667868,3371226
dual_pivot_parallel_8,int,NEARLY_SORTED,501187,12529997,2172500,4248866
dual_pivot_parallel_8,int,NEARLY_SORTED,630957,15904293,2690293,5350412
dual_pivot_parallel_8,int,NEARLY_SORTED,794328,20674059,3629056,6813110
dual_pivot_parallel_8,int,NEARLY_SORTED,1000000,26610828,4596601,8688819
dual_pivot_parallel_8,int,NEARLY_SORTED,1258925,34116304,5840394,11049332
dual_pivot_parallel_8,int,NEARLY_SORTED,1584893,45744498,7219110,14048450
dual_pivot_parallel_8,int,NEARLY_SORTED,1995262,55979473,9745280,17638789
dual_pivot_parallel_8,int,NEARLY_SORTED,2511886,72295755,12088778,22478386
dual_pivot_parallel_8,int,NEARLY_SORTED,3162277,91555597,15800530,28448476
dual_pivot_parallel_8,int,NEARLY_SORTED,3981071,118902249,19162965,36065670
dual_pivot_parallel_8,int,NEARLY_SORTED,5011872,151582096,26318937,45893641
dual_pivot_parallel_8,int,NEARLY_SORTED,6309573,192752077,33517566,58128373
dual_pivot_parallel_8,int,NEARLY_SORTED,7943282,246221549,42959588,73595583
dual_pivot_parallel_8,int,NEARLY_SORTED,10000000,320034384,55457864,93845874
dual_pivot_parallel_8,int,REVERSE_SORTED,1000,1501,0,1500
dual_pivot_parallel_8,int,REVERSE_SORTED,1259,1889,0,1887
dual_pivot_parallel_8,int,REVERSE_SORTED,1585,2378,0,2376
dual_pivot_parallel_8,int,REVERSE_SORTED,1995,2993,0,2991
dual_pivot_parallel_8,int,REVERSE_SORTED,2512,3769,0,3768
dual_pivot_parallel_8,int,REVERSE_SORTED,3162,4744,0,4743
dual_pivot_parallel_8,int,REVERSE_SORTED,3981,5972,0,5970
dual_pivot_parallel_8,int,REVERSE_SORTED,5012,7519,0,7518
dual_pivot_parallel_8,int,REVERSE_SORTED,6310,9466,0,9465
dual_pivot_parallel_8,int,REVERSE_SORTED,7943,11915,0,11913
dual_pivot_parallel_8,int,REVERSE_SORTED,10000,15001,0,15000
dual_pivot_parallel_8,int,REVERSE_SORTED,12589,18884,0,18882
dual_pivot_parallel_8,int,REVERSE_SORTED,15849,23774,0,23772
dual_pivot_parallel_8,int,REVERSE_SORTED,19953,29930,0,29928
dual_pivot_parallel_8,int,REVERSE_SORTED,25119,37679,0,37677
dual_pivot_parallel_8,int,REVERSE_SORTED,31623,47435,0,47433
dual_pivot_parallel_8,int,REVERSE_SORTED,39811,59717,0,59715
dual_pivot_parallel_8,int,REVERSE_SORTED,50119,75179,0,75177
dual_pivot_parallel_8,int,REVERSE_SORTED,63096,94645,0,94644
dual_pivot_parallel_8,int,REVERSE_SORTED,79433,268088,59592,69476
dual_pivot_parallel_8,int,REVERSE_SORTED,100000,337502,75018,87471
dual_pivot_parallel_8,int,REVERSE_SORTED,125893,424896,94434,110139
dual_pivot_parallel_8,int,REVERSE_SORTED,158489,534902,118884,138650
dual_pivot_parallel_8,int,REVERSE_SORTED,199526,860478,205786,174573
dual_pivot_parallel_8,int,REVERSE_SORTED,251189,1083273,259066,219780
dual_pivot_parallel_8,int,REVERSE_SORTED,316228,1462573,385443,128449
dual_pivot_parallel_8,int,REVERSE_SORTED,398107,1841263,485235,161710
dual_pivot_parallel_8,int,REVERSE_SORTED,501187,2623429,716615,109621
dual_pivot_parallel_8,int,REVERSE_SORTED,630957,3302701,902141,138020
dual_pivot_parallel_8,int,REVERSE_SORTED,794328,4558110,1247443,229617
dual_pivot_parallel_8,int,REVERSE_SORTED,1000000,5738327,1570411,289052
dual_pivot_parallel_8,int,REVERSE_SORTED,1258925,7912640,2235226,68872
dual_pivot_parallel_8,int,REVERSE_SORTED,1584893,9998522,2813968,160974
dual_pivot_parallel_8,int,REVERSE_SORTED,1995262,13665939,3858268,255297
dual_pivot_parallel_8,int,REVERSE_SORTED,2511886,17204345,4857202,321375
dual_pivot_parallel_8,int,REVERSE_SORTED,3162277,22168516,6281572,311967
dual_pivot_parallel_8,int,REVERSE_SORTED,3981071,29483084,8380464,392752
dual_pivot_parallel_8,int,REVERSE_SORTED,5011872,39816630,11402115,265066
dual_pivot_parallel_8,int,REVERSE_SORTED,6309573,50033556,14354307,148818
dual_pivot_parallel_8,int,REVERSE_SORTED,7943282,65155717,18699261,332792
dual_pivot_parallel_8,int,REVERSE_SORTED,10000000,84992605,24430927,418975
dual_pivot_parallel_8,int,MANY_DUPLICATES_10,1000,17485,1673,6688
dual_pivot_parallel_8,int,MANY_DUPLICATES_10,1259,19260,2279,7598
dual_pivot_parallel_8,int,MANY_DUPLICATES_10,1585,26917,3154,12051
dual_pivot_parallel_8,int,MANY_DUPLICATES_10,1995,30034,4447,13668
dual_pivot_parallel_8,int,MANY_DUPLICATES_10,2512,46663,6026,15983
dual_pivot_parallel_8,int,MANY_DUPLICATES_10,3162,56267,6758,20616
dual_pivot_parallel_8,int,MANY_DUPLICATES_10,3981,72338,10112,27749
dual_pivot_parallel_8,int,MANY_DUPLICATES_10,5012,97386,12487,34593
dual_pivot_parallel_8,int,MANY_DUPLICATES_10,6310,126115,16146,45495
dual_pivot_parallel_8,int,MANY_DUPLICATES_10,7943,158175,22588,52740
dual_pivot_parallel_8,int,MANY_DUPLICATES_10,10000,210262,28258,70803
dual_pivot_parallel_8,int,MANY_DUPLICATES_10,12589,261822,34699,89330
dual_pivot_parallel_8,int,MANY_DUPLICATES_10,15849,349876,47860,115716
dual_pivot_parallel_8,int,MANY_DUPLICATES_10,19953,456496,61501,142896
dual_pivot_parallel_8,int,MANY_DUPLICATES_10,25119,581583,75705,189763
dual_pivot_parallel_8,int,MANY_DUPLICATES_10,31623,765884,98672,243303
dual_pivot_parallel_8,int,MANY_DUPLICATES_10,39811,933989,130843,295878
dual_pivot_parallel_8,int,MANY_DUPLICATES_10,50119,1280945,162237,387830
dual_pivot_parallel_8,int,MANY_DUPLICATES_10,63096,1762630,208461,492650
dual_pivot_parallel_8,int,MANY_DUPLICATES_10,79433,2166029,263838,650297
dual_pivot_parallel_8,int,MANY_DUPLICATES_10,100000,2632135,365688,793195
dual_pivot_parallel_8,int,MANY_DUPLICATES_10,125893,3286616,472192,1005373
dual_pivot_parallel_8,int,MANY_DUPLICATES_10,158489,4492928,584247,1310373
dual_pivot_parallel_8,int,MANY_DUPLICATES_10,199526,5639681,821439,1644934
dual_pivot_parallel_8,int,MANY_DUPLICATES_10,251189,7211164,1098072,2083143
dual_pivot_parallel_8,int,MANY_DUPLICATES_10,316228,10566564,1257366,2775446
dual_pivot_parallel_8,int,MANY_DUPLICATES_10,398107,11993813,1709466,3367895
dual_pivot_parallel_8,int,MANY_DUPLICATES_10,501187,15770701,2059326,4288431
dual_pivot_parallel_8,int,MANY_DUPLICATES_10,630957,21420319,2668413,5579573
dual_pivot_parallel_8,int,MANY_DUPLICATES_10,794328,25142524,3566160,6880485
dual_pivot_parallel_8,int,MANY_DUPLICATES_10,1000000,31622111,4850101,8723534
dual_pivot_parallel_8,int,MANY_DUPLICATES_10,1258925,43986060,5581491,11338924
dual_pivot_parallel_8,int,MANY_DUPLICATES_10,1584893,53341257,7346359,14103192
dual_pivot_parallel_8,int,MANY_DUPLICATES_10,1995262,70947013,9028612,18216312
dual_pivot_parallel_8,int,MANY_DUPLICATES_10,2511886,88804790,12590223,23013322
dual_pivot_parallel_8,int,MANY_DUPLICATES_10,3162277,117951794,14729359,29484717
dual_pivot_parallel_8,int,MANY_DUPLICATES_10,3981071,149639141,19568323,37404382
dual_pivot_parallel_8,int,MANY_DUPLICATES_10,5011872,194334175,24921956,47745909
dual_pivot_parallel_8,int,MANY_DUPLICATES_10,6309573,244712433,32563936,60287472
dual_pivot_parallel_8,int,MANY_DUPLICATES_10,7943282,305898424,42999300,75581945
dual_pivot_parallel_8,int,MANY_DUPLICATES_10,10000000,385568872,54595833,94987660
dual_pivot_parallel_8,int,MANY_DUPLICATES_50,1000,19016,1496,8396
dual_pivot_parallel_8,int,MANY_DUPLICATES_50,1259,20228,2033,10920
dual_pivot_parallel_8,int,MANY_DUPLICATES_50,1585,29256,2446,14521
dual_pivot_parallel_8,int,MANY_DUPLICATES_50,1995,33899,3647,16615
dual_pivot_parallel_8,int,MANY_DUPLICATES_50,2512,53059,4398,21981
dual_pivot_parallel_8,int,MANY_DUPLICATES_50,3162,69154,5403,30818
dual_pivot_parallel_8,int,MANY_DUPLICATES_50,3981,79938,8562,33148
dual_pivot_parallel_8,int,MANY_DUPLICATES_50,5012,109923,10106,47584
dual_pivot_parallel_8,int,MANY_DUPLICATES_50,6310,133063,13637,56395
dual_pivot_parallel_8,int,MANY_DUPLICATES_50,7943,180665,18523,73350
dual_pivot_parallel_8,int,MANY_DUPLICATES_50,10000,216672,25624,89812
dual_pivot_parallel_8,int,MANY_DUPLICATES_50,12589,286405,30590,113346
dual_pivot_parallel_8,int,MANY_DUPLICATES_50,15849,380800,41105,147188
dual_pivot_parallel_8,int,MANY_DUPLICATES_50,19953,488648,53570,190540
dual_pivot_parallel_8,int,MANY_DUPLICATES_50,25119,630814,64992,239582
dual_pivot_parallel_8,int,MANY_DUPLICATES_50,31623,793402,88782,297671
dual_pivot_parallel_8,int,MANY_DUPLICATES_50,39811,982447,118199,374529
dual_pivot_parallel_8,int,MANY_DUPLICATES_50,50119,1365820,141740,485987
dual_pivot_parallel_8,int,MANY_DUPLICATES_50,63096,1887476,176301,632872
dual_pivot_parallel_8,int,MANY_DUPLICATES_50,79433,2236246,243172,789213
dual_pivot_parallel_8,int,MANY_DUPLICATES_50,100000,2861498,306841,990701
dual_pivot_parallel_8,int,MANY_DUPLICATES_50,125893,3629309,414763,1266315
dual_pivot_parallel_8,int,MANY_DUPLICATES_50,158489,4861579,522320,1621243
dual_pivot_parallel_8,int,MANY_DUPLICATES_50,199526,6113933,710053,2072077
dual_pivot_parallel_8,int,MANY_DUPLICATES_50,251189,7921321,900773,2613680
dual_pivot_parallel_8,int,MANY_DUPLICATES_50,316228,10178575,1119356,3319541
dual_pivot_parallel_8,int,MANY_DUPLICATES_50,398107,12959483,1478197,4191832
dual_pivot_parallel_8,int,MANY_DUPLICATES_50,501187,17523522,1800737,5420168
dual_pivot_parallel_8,int,MANY_DUPLICATES_50,630957,20814419,2485255,6702604
dual_pivot_parallel_8,int,MANY_DUPLICATES_50,794328,28074004,3110713,8620041
dual_pivot_parallel_8,int,MANY_DUPLICATES_50,1000000,36159965,4004806,10970244
dual_pivot_parallel_8,int,MANY_DUPLICATES_50,1258925,48114624,4901330,14104831
dual_pivot_parallel_8,int,MANY_DUPLICATES_50,1584893,55593161,6838770,17233835
dual_pivot_parallel_8,int,MANY_DUPLICATES_50,1995262,74201086,8545628,22114684
dual_pivot_parallel_8,int,MANY_DUPLICATES_50,2511886,96591168,11230309,28246875
dual_pivot_parallel_8,int,MANY_DUPLICATES_50,3162277,118800842,14364791,35152529
dual_pivot_parallel_8,int,MANY_DUPLICATES_50,3981071,149527706,19045865,44403866
dual_pivot_parallel_8,int,MANY_DUPLICATES_50,5011872,198408780,23015047,57022191
dual_pivot_parallel_8,int,MANY_DUPLICATES_50,6309573,246996894,29615409,71534676
dual_pivot_parallel_8,int,MANY_DUPLICATES_50,7943282,324217657,37693522,91577387
dual_pivot_parallel_8,int,MANY_DUPLICATES_50,10000000,409063793,49091642,115276645
dual_pivot_parallel_8,int,MANY_DUPLICATES_90,1000,16536,1377,8096
dual_pivot_parallel_8,int,MANY_DUPLICATES_90,1259,20657,1795,10835
dual_pivot_parallel_8,int,MANY_DUPLICATES_90,1585,28913,2279,14929
dual_pivot_parallel_8,int,MANY_DUPLICATES_90,1995,34538,3775,15845
dual_pivot_parallel_8,int,MANY_DUPLICATES_90,2512,56932,4102,22650
dual_pivot_parallel_8,int,MANY_DUPLICATES_90,3162,64678,5234,30204
dual_pivot_parallel_8,int,MANY_DUPLICATES_90,3981,81105,7227,36048
dual_pivot_parallel_8,int,MANY_DUPLICATES_90,5012,121581,9132,51013
dual_pivot_parallel_8,int,MANY_DUPLICATES_90,6310,129563,13038,55546
dual_pivot_parallel_8,int,MANY_DUPLICATES_90,7943,176398,18019,74035
dual_pivot_parallel_8,int,MANY_DUPLICATES_90,10000,214515,25530,92458
dual_pivot_parallel_8,int,MANY_DUPLICATES_90,12589,292946,30601,119058
dual_pivot_parallel_8,int,MANY_DUPLICATES_90,15849,385618,37719,154337
dual_pivot_parallel_8,int,MANY_DUPLICATES_90,19953,509704,53740,190074
dual_pivot_parallel_8,int,MANY_DUPLICATES_90,25119,620114,68886,241041
dual_pivot_parallel_8,int,MANY_DUPLICATES_90,31623,802214,84755,306874
dual_pivot_parallel_8,int,MANY_DUPLICATES_90,39811,993074,111748,376219
dual_pivot_parallel_8,int,MANY_DUPLICATES_90,50119,1333644,145975,490467
dual_pivot_parallel_8,int,MANY_DUPLICATES_90,63096,1786373,183516,626118
dual_pivot_parallel_8,int,MANY_DUPLICATES_90,79433,2235317,249005,810471
dual_pivot_parallel_8,int,MANY_DUPLICATES_90,100000,2838172,325618,1027874
dual_pivot_parallel_8,int,MANY_DUPLICATES_90,125893,3746719,476398,1320448
dual_pivot_parallel_8,int,MANY_DUPLICATES_90,158489,4720429,545377,1653126
dual_pivot_parallel_8,int,MANY_DUPLICATES_90,199526,6469081,658616,2138265
dual_pivot_parallel_8,int,MANY_DUPLICATES_90,251189,7679882,897011,2607480
dual_pivot_parallel_8,int,MANY_DUPLICATES_90,316228,10200286,1095539,3349604
dual_pivot_parallel_8,int,MANY_DUPLICATES_90,398107,13379091,1432926,4268195
dual_pivot_parallel_8,int,MANY_DUPLICATES_90,501187,16145287,1957406,5319950
dual_pivot_parallel_8,int,MANY_DUPLICATES_90,630957,22012874,2377042,6944841
dual_pivot_parallel_8,int,MANY_DUPLICATES_90,794328,28033456,3117792,8750355
dual_pivot_parallel_8,int,MANY_DUPLICATES_90,1000000,35556563,4014532,11063832
dual_pivot_parallel_8,int,MANY_DUPLICATES_90,1258925,44125819,5258338,13794641
dual_pivot_parallel_8,int,MANY_DUPLICATES_90,1584893,55416606,7051270,17429971
dual_pivot_parallel_8,int,MANY_DUPLICATES_90,1995262,72742997,8556256,22223600
dual_pivot_parallel_8,int,MANY_DUPLICATES_90,2511886,94644524,10693737,28378825
dual_pivot_parallel_8,int,MANY_DUPLICATES_90,3162277,116366253,14573000,35440584
dual_pivot_parallel_8,int,MANY_DUPLICATES_90,3981071,152735857,18395419,45248904
dual_pivot_parallel_8,int,MANY_DUPLICATES_90,5011872,193003624,23888986,57236809
dual_pivot_parallel_8,int,MANY_DUPLICATES_90,6309573,263194970,29507690,74219477
dual_pivot_parallel_8,int,MANY_DUPLICATES_90,7943282,331718686,36665126,93412887
dual_pivot_parallel_8,int,MANY_DUPLICATES_90,10000000,429219223,48251093,119243647
dual_pivot_parallel_8,int,ORGAN_PIPE,1000,2750,0,2248
dual_pivot_parallel_8,int,ORGAN_PIPE,1259,3463,0,2831
dual_pivot_parallel_8,int,ORGAN_PIPE,1585,4360,0,3566
dual_pivot_parallel_8,int,ORGAN_PIPE,1995,5487,0,4487
dual_pivot_parallel_8,int,ORGAN_PIPE,2512,6908,0,5650
dual_pivot_parallel_8,int,ORGAN_PIPE,3162,8696,0,7114
dual_pivot_parallel_8,int,ORGAN_PIPE,3981,10949,0,8957
dual_pivot_parallel_8,int,ORGAN_PIPE,5012,13783,0,11275
dual_pivot_parallel_8,int,ORGAN_PIPE,6310,17353,0,14197
dual_pivot_parallel_8,int,ORGAN_PIPE,7943,21844,0,17870
dual_pivot_parallel_8,int,ORGAN_PIPE,10000,27500,0,22498
dual_pivot_parallel_8,int,ORGAN_PIPE,12589,34621,0,28325
dual_pivot_parallel_8,int,ORGAN_PIPE,15849,43586,0,35660
dual_pivot_parallel_8,int,ORGAN_PIPE,19953,54872,0,44894
dual_pivot_parallel_8,int,ORGAN_PIPE,25119,69078,0,56516
dual_pivot_parallel_8,int,ORGAN_PIPE,31623,86964,0,71150
dual_pivot_parallel_8,int,ORGAN_PIPE,39811,109481,0,89573
dual_pivot_parallel_8,int,ORGAN_PIPE,50119,137828,0,112766
dual_pivot_parallel_8,int,ORGAN_PIPE,63096,173514,0,141964
dual_pivot_parallel_8,int,ORGAN_PIPE,79433,734482,246187,242391
dual_pivot_parallel_8,int,ORGAN_PIPE,100000,951111,314517,290999
dual_pivot_parallel_8,int,ORGAN_PIPE,125893,1198675,395853,379689
dual_pivot_parallel_8,int,ORGAN_PIPE,158489,1428402,490974,452488
dual_pivot_parallel_8,int,ORGAN_PIPE,199526,1745616,608725,563931
dual_pivot_parallel_8,int,ORGAN_PIPE,251189,2229956,770769,717261
dual_pivot_parallel_8,int,ORGAN_PIPE,316228,3049605,1000993,893751
dual_pivot_parallel_8,int,ORGAN_PIPE,398107,4112454,1279680,1148422
dual_pivot_parallel_8,int,ORGAN_PIPE,501187,5889982,1651310,1492977
dual_pivot_parallel_8,int,ORGAN_PIPE,630957,8417453,2137661,2001592
dual_pivot_parallel_8,int,ORGAN_PIPE,794328,11371369,2788863,2592087
dual_pivot_parallel_8,int,ORGAN_PIPE,1000000,15790511,3543720,3323166
dual_pivot_parallel_8,int,ORGAN_PIPE,1258925,20924938,4525469,4330452
dual_pivot_parallel_8,int,ORGAN_PIPE,1584893,27971155,5891384,5545227
dual_pivot_parallel_8,int,ORGAN_PIPE,1995262,37096075,7582384,6989769
dual_pivot_parallel_8,int,ORGAN_PIPE,2511886,49071068,9646451,8768643
dual_pivot_parallel_8,int,ORGAN_PIPE,3162277,63386556,12502927,10901903
dual_pivot_parallel_8,int,ORGAN_PIPE,3981071,82756195,15797314,13758120
dual_pivot_parallel_8,int,ORGAN_PIPE,5011872,107086637,20210757,17267838
dual_pivot_parallel_8,int,ORGAN_PIPE,6309573,139499853,25997058,21313589
dual_pivot_parallel_8,int,ORGAN_PIPE,7943282,181166200,33433861,27050133
dual_pivot_parallel_8,int,ORGAN_PIPE,10000000,235975605,43105049,34062776
dual_pivot_parallel_8,int,SAWTOOTH,1000,4529,0,3500
dual_pivot_parallel_8,int,SAWTOOTH,1259,5721,0,4545
dual_pivot_parallel_8,int,SAWTOOTH,1585,7178,0,5713
dual_pivot_parallel_8,int,SAWTOOTH,1995,9023,0,7189
dual_pivot_parallel_8,int,SAWTOOTH,2512,11342,0,9046
dual_pivot_parallel_8,int,SAWTOOTH,3162,14267,0,11386
dual_pivot_parallel_8,int,SAWTOOTH,3981,17948,0,14333
dual_pivot_parallel_8,int,SAWTOOTH,5012,22592,0,18046
dual_pivot_parallel_8,int,SAWTOOTH,6310,28424,0,22085
dual_pivot_parallel_8,int,SAWTOOTH,7943,35784,0,28599
dual_pivot_parallel_8,int,SAWTOOTH,10000,45029,0,35000
dual_pivot_parallel_8,int,SAWTOOTH,12589,56706,0,45333
dual_pivot_parallel_8,int,SAWTOOTH,15849,71376,0,57069
dual_pivot_parallel_8,int,SAWTOOTH,19953,89829,0,71835
dual_pivot_parallel_8,int,SAWTOOTH,25119,113091,0,90441
dual_pivot_parallel_8,int,SAWTOOTH,31623,142344,0,113847
dual_pivot_parallel_8,int,SAWTOOTH,39811,179183,0,143321
dual_pivot_parallel_8,int,SAWTOOTH,50119,225591,0,180441
dual_pivot_parallel_8,int,SAWTOOTH,63096,283980,0,227154
dual_pivot_parallel_8,int,SAWTOOTH,79433,571243,13889,373367
dual_pivot_parallel_8,int,SAWTOOTH,100000,971212,51759,486482
dual_pivot_parallel_8,int,SAWTOOTH,125893,1258990,76645,623157
dual_pivot_parallel_8,int,SAWTOOTH,158489,1583461,95772,789129
dual_pivot_parallel_8,int,SAWTOOTH,199526,2146737,144085,1010960
dual_pivot_parallel_8,int,SAWTOOTH,251189,2720460,175874,1278590
dual_pivot_parallel_8,int,SAWTOOTH,316228,3760683,262505,1637038
dual_pivot_parallel_8,int,SAWTOOTH,398107,5326166,419850,2080116
dual_pivot_parallel_8,int,SAWTOOTH,501187,6908439,578232,2629099
dual_pivot_parallel_8,int,SAWTOOTH,630957,8827421,704862,3294960
dual_pivot_parallel_8,int,SAWTOOTH,794328,11569615,1026952,4191431
dual_pivot_parallel_8,int,SAWTOOTH,1000000,15620521,1398762,5219467
dual_pivot_parallel_8,int,SAWTOOTH,1258925,20446525,1966828,6701306
dual_pivot_parallel_8,int,SAWTOOTH,1584893,26693049,2547884,8456617
dual_pivot_parallel_8,int,SAWTOOTH,1995262,37086439,3362328,10778597
dual_pivot_parallel_8,int,SAWTOOTH,2511886,44951144,4607387,13262950
dual_pivot_parallel_8,int,SAWTOOTH,3162277,57086339,6032307,16733942
dual_pivot_parallel_8,int,SAWTOOTH,3981071,80373548,7764303,21011803
dual_pivot_parallel_8,int,SAWTOOTH,5011872,105905088,9944785,26954021
dual_pivot_parallel_8,int,SAWTOOTH,6309573,134964973,12758184,33771671
dual_pivot_parallel_8,int,SAWTOOTH,7943282,174964351,16923131,42516273
dual_pivot_parallel_8,int,SAWTOOTH,10000000,229180803,22916688,53794927
dual_pivot_parallel_8,double,RANDOM,1000,15784,1489,8667
dual_pivot_parallel_8,double,RANDOM,1259,22331,1811,10865
dual_pivot_parallel_8,double,RANDOM,1585,30730,2543,15370
dual_pivot_parallel_8,double,RANDOM,1995,40715,3084,18610
dual_pivot_parallel_8,double,RANDOM,2512,47280,4288,22077
dual_pivot_parallel_8,double,RANDOM,3162,60462,6003,27682
dual_pivot_parallel_8,double,RANDOM,3981,90848,6959,38409
dual_pivot_parallel_8,double,RANDOM,5012,110875,9893,45874
dual_pivot_parallel_8,double,RANDOM,6310,136865,12501,60950
dual_pivot_parallel_8,double,RANDOM,7943,187972,16383,77635
dual_pivot_parallel_8,double,RANDOM,10000,231447,21711,98899
dual_pivot_parallel_8,double,RANDOM,12589,284277,30983,116779
dual_pivot_parallel_8,double,RANDOM,15849,386219,37366,155995
dual_pivot_parallel_8,double,RANDOM,19953,480341,50375,197657
dual_pivot_parallel_8,double,RANDOM,25119,641118,68266,240987
dual_pivot_parallel_8,double,RANDOM,31623,778706,86019,308927
dual_pivot_parallel_8,double,RANDOM,39811,1066640,104788,395824
dual_pivot_parallel_8,double,RANDOM,50119,1407512,140619,497013
dual_pivot_parallel_8,double,RANDOM,63096,1749905,181847,639629
dual_pivot_parallel_8,double,RANDOM,79433,2210591,243056,821838
dual_pivot_parallel_8,double,RANDOM,100000,2912238,295197,1047187
dual_pivot_parallel_8,double,RANDOM,125893,3909887,386970,1348405
dual_pivot_parallel_8,double,RANDOM,158489,4581618,538060,1631622
dual_pivot_parallel_8,double,RANDOM,199526,6249772,662098,2127621
dual_pivot_parallel_8,double,RANDOM,251189,8136968,899823,2684644
dual_pivot_parallel_8,double,RANDOM,316228,10189435,1078113,3406450
dual_pivot_parallel_8,double,RANDOM,398107,13684795,1471905,4381389
dual_pivot_parallel_8,double,RANDOM,501187,18281187,1777450,5661703
dual_pivot_parallel_8,double,RANDOM,630957,21818224,2400346,6971613
dual_pivot_parallel_8,double,RANDOM,794328,28288100,3070150,8897867
dual_pivot_parallel_8,double,RANDOM,1000000,37943577,3771597,11420228
dual_pivot_parallel_8,double,RANDOM,1258925,48207302,4898408,14421491
dual_pivot_parallel_8,double,RANDOM,1584893,59687528,6207197,18090249
dual_pivot_parallel_8,double,RANDOM,1995262,75979944,8328503,22877689
dual_pivot_parallel_8,double,RANDOM,2511886,92871325,10929770,28539398
dual_pivot_parallel_8,double,RANDOM,3162277,127178096,13552731,37031005
dual_pivot_parallel_8,double,RANDOM,3981071,151612188,17794915,45926725
dual_pivot_parallel_8,double,RANDOM,5011872,218599573,22071040,60638237
dual_pivot_parallel_8,double,RANDOM,6309573,255318045,29089987,74495647
dual_pivot_parallel_8,double,RANDOM,7943282,335327837,36788316,94932993
dual_pivot_parallel_8,double,RANDOM,10000000,431587186,47676346,120531872
dual_pivot_parallel_8,double,NEARLY_SORTED,1000,10696,1475,6515
dual_pivot_parallel_8,double,NEARLY_SORTED,1259,12338,1778,6472
dual_pivot_parallel_8,double,NEARLY_SORTED,1585,17690,2092,8533
dual_pivot_parallel_8,double,NEARLY_SORTED,1995,22572,3206,11541
dual_pivot_parallel_8,double,NEARLY_SORTED,2512,30965,4518,16231
dual_pivot_parallel_8,double,NEARLY_SORTED,3162,41985,6230,22029
dual_pivot_parallel_8,double,NEARLY_SORTED,3981,56082,8635,29047
dual_pivot_parallel_8,double,NEARLY_SORTED,5012,71492,10663,35440
dual_pivot_parallel_8,double,NEARLY_SORTED,6310,91147,12830,43351
dual_pivot_parallel_8,double,NEARLY_SORTED,7943,121512,18498,57370
dual_pivot_parallel_8,double,NEARLY_SORTED,10000,154279,24474,69858
dual_pivot_parallel_8,double,NEARLY_SORTED,12589,206729,33453,91358
dual_pivot_parallel_8,double,NEARLY_SORTED,15849,265153,41986,114811
dual_pivot_parallel_8,double,NEARLY_SORTED,19953,341414,54264,145300
dual_pivot_parallel_8,double,NEARLY_SORTED,25119,454547,67791,191983
dual_pivot_parallel_8,double,NEARLY_SORTED,31623,567416,87632,233395
dual_pivot_parallel_8,double,NEARLY_SORTED,39811,757746,123328,307823
dual_pivot_parallel_8,double,NEARLY_SORTED,50119,971055,158654,386652
dual_pivot_parallel_8,double,NEARLY_SORTED,63096,1289030,211862,495866
dual_pivot_parallel_8,double,NEARLY_SORTED,79433,1659176,274555,644772
dual_pivot_parallel_8,double,NEARLY_SORTED,100000,2095414,348604,795933
dual_pivot_parallel_8,double,NEARLY_SORTED,125893,2782258,447170,1020186
dual_pivot_parallel_8,double,NEARLY_SORTED,158489,3441638,577165,1286674
dual_pivot_parallel_8,double,NEARLY_SORTED,199526,4585169,776954,1648233
dual_pivot_parallel_8,double,NEARLY_SORTED,251189,5858939,965002,2079197
dual_pivot_parallel_8,double,NEARLY_SORTED,316228,7489909,1290369,2651327
dual_pivot_parallel_8,double,NEARLY_SORTED,398107,9698832,1667868,3371226
dual_pivot_parallel_8,double,NEARLY_SORTED,501187,12529997,2172500,4248866
dual_pivot_parallel_8,double,NEARLY_SORTED,630957,15904293,2690293,5350412
dual_pivot_parallel_8,double,NEARLY_SORTED,794328,20674059,3629056,6813110
dual_pivot_parallel_8,double,NEARLY_SORTED,1000000,26610828,4596601,8688819
dual_pivot_parallel_8,double,NEARLY_SORTED,1258925,34116304,5840394,11049332
dual_pivot_parallel_8,double,NEARLY_SORTED,1584893,45744498,7219110,14048450
dual_pivot_parallel_8,double,NEARLY_SORTED,1995262,55979473,9745280,17638789
dual_pivot_parallel_8,double,NEARLY_SORTED,2511886,72295755,12088778,22478386
dual_pivot_parallel_8,double,NEARLY_SORTED,3162277,91555597,15800530,28448476
dual_pivot_parallel_8,double,NEARLY_SORTED,3981071,118902249,19162965,36065670
dual_pivot_parallel_8,double,NEARLY_SORTED,5011872,151582096,26318937,45893641
dual_pivot_parallel_8,double,NEARLY_SORTED,6309573,192752077,33517566,58128373
dual_pivot_parallel_8,double,NEARLY_SORTED,7943282,246221549,42959588,73595583
dual_pivot_parallel_8,double,NEARLY_SORTED,10000000,320034384,55457864,93845874
dual_pivot_parallel_8,double,REVERSE_SORTED,1000,1501,0,1500
dual_pivot_parallel_8,double,REVERSE_SORTED,1259,1889,0,1887
dual_pivot_parallel_8,double,REVERSE_SORTED,1585,2378,0,2376
dual_pivot_parallel_8,double,REVERSE_SORTED,1995,2993,0,2991
dual_pivot_parallel_8,double,REVERSE_SORTED,2512,3769,0,3768
dual_pivot_parallel_8,double,REVERSE_SORTED,3162,4744,0,4743
dual_pivot_parallel_8,double,REVERSE_SORTED,3981,5972,0,5970
dual_pivot_parallel_8,double,REVERSE_SORTED,5012,7519,0,7518
dual_pivot_parallel_8,double,REVERSE_SORTED,6310,9466,0,9465
dual_pivot_parallel_8,double,REVERSE_SORTED,7943,11915,0,11913
dual_pivot_parallel_8,double,REVERSE_SORTED,10000,15001,0,15000
dual_pivot_parallel_8,double,REVERSE_SORTED,12589,18884,0,18882
dual_pivot_parallel_8,double,REVERSE_SORTED,15849,23774,0,23772
dual_pivot_parallel_8,double,REVERSE_SORTED,19953,29930,0,29928
dual_pivot_parallel_8,double,REVERSE_SORTED,25119,37679,0,37677
dual_pivot_parallel_8,double,REVERSE_SORTED,31623,47435,0,47433
dual_pivot_parallel_8,double,REVERSE_SORTED,39811,59717,0,59715
dual_pivot_parallel_8,double,REVERSE_SORTED,50119,75179,0,75177
dual_pivot_parallel_8,double,REVERSE_SORTED,63096,94645,0,94644
dual_pivot_parallel_8,double,REVERSE_SORTED,79433,268088,59592,69476
dual_pivot_parallel_8,double,REVERSE_SORTED,100000,337502,75018,87471
dual_pivot_parallel_8,double,REVERSE_SORTED,125893,424896,94434,110139
dual_pivot_parallel_8,double,REVERSE_SORTED,158489,534902,118884,138650
dual_pivot_parallel_8,double,REVERSE_SORTED,199526,860478,205786,174573
dual_pivot_parallel_8,double,REVERSE_SORTED,251189,1083273,259066,219780
dual_pivot_parallel_8,double,REVERSE_SORTED,316228,1462573,385443,128449
dual_pivot_parallel_8,double,REVERSE_SORTED,398107,1841263,485235,161710
dual_pivot_parallel_8,double,REVERSE_SORTED,501187,2623429,716615,109621
dual_pivot_parallel_8,double,REVERSE_SORTED,630957,3302701,902141,138020
dual_pivot_parallel_8,double,REVERSE_SORTED,794328,4558110,1247443,229617
dual_pivot_parallel_8,double,REVERSE_SORTED,1000000,5738327,1570411,289052
dual_pivot_parallel_8,double,REVERSE_SORTED,1258925,7912640,2235226,68872
dual_pivot_parallel_8,double,REVERSE_SORTED,1584893,9998522,2813968,160974
dual_pivot_parallel_8,double,REVERSE_SORTED,1995262,13665939,3858268,255297
dual_pivot_parallel_8,double,REVERSE_SORTED,2511886,17204345,4857202,321375
dual_pivot_parallel_8,double,REVERSE_SORTED,3162277,22168516,6281572,311967
dual_pivot_parallel_8,double,REVERSE_SORTED,3981071,29483084,8380464,392752
dual_pivot_parallel_8,double,REVERSE_SORTED,5011872,39816630,11402115,265066
dual_pivot_parallel_8,double,REVERSE_SORTED,6309573,50033556,14354307,148818
dual_pivot_parallel_8,double,REVERSE_SORTED,7943282,65155717,18699261,332792
dual_pivot_parallel_8,double,REVERSE_SORTED,10000000,84992605,24430927,418975
dual_pivot_parallel_8,double,MANY_DUPLICATES_10,1000,15784,1489,8667
dual_pivot_parallel_8,double,MANY_DUPLICATES_10,1259,22331,1811,10865
dual_pivot_parallel_8,double,MANY_DUPLICATES_10,1585,30730,2543,15370
dual_pivot_parallel_8,double,MANY_DUPLICATES_10,1995,40715,3084,18610
dual_pivot_parallel_8,double,MANY_DUPLICATES_10,2512,47280,4288,22077
dual_pivot_parallel_8,double,MANY_DUPLICATES_10,3162,60462,6003,27682
dual_pivot_parallel_8,double,MANY_DUPLICATES_10,3981,90848,6959,38409
dual_pivot_parallel_8,double,MANY_DUPLICATES_10,5012,110875,9893,45874
dual_pivot_parallel_8,double,MANY_DUPLICATES_10,6310,136865,12501,60950
dual_pivot_parallel_8,double,MANY_DUPLICATES_10,7943,187972,16383,77635
dual_pivot_parallel_8,double,MANY_DUPLICATES_10,10000,231447,21711,98899
dual_pivot_parallel_8,double,MANY_DUPLICATES_10,12589,284277,30983,116779
dual_pivot_parallel_8,double,MANY_DUPLICATES_10,15849,386219,37366,155995
dual_pivot_parallel_8,double,MANY_DUPLICATES_10,19953,480341,50375,197657
dual_pivot_parallel_8,double,MANY_DUPLICATES_10,25119,641118,68266,240987
dual_pivot_parallel_8,double,MANY_DUPLICATES_10,31623,778706,86019,308927
dual_pivot_parallel_8,double,MANY_DUPLICATES_10,39811,1066640,104788,395824
dual_pivot_parallel_8,double,MANY_DUPLICATES_10,50119,1407512,140619,497013
dual_pivot_parallel_8,double,MANY_DUPLICATES_10,63096,1749905,181847,639629
dual_pivot_parallel_8,double,MANY_DUPLICATES_10,79433,2210591,243056,821838
dual_pivot_parallel_8,double,MANY_DUPLICATES_10,100000,2912238,295197,1047187
dual_pivot_parallel_8,double,MANY_DUPLICATES_10,125893,3909887,386970,1348405
dual_pivot_parallel_8,double,MANY_DUPLICATES_10,158489,4581618,538060,1631622
dual_pivot_parallel_8,double,MANY_DUPLICATES_10,199526,6249772,662098,2127621
dual_pivot_parallel_8,double,MANY_DUPLICATES_10,251189,8136968,899823,2684644
dual_pivot_parallel_8,double,MANY_DUPLICATES_10,316228,10189435,1078113,3406450
dual_pivot_parallel_8,double,MANY_DUPLICATES_10,398107,13684795,1471905,4381389
dual_pivot_parallel_8,double,MANY_DUPLICATES_10,501187,18281187,1777450,5661703
dual_pivot_parallel_8,double,MANY_DUPLICATES_10,630957,21818224,2400346,6971613
dual_pivot_parallel_8,double,MANY_DUPLICATES_10,794328,28288100,3070150,8897867
dual_pivot_parallel_8,double,MANY_DUPLICATES_10,1000000,37943577,3771597,11420228
dual_pivot_parallel_8,double,MANY_DUPLICATES_10,1258925,48207302,4898408,14421491
dual_pivot_parallel_8,double,MANY_DUPLICATES_10,1584893,59687528,6207197,18090249
dual_pivot_parallel_8,double,MANY_DUPLICATES_10,1995262,75979944,8328503,22877689
dual_pivot_parallel_8,double,MANY_DUPLICATES_10,2511886,92871325,10929770,28539398
dual_pivot_parallel_8,double,MANY_DUPLICATES_10,3162277,127178096,13552731,37031005
dual_pivot_parallel_8,double,MANY_DUPLICATES_10,3981071,151612188,17794915,45926725
dual_pivot_parallel_8,double,MANY_DUPLICATES_10,5011872,218599573,22071040,60638237
dual_pivot_parallel_8,double,MANY_DUPLICATES_10,6309573,255318045,29089987,74495647
dual_pivot_parallel_8,double,MANY_DUPLICATES_10,7943282,335327837,36788316,94932993
dual_pivot_parallel_8,double,MANY_DUPLICATES_10,10000000,431587186,47676346,120531872
dual_pivot_parallel_8,double,MANY_DUPLICATES_50,1000,15784,1489,8667
dual_pivot_parallel_8,double,MANY_DUPLICATES_50,1259,22331,1811,10865
dual_pivot_parallel_8,double,MANY_DUPLICATES_50,1585,30730,2543,15370
dual_pivot_parallel_8,double,MANY_DUPLICATES_50,1995,40715,3084,18610
dual_pivot_parallel_8,double,MANY_DUPLICATES_50,2512,47280,4288,22077
dual_pivot_parallel_8,double,MANY_DUPLICATES_50,3162,60462,6003,27682
dual_pivot_parallel_8,double,MANY_DUPLICATES_50,3981,90848,6959,38409
dual_pivot_parallel_8,double,MANY_DUPLICATES_50,5012,110875,9893,45874
dual_pivot_parallel_8,double,MANY_DUPLICATES_50,6310,136865,12501,60950
dual_pivot_parallel_8,double,MANY_DUPLICATES_50,7943,187972,16383,77635
dual_pivot_parallel_8,double,MANY_DUPLICATES_50,10000,231447,21711,98899
dual_pivot_parallel_8,double,MANY_DUPLICATES_50,12589,284277,30983,116779
dual_pivot_parallel_8,double,MANY_DUPLICATES_50,15849,386219,37366,155995
dual_pivot_parallel_8,double,MANY_DUPLICATES_50,19953,480341,50375,197657
dual_pivot_parallel_8,double,MANY_DUPLICATES_50,25119,641118,68266,240987
dual_pivot_parallel_8,double,MANY_DUPLICATES_50,31623,778706,86019,308927
dual_pivot_parallel_8,double,MANY_DUPLICATES_50,39811,1066640,104788,395824
dual_pivot_parallel_8,double,MANY_DUPLICATES_50,50119,1407512,140619,497013
dual_pivot_parallel_8,double,MANY_DUPLICATES_50,63096,1749905,181847,639629
dual_pivot_parallel_8,double,MANY_DUPLICATES_50,79433,2210591,243056,821838
dual_pivot_parallel_8,double,MANY_DUPLICATES_50,100000,2912238,295197,1047187
dual_pivot_parallel_8,double,MANY_DUPLICATES_50,125893,3909887,386970,1348405
dual_pivot_parallel_8,double,MANY_DUPLICATES_50,158489,4581618,538060,1631622
dual_pivot_parallel_8,double,MANY_DUPLICATES_50,199526,6249772,662098,2127621
dual_pivot_parallel_8,double,MANY_DUPLICATES_50,251189,8136968,899823,2684644
dual_pivot_parallel_8,double,MANY_DUPLICATES_50,316228,10189435,1078113,3406450
dual_pivot_parallel_8,double,MANY_DUPLICATES_50,398107,13684795,1471905,4381389
dual_pivot_parallel_8,double,MANY_DUPLICATES_50,501187,18281187,1777450,5661703
dual_pivot_parallel_8,double,MANY_DUPLICATES_50,630957,21818224,2400346,6971613
dual_pivot_parallel_8,double,MANY_DUPLICATES_50,794328,28288100,3070150,8897867
dual_pivot_parallel_8,double,MANY_DUPLICATES_50,1000000,37943577,3771597,11420228
dual_pivot_parallel_8,double,MANY_DUPLICATES_50,1258925,48207302,4898408,14421491
dual_pivot_parallel_8,double,MANY_DUPLICATES_50,1584893,59687528,6207197,18090249
dual_pivot_parallel_8,double,MANY_DUPLICATES_50,1995262,75979944,8328503,22877689
dual_pivot_parallel_8,double,MANY_DUPLICATES_50,2511886,92871325,10929770,28539398
dual_pivot_parallel_8,double,MANY_DUPLICATES_50,3162277,127178096,13552731,37031005
dual_pivot_parallel_8,double,MANY_DUPLICATES_50,3981071,151612188,17794915,45926725
dual_pivot_parallel_8,double,MANY_DUPLICATES_50,5011872,218599573,22071040,60638237
dual_pivot_parallel_8,double,MANY_DUPLICATES_50,6309573,255318045,29089987,74495647
dual_pivot_parallel_8,double,MANY_DUPLICATES_50,7943282,335327837,36788316,94932993
dual_pivot_parallel_8,double,MANY_DUPLICATES_50,10000000,431587186,47676346,120531872
dual_pivot_parallel_8,double,MANY_DUPLICATES_90,1000,15784,1489,8667
dual_pivot_parallel_8,double,MANY_DUPLICATES_90,1259,22331,1811,10865
dual_pivot_parallel_8,double,MANY_DUPLICATES_90,1585,30730,2543,15370
dual_pivot_parallel_8,double,MANY_DUPLICATES_90,1995,40715,3084,18610
dual_pivot_parallel_8,double,MANY_DUPLICATES_90,2512,47280,4288,22077
dual_pivot_parallel_8,double,MANY_DUPLICATES_90,3162,60462,6003,27682
dual_pivot_parallel_8,double,MANY_DUPLICATES_90,3981,90848,6959,38409
dual_pivot_parallel_8,double,MANY_DUPLICATES_90,5012,110875,9893,45874
dual_pivot_parallel_8,double,MANY_DUPLICATES_90,6310,136865,12501,60950
dual_pivot_parallel_8,double,MANY_DUPLICATES_90,7943,187972,16383,77635
dual_pivot_parallel_8,double,MANY_DUPLICATES_90,10000,231447,21711,98899
dual_pivot_parallel_8,double,MANY_DUPLICATES_90,12589,284277,30983,116779
dual_pivot_parallel_8,double,MANY_DUPLICATES_90,15849,386219,37366,155995
dual_pivot_parallel_8,double,MANY_DUPLICATES_90,19953,480341,50375,197657
dual_pivot_parallel_8,double,MANY_DUPLICATES_90,25119,641118,68266,240987
dual_pivot_parallel_8,double,MANY_DUPLICATES_90,31623,778706,86019,308927
dual_pivot_parallel_8,double,MANY_DUPLICATES_90,39811,1066640,104788,395824
dual_pivot_parallel_8,double,MANY_DUPLICATES_90,50119,1407512,140619,497013
dual_pivot_parallel_8,double,MANY_DUPLICATES_90,63096,1749905,181847,639629
dual_pivot_parallel_8,double,MANY_DUPLICATES_90,79433,2210591,243056,821838
dual_pivot_parallel_8,double,MANY_DUPLICATES_90,100000,2912238,295197,1047187
dual_pivot_parallel_8,double,MANY_DUPLICATES_90,125893,3909887,386970,1348405
dual_pivot_parallel_8,double,MANY_DUPLICATES_90,158489,4581618,538060,1631622
dual_pivot_parallel_8,double,MANY_DUPLICATES_90,199526,6249772,662098,2127621
dual_pivot_parallel_8,double,MANY_DUPLICATES_90,251189,8136968,899823,2684644
dual_pivot_parallel_8,double,MANY_DUPLICATES_90,316228,10189435,1078113,3406450
dual_pivot_parallel_8,double,MANY_DUPLICATES_90,398107,13684795,1471905,4381389
dual_pivot_parallel_8,double,MANY_DUPLICATES_90,501187,18281187,1777450,5661703
dual_pivot_parallel_8,double,MANY_DUPLICATES_90,630957,21818224,2400346,6971613
dual_pivot_parallel_8,double,MANY_DUPLICATES_90,794328,28288100,3070150,8897867
dual_pivot_parallel_8,double,MANY_DUPLICATES_90,1000000,37943577,3771597,11420228
dual_pivot_parallel_8,double,MANY_DUPLICATES_90,1258925,48207302,4898408,14421491
dual_pivot_parallel_8,double,MANY_DUPLICATES_90,1584893,59687528,6207197,18090249
dual_pivot_parallel_8,double,MANY_DUPLICATES_90,1995262,75979944,8328503,22877689
dual_pivot_parallel_8,double,MANY_DUPLICATES_90,2511886,92871325,10929770,28539398
dual_pivot_parallel_8,double,MANY_DUPLICATES_90,3162277,127178096,13552731,37031005
dual_pivot_parallel_8,double,MANY_DUPLICATES_90,3981071,151612188,17794915,45926725
dual_pivot_parallel_8,double,MANY_DUPLICATES_90,5011872,218599573,22071040,60638237
dual_pivot_parallel_8,double,MANY_DUPLICATES_90,6309573,255318045,29089987,74495647
dual_pivot_parallel_8,double,MANY_DUPLICATES_90,7943282,335327837,36788316,94932993
dual_pivot_parallel_8,double,MANY_DUPLICATES_90,10000000,431587186,47676346,120531872
dual_pivot_parallel_8,double,ORGAN_PIPE,1000,2750,0,2248
dual_pivot_parallel_8,double,ORGAN_PIPE,1259,3463,0,2831
dual_pivot_parallel_8,double,ORGAN_PIPE,1585,4360,0,3566
dual_pivot_parallel_8,double,ORGAN_PIPE,1995,5487,0,4487
dual_pivot_parallel_8,double,ORGAN_PIPE,2512,6908,0,5650
dual_pivot_parallel_8,double,ORGAN_PIPE,3162,8696,0,7114
dual_pivot_parallel_8,double,ORGAN_PIPE,3981,10949,0,8957
dual_pivot_parallel_8,double,ORGAN_PIPE,5012,13783,0,11275
dual_pivot_parallel_8,double,ORGAN_PIPE,6310,17353,0,14197
dual_pivot_parallel_8,double,ORGAN_PIPE,7943,21844,0,17870
dual_pivot_parallel_8,double,ORGAN_PIPE,10000,27500,0,22498
dual_pivot_parallel_8,double,ORGAN_PIPE,12589,34621,0,28325
dual_pivot_parallel_8,double,ORGAN_PIPE,15849,43586,0,35660
dual_pivot_parallel_8,double,ORGAN_PIPE,19953,54872,0,44894
dual_pivot_parallel_8,double,ORGAN_PIPE,25119,69078,0,56516
dual_pivot_parallel_8,double,ORGAN_PIPE,31623,86964,0,71150
dual_pivot_parallel_8,double,ORGAN_PIPE,39811,109481,0,89573
dual_pivot_parallel_8,double,ORGAN_PIPE,50119,137828,0,112766
dual_pivot_parallel_8,double,ORGAN_PIPE,63096,173514,0,141964
dual_pivot_parallel_8,double,ORGAN_PIPE,79433,734482,246187,242391
dual_pivot_parallel_8,double,ORGAN_PIPE,100000,951111,314517,290999
dual_pivot_parallel_8,double,ORGAN_PIPE,125893,1198675,395853,379689
dual_pivot_parallel_8,double,ORGAN_PIPE,158489,1428402,490974,452488
dual_pivot_parallel_8,double,ORGAN_PIPE,199526,1745616,608725,563931
dual_pivot_parallel_8,double,ORGAN_PIPE,251189,2229956,770769,717261
dual_pivot_parallel_8,double,ORGAN_PIPE,316228,3049605,1000993,893751
dual_pivot_parallel_8,double,ORGAN_PIPE,398107,4112454,1279680,1148422
dual_pivot_parallel_8,double,ORGAN_PIPE,501187,5889982,1651310,1492977
dual_pivot_parallel_8,double,ORGAN_PIPE,630957,8417453,2137661,2001592
dual_pivot_parallel_8,double,ORGAN_PIPE,794328,11371369,2788863,2592087
dual_pivot_parallel_8,double,ORGAN_PIPE,1000000,15790511,3543720,3323166
dual_pivot_parallel_8,double,ORGAN_PIPE,1258925,20924938,4525469,4330452
dual_pivot_parallel_8,double,ORGAN_PIPE,1584893,27971155,5891384,5545227
dual_pivot_parallel_8,double,ORGAN_PIPE,1995262,37096075,7582384,6989769
dual_pivot_parallel_8,double,ORGAN_PIPE,2511886,49071068,9646451,8768643
dual_pivot_parallel_8,double,ORGAN_PIPE,3162277,63386556,12502927,10901903
dual_pivot_parallel_8,double,ORGAN_PIPE,3981071,82756195,15797314,13758120
dual_pivot_parallel_8,double,ORGAN_PIPE,5011872,107086637,20210757,17267838
dual_pivot_parallel_8,double,ORGAN_PIPE,6309573,139499853,25997058,21313589
dual_pivot_parallel_8,double,ORGAN_PIPE,7943282,181166200,33433861,27050133
dual_pivot_parallel_8,double,ORGAN_PIPE,10000000,235975605,43105049,34062776
dual_pivot_parallel_8,double,SAWTOOTH,1000,4529,0,3500
dual_pivot_parallel_8,double,SAWTOOTH,1259,5721,0,4545
dual_pivot_parallel_8,double,SAWTOOTH,1585,7178,0,5713
dual_pivot_parallel_8,double,SAWTOOTH,1995,9023,0,7189
dual_pivot_parallel_8,double,SAWTOOTH,2512,11342,0,9046
dual_pivot_parallel_8,double,SAWTOOTH,3162,14267,0,11386
dual_pivot_parallel_8,double,SAWTOOTH,3981,17948,0,14333
dual_pivot_parallel_8,double,SAWTOOTH,5012,22592,0,18046
dual_pivot_parallel_8,double,SAWTOOTH,6310,28424,0,22085
dual_pivot_parallel_8,double,SAWTOOTH,7943,35784,0,28599
dual_pivot_parallel_8,double,SAWTOOTH,10000,45029,0,35000
dual_pivot_parallel_8,double,SAWTOOTH,12589,56706,0,45333
dual_pivot_parallel_8,double,SAWTOOTH,15849,71376,0,57069
dual_pivot_parallel_8,double,SAWTOOTH,19953,89829,0,71835
dual_pivot_parallel_8,double,SAWTOOTH,25119,113091,0,90441
dual_pivot_parallel_8,double,SAWTOOTH,31623,142344,0,113847
dual_pivot_parallel_8,double,SAWTOOTH,39811,179183,0,143321
dual_pivot_parallel_8,double,SAWTOOTH,50119,225591,0,180441
dual_pivot_parallel_8,double,SAWTOOTH,63096,283980,0,227154
dual_pivot_parallel_8,double,SAWTOOTH,79433,571243,13889,373367
dual_pivot_parallel_8,double,SAWTOOTH,100000,971212,51759,486482
dual_pivot_parallel_8,double,SAWTOOTH,125893,1258990,76645,623157
dual_pivot_parallel_8,double,SAWTOOTH,158489,1583461,95772,789129
dual_pivot_parallel_8,double,SAWTOOTH,199526,2146737,144085,1010960
dual_pivot_parallel_8,double,SAWTOOTH,251189,2720460,175874,1278590
dual_pivot_parallel_8,double,SAWTOOTH,316228,3760683,262505,1637038
dual_pivot_parallel_8,double,SAWTOOTH,398107,5326166,419850,2080116
dual_pivot_parallel_8,double,SAWTOOTH,501187,6908439,578232,2629099
dual_pivot_parallel_8,double,SAWTOOTH,630957,8827421,704862,3294960
dual_pivot_parallel_8,double,SAWTOOTH,794328,11569615,1026952,4191431
dual_pivot_parallel_8,double,SAWTOOTH,1000000,15620521,1398762,5219467
dual_pivot_parallel_8,double,SAWTOOTH,1258925,20446525,1966828,6701306
dual_pivot_parallel_8,double,SAWTOOTH,1584893,26693049,2547884,8456617
dual_pivot_parallel_8,double,SAWTOOTH,1995262,37086439,3362328,10778597
dual_pivot_parallel_8,double,SAWTOOTH,2511886,44951144,4607387,13262950
dual_pivot_parallel_8,double,SAWTOOTH,3162277,57086339,6032307,16733942
dual_pivot_parallel_8,double,SAWTOOTH,3981071,80373548,7764303,21011803
dual_pivot_parallel_8,double,SAWTOOTH,5011872,105905088,9944785,26954021
dual_pivot_parallel_8,double,SAWTOOTH,6309573,134964973,12758184,33771671
dual_pivot_parallel_8,double,SAWTOOTH,7943282,174964351,16923131,42516273
dual_pivot_parallel_8,double,SAWTOOTH,10000000,229180803,22916688,53794927
dual_pivot_parallel_16,int,RANDOM,1000,18081,1331,9669
dual_pivot_parallel_16,int,RANDOM,1259,20555,1749,11574
dual_pivot_parallel_16,int,RANDOM,1585,28593,2348,14530
dual_pivot_parallel_16,int,RANDOM,1995,33942,3390,16439
dual_pivot_parallel_16,int,RANDOM,2512,52774,5067,23162
dual_pivot_parallel_16,int,RANDOM,3162,62575,5557,27332
dual_pivot_parallel_16,int,RANDOM,3981,81288,7461,37048
dual_pivot_parallel_16,int,RANDOM,5012,116934,8613,50330
dual_pivot_parallel_16,int,RANDOM,6310,137249,11734,58760
dual_pivot_parallel_16,int,RANDOM,7943,185684,17592,73448
dual_pivot_parallel_16,int,RANDOM,10000,213653,24654,90232
dual_pivot_parallel_16,int,RANDOM,12589,298021,28654,119963
dual_pivot_parallel_16,int,RANDOM,15849,379310,39078,149919
dual_pivot_parallel_16,int,RANDOM,19953,501658,51755,190814
dual_pivot_parallel_16,int,RANDOM,25119,632679,65545,237154
dual_pivot_parallel_16,int,RANDOM,31623,769496,90792,307437
dual_pivot_parallel_16,int,RANDOM,39811,1069758,110801,383640
dual_pivot_parallel_16,int,RANDOM,50119,1294332,142611,480338
dual_pivot_parallel_16,int,RANDOM,63096,1977862,170081,649787
dual_pivot_parallel_16,int,RANDOM,79433,2269244,243695,832178
dual_pivot_parallel_16,int,RANDOM,100000,2920666,323695,1043487
dual_pivot_parallel_16,int,RANDOM,125893,3632149,408798,1303407
dual_pivot_parallel_16,int,RANDOM,158489,4680931,523549,1654665
dual_pivot_parallel_16,int,RANDOM,199526,6102836,695392,2118413
dual_pivot_parallel_16,int,RANDOM,251189,7731944,912998,2672797
dual_pivot_parallel_16,int,RANDOM,316228,9489856,1239101,3283491
dual_pivot_parallel_16,int,RANDOM,398107,13195323,1452742,4331306
dual_pivot_parallel_16,int,RANDOM,501187,16186486,1879710,5379550
dual_pivot_parallel_16,int,RANDOM,630957,22504135,2430579,7056553
dual_pivot_parallel_16,int,RANDOM,794328,26711358,3209634,8699376
dual_pivot_parallel_16,int,RANDOM,1000000,38640642,3765785,11442639
dual_pivot_parallel_16,int,RANDOM,1258925,44824093,5032182,13995905
dual_pivot_parallel_16,int,RANDOM,1584893,56950323,6605006,17721479
dual_pivot_parallel_16,int,RANDOM,1995262,72292949,8795668,22469670
dual_pivot_parallel_16,int,RANDOM,2511886,95518974,11138454,28914304
dual_pivot_parallel_16,int,RANDOM,3162277,128141772,13839073,37069061
dual_pivot_parallel_16,int,RANDOM,3981071,152475395,17760536,45693232
dual_pivot_parallel_16,int,RANDOM,5011872,205974789,22421440,59093778
dual_pivot_parallel_16,int,RANDOM,6309573,260251015,29075979,74633733
dual_pivot_parallel_16,int,RANDOM,7943282,321220546,38381486,93400368
dual_pivot_parallel_16,int,RANDOM,10000000,411535007,48690252,118351707
dual_pivot_parallel_16,int,NEARLY_SORTED,1000,10696,1475,6515
dual_pivot_parallel_16,int,NEARLY_SORTED,1259,12338,1778,6472
dual_pivot_parallel_16,int,NEARLY_SORTED,1585,17690,2092,8533
dual_pivot_parallel_16,int,NEARLY_SORTED,1995,22572,3206,11541
dual_pivot_parallel_16,int,NEARLY_SORTED,2512,30965,4518,16231
dual_pivot_parallel_16,int,NEARLY_SORTED,3162,41985,6230,22029
dual_pivot_parallel_16,int,NEARLY_SORTED,3981,56082,8635,29047
dual_pivot_parallel_16,int,NEARLY_SORTED,5012,71492,10663,35440
dual_pivot_parallel_16,int,NEARLY_SORTED,6310,91147,12830,43351
dual_pivot_parallel_16,int,NEARLY_SORTED,7943,121512,18498,57370
dual_pivot_parallel_16,int,NEARLY_SORTED,10000,154279,24474,69858
dual_pivot_parallel_16,int,NEARLY_SORTED,12589,206729,33453,91358
dual_pivot_parallel_16,int,NEARLY_SORTED,15849,265153,41986,114811
dual_pivot_parallel_16,int,NEARLY_SORTED,19953,341414,54264,145300
dual_pivot_parallel_16,int,NEARLY_SORTED,25119,454547,67791,191983
dual_pivot_parallel_16,int,NEARLY_SORTED,31623,567416,87632,233395
dual_pivot_parallel_16,int,NEARLY_SORTED,39811,757746,123328,307823
dual_pivot_parallel_16,int,NEARLY_SORTED,50119,971055,158654,386652
dual_pivot_parallel_16,int,NEARLY_SORTED,63096,1289030,211862,495866
dual_pivot_parallel_16,int,NEARLY_SORTED,79433,1661214,274230,648430
dual_pivot_parallel_16,int,NEARLY_SORTED,100000,2097193,347558,800300
dual_pivot_parallel_16,int,NEARLY_SORTED,125893,2785835,446529,1026033
dual_pivot_parallel_16,int,NEARLY_SORTED,158489,3445767,576549,1293427
dual_pivot_parallel_16,int,NEARLY_SORTED,199526,4593004,775998,1660351
dual_pivot_parallel_16,int,NEARLY_SORTED,251189,5870762,963149,2098505
dual_pivot_parallel_16,int,NEARLY_SORTED,316228,7502642,1288093,2672443
dual_pivot_parallel_16,int,NEARLY_SORTED,398107,9713241,1665363,3395794
dual_pivot_parallel_16,int,NEARLY_SORTED,501187,12562065,2168315,4298623
dual_pivot_parallel_16,int,NEARLY_SORTED,630957,15922413,2687870,5378069
dual_pivot_parallel_16,int,NEARLY_SORTED,794328,20709896,3624332,6868214
dual_pivot_parallel_16,int,NEARLY_SORTED,1000000,26648759,4591179,8748213
dual_pivot_parallel_16,int,NEARLY_SORTED,1258925,34171649,5831771,11134150
dual_pivot_parallel_16,int,NEARLY_SORTED,1584893,45853962,7205007,14210619
dual_pivot_parallel_16,int,NEARLY_SORTED,1995262,56085580,9732237,17794171
dual_pivot_parallel_16,int,NEARLY_SORTED,2511886,72392290,12074819,22627496
dual_pivot_parallel_16,int,NEARLY_SORTED,3162277,91689423,15782204,28656456
dual_pivot_parallel_16,int,NEARLY_SORTED,3981071,119119475,19136116,36392994
dual_pivot_parallel_16,int,NEARLY_SORTED,5011872,151824096,26289862,46251040
dual_pivot_parallel_16,int,NEARLY_SORTED,6309573,193035901,33480565,58552429
dual_pivot_parallel_16,int,NEARLY_SORTED,7943282,246599872,42915465,74153852
dual_pivot_parallel_16,int,NEARLY_SORTED,10000000,320516820,55399142,94554109
dual_pivot_parallel_16,int,REVERSE_SORTED,1000,1501,0,1500
dual_pivot_parallel_16,int,REVERSE_SORTED,1259,1889,0,1887
dual_pivot_parallel_16,int,REVERSE_SORTED,1585,2378,0,2376
dual_pivot_parallel_16,int,REVERSE_SORTED,1995,2993,0,2991
dual_pivot_parallel_16,int,REVERSE_SORTED,2512,3769,0,3768
dual_pivot_parallel_16,int,REVERSE_SORTED,3162,4744,0,4743
dual_pivot_parallel_16,int,REVERSE_SORTED,3981,5972,0,5970
dual_pivot_parallel_16,int,REVERSE_SORTED,5012,7519,0,7518
dual_pivot_parallel_16,int,REVERSE_SORTED,6310,9466,0,9465
dual_pivot_parallel_16,int,REVERSE_SORTED,7943,11915,0,11913
dual_pivot_parallel_16,int,REVERSE_SORTED,10000,15001,0,15000
dual_pivot_parallel_16,int,REVERSE_SORTED,12589,18884,0,18882
dual_pivot_parallel_16,int,REVERSE_SORTED,15849,23774,0,23772
dual_pivot_parallel_16,int,REVERSE_SORTED,19953,29930,0,29928
dual_pivot_parallel_16,int,REVERSE_SORTED,25119,37679,0,37677
dual_pivot_parallel_16,int,REVERSE_SORTED,31623,47435,0,47433
dual_pivot_parallel_16,int,REVERSE_SORTED,39811,59717,0,59715
dual_pivot_parallel_16,int,REVERSE_SORTED,50119,75179,0,75177
dual_pivot_parallel_16,int,REVERSE_SORTED,63096,94645,0,94644
dual_pivot_parallel_16,int,REVERSE_SORTED,79433,268088,59592,69476
dual_pivot_parallel_16,int,REVERSE_SORTED,100000,337502,75018,87471
dual_pivot_parallel_16,int,REVERSE_SORTED,125893,424896,94434,110139
dual_pivot_parallel_16,int,REVERSE_SORTED,158489,534902,118884,138650
dual_pivot_parallel_16,int,REVERSE_SORTED,199526,860478,205786,174573
dual_pivot_parallel_16,int,REVERSE_SORTED,251189,1083273,259066,219780
dual_pivot_parallel_16,int,REVERSE_SORTED,316228,1462573,385443,128449
dual_pivot_parallel_16,int,REVERSE_SORTED,398107,1841263,485235,161710
dual_pivot_parallel_16,int,REVERSE_SORTED,501187,2623429,716615,109621
dual_pivot_parallel_16,int,REVERSE_SORTED,630957,3302701,902141,138020
dual_pivot_parallel_16,int,REVERSE_SORTED,794328,4558110,1247443,229617
dual_pivot_parallel_16,int,REVERSE_SORTED,1000000,5738327,1570411,289052
dual_pivot_parallel_16,int,REVERSE_SORTED,1258925,7912640,2235226,68872
dual_pivot_parallel_16,int,REVERSE_SORTED,1584893,9998522,2813968,160974
dual_pivot_parallel_16,int,REVERSE_SORTED,1995262,13665939,3858268,255297
dual_pivot_parallel_16,int,REVERSE_SORTED,2511886,17204345,4857202,321375
dual_pivot_parallel_16,int,REVERSE_SORTED,3162277,22168516,6281572,311967
dual_pivot_parallel_16,int,REVERSE_SORTED,3981071,29483084,8380464,392752
dual_pivot_parallel_16,int,REVERSE_SORTED,5011872,39816630,11402115,265066
dual_pivot_parallel_16,int,REVERSE_SORTED,6309573,50033556,14354307,148818
dual_pivot_parallel_16,int,REVERSE_SORTED,7943282,65155717,18699261,332792
dual_pivot_parallel_16,int,REVERSE_SORTED,10000000,84992605,24430927,418975
dual_pivot_parallel_16,int,MANY_DUPLICATES_10,1000,17485,1673,6688
dual_pivot_parallel_16,int,MANY_DUPLICATES_10,1259,19260,2279,7598
dual_pivot_parallel_16,int,MANY_DUPLICATES_10,1585,26917,3154,12051
dual_pivot_parallel_16,int,MANY_DUPLICATES_10,1995,30034,4447,13668
dual_pivot_parallel_16,int,MANY_DUPLICATES_10,2512,46663,6026,15983
dual_pivot_parallel_16,int,MANY_DUPLICATES_10,3162,56267,6758,20616
dual_pivot_parallel_16,int,MANY_DUPLICATES_10,3981,72338,10112,27749
dual_pivot_parallel_16,int,MANY_DUPLICATES_10,5012,97386,12487,34593
dual_pivot_parallel_16,int,MANY_DUPLICATES_10,6310,126115,16146,45495
dual_pivot_parallel_16,int,MANY_DUPLICATES_10,7943,158175,22588,52740
dual_pivot_parallel_16,int,MANY_DUPLICATES_10,10000,210262,28258,70803
dual_pivot_parallel_16,int,MANY_DUPLICATES_10,12589,261822,34699,89330
dual_pivot_parallel_16,int,MANY_DUPLICATES_10,15849,349876,47860,115716
dual_pivot_parallel_16,int,MANY_DUPLICATES_10,19953,456496,61501,142896
dual_pivot_parallel_16,int,MANY_DUPLICATES_10,25119,581583,75705,189763
dual_pivot_parallel_16,int,MANY_DUPLICATES_10,31623,765884,98672,243303
dual_pivot_parallel_16,int,MANY_DUPLICATES_10,39811,933989,130843,295878
dual_pivot_parallel_16,int,MANY_DUPLICATES_10,50119,1280945,162237,387830
dual_pivot_parallel_16,int,MANY_DUPLICATES_10,63096,1762630,208461,492650
dual_pivot_parallel_16,int,MANY_DUPLICATES_10,79433,2169114,263040,655380
dual_pivot_parallel_16,int,MANY_DUPLICATES_10,100000,2640085,364082,805234
dual_pivot_parallel_16,int,MANY_DUPLICATES_10,125893,3295357,470680,1018503
dual_pivot_parallel_16,int,MANY_DUPLICATES_10,158489,4503817,582519,1326596
dual_pivot_parallel_16,int,MANY_DUPLICATES_10,199526,5652743,819612,1663629
dual_pivot_parallel_16,int,MANY_DUPLICATES_10,251189,7234450,1094955,2117103
dual_pivot_parallel_16,int,MANY_DUPLICATES_10,316228,10595899,1253463,2817277
dual_pivot_parallel_16,int,MANY_DUPLICATES_10,398107,12032119,1704767,3421624
dual_pivot_parallel_16,int,MANY_DUPLICATES_10,501187,15824223,2052704,4363363
dual_pivot_parallel_16,int,MANY_DUPLICATES_10,630957,21491727,2660297,5678098
dual_pivot_parallel_16,int,MANY_DUPLICATES_10,794328,25207339,3557486,6972409
dual_pivot_parallel_16,int,MANY_DUPLICATES_10,1000000,31713267,4838971,8851799
dual_pivot_parallel_16,int,MANY_DUPLICATES_10,1258925,44086607,5568473,11482120
dual_pivot_parallel_16,int,MANY_DUPLICATES_10,1584893,53466900,7330792,14276365
dual_pivot_parallel_16,int,MANY_DUPLICATES_10,1995262,71120193,9008422,18454754
dual_pivot_parallel_16,int,MANY_DUPLICATES_10,2511886,89037367,12563776,23329933
dual_pivot_parallel_16,int,MANY_DUPLICATES_10,3162277,118273775,14693711,29922603
dual_pivot_parallel_16,int,MANY_DUPLICATES_10,3981071,150016741,19525308,37921364
dual_pivot_parallel_16,int,MANY_DUPLICATES_10,5011872,194802493,24869767,48383366
dual_pivot_parallel_16,int,MANY_DUPLICATES_10,6309573,245290676,32498888,61079776
dual_pivot_parallel_16,int,MANY_DUPLICATES_10,7943282,306581298,42923544,76511813
dual_pivot_parallel_16,int,MANY_DUPLICATES_10,10000000,386341603,54511806,96034443
dual_pivot_parallel_16,int,MANY_DUPLICATES_50,1000,19016,1496,8396
dual_pivot_parallel_16,int,MANY_DUPLICATES_50,1259,20228,2033,10920
dual_pivot_parallel_16,int,MANY_DUPLICATES_50,1585,29256,2446,14521
dual_pivot_parallel_16,int,MANY_DUPLICATES_50,1995,33899,3647,16615
dual_pivot_parallel_16,int,MANY_DUPLICATES_50,2512,53059,4398,21981
dual_pivot_parallel_16,int,MANY_DUPLICATES_50,3162,69154,5403,30818
dual_pivot_parallel_16,int,MANY_DUPLICATES_50,3981,79938,8562,33148
dual_pivot_parallel_16,int,MANY_DUPLICATES_50,5012,109923,10106,47584
dual_pivot_parallel_16,int,MANY_DUPLICATES_50,6310,133063,13637,56395
dual_pivot_parallel_16,int,MANY_DUPLICATES_50,7943,180665,18523,73350
dual_pivot_parallel_16,int,MANY_DUPLICATES_50,10000,216672,25624,89812
dual_pivot_parallel_16,int,MANY_DUPLICATES_50,12589,286405,30590,113346
dual_pivot_parallel_16,int,MANY_DUPLICATES_50,15849,380800,41105,147188
dual_pivot_parallel_16,int,MANY_DUPLICATES_50,19953,488648,53570,190540
dual_pivot_parallel_16,int,MANY_DUPLICATES_50,25119,630814,64992,239582
dual_pivot_parallel_16,int,MANY_DUPLICATES_50,31623,793402,88782,297671
dual_pivot_parallel_16,int,MANY_DUPLICATES_50,39811,982447,118199,374529
dual_pivot_parallel_16,int,MANY_DUPLICATES_50,50119,1365820,141740,485987
dual_pivot_parallel_16,int,MANY_DUPLICATES_50,63096,1887476,176301,632872
dual_pivot_parallel_16,int,MANY_DUPLICATES_50,79433,2241808,242586,797295
dual_pivot_parallel_16,int,MANY_DUPLICATES_50,100000,2866856,306239,998690
dual_pivot_parallel_16,int,MANY_DUPLICATES_50,125893,3637127,413793,1278279
dual_pivot_parallel_16,int,MANY_DUPLICATES_50,158489,4873883,520924,1639820
dual_pivot_parallel_16,int,MANY_DUPLICATES_50,199526,6132794,708033,2098995
dual_pivot_parallel_16,int,MANY_DUPLICATES_50,251189,7940956,898782,2642517
dual_pivot_parallel_16,int,MANY_DUPLICATES_50,316228,10202385,1116622,3354545
dual_pivot_parallel_16,int,MANY_DUPLICATES_50,398107,12979830,1476186,4222669
dual_pivot_parallel_16,int,MANY_DUPLICATES_50,501187,17576385,1796200,5493045
dual_pivot_parallel_16,int,MANY_DUPLICATES_50,630957,20867961,2479897,6781553
dual_pivot_parallel_16,int,MANY_DUPLICATES_50,794328,28134585,3104464,8708243
dual_pivot_parallel_16,int,MANY_DUPLICATES_50,1000000,36245156,3998317,11087557
dual_pivot_parallel_16,int,MANY_DUPLICATES_50,1258925,48217201,4892432,14250307
dual_pivot_parallel_16,int,MANY_DUPLICATES_50,1584893,55701695,6826644,17394058
dual_pivot_parallel_16,int,MANY_DUPLICATES_50,1995262,74337320,8532829,22308780
dual_pivot_parallel_16,int,MANY_DUPLICATES_50,2511886,96826732,11210774,28578041
dual_pivot_parallel_16,int,MANY_DUPLICATES_50,3162277,119051052,14341779,35504050
dual_pivot_parallel_16,int,MANY_DUPLICATES_50,3981071,149865414,19015740,44878794
dual_pivot_parallel_16,int,MANY_DUPLICATES_50,5011872,198788087,22982227,57549836
dual_pivot_parallel_16,int,MANY_DUPLICATES_50,6309573,247464775,29574892,72190756
dual_pivot_parallel_16,int,MANY_DUPLICATES_50,7943282,324936432,37635569,92557705
dual_pivot_parallel_16,int,MANY_DUPLICATES_50,10000000,409756857,49031356,116236759
dual_pivot_parallel_16,int,MANY_DUPLICATES_90,1000,16536,1377,8096
dual_pivot_parallel_16,int,MANY_DUPLICATES_90,1259,20657,1795,10835
dual_pivot_parallel_16,int,MANY_DUPLICATES_90,1585,28913,2279,14929
dual_pivot_parallel_16,int,MANY_DUPLICATES_90,1995,34538,3775,15845
dual_pivot_parallel_16,int,MANY_DUPLICATES_90,2512,56932,4102,22650
dual_pivot_parallel_16,int,MANY_DUPLICATES_90,3162,64678,5234,30204
dual_pivot_parallel_16,int,MANY_DUPLICATES_90,3981,81105,7227,36048
dual_pivot_parallel_16,int,MANY_DUPLICATES_90,5012,121581,9132,51013
dual_pivot_parallel_16,int,MANY_DUPLICATES_90,6310,129563,13038,55546
dual_pivot_parallel_16,int,MANY_DUPLICATES_90,7943,176398,18019,74035
dual_pivot_parallel_16,int,MANY_DUPLICATES_90,10000,214515,25530,92458
dual_pivot_parallel_16,int,MANY_DUPLICATES_90,12589,292946,30601,119058
dual_pivot_parallel_16,int,MANY_DUPLICATES_90,15849,385618,37719,154337
dual_pivot_parallel_16,int,MANY_DUPLICATES_90,19953,509704,53740,190074
dual_pivot_parallel_16,int,MANY_DUPLICATES_90,25119,620114,68886,241041
dual_pivot_parallel_16,int,MANY_DUPLICATES_90,31623,802214,84755,306874
dual_pivot_parallel_16,int,MANY_DUPLICATES_90,39811,993074,111748,376219
dual_pivot_parallel_16,int,MANY_DUPLICATES_90,50119,1333644,145975,490467
dual_pivot_parallel_16,int,MANY_DUPLICATES_90,63096,1786373,183516,626118
dual_pivot_parallel_16,int,MANY_DUPLICATES_90,79433,2239607,248627,816639
dual_pivot_parallel_16,int,MANY_DUPLICATES_90,100000,2845253,324651,1039819
dual_pivot_parallel_16,int,MANY_DUPLICATES_90,125893,3752720,475781,1330163
dual_pivot_parallel_16,int,MANY_DUPLICATES_90,158489,4732025,544134,1669224
dual_pivot_parallel_16,int,MANY_DUPLICATES_90,199526,6485558,657171,2161791
dual_pivot_parallel_16,int,MANY_DUPLICATES_90,251189,7693303,895443,2628029
dual_pivot_parallel_16,int,MANY_DUPLICATES_90,316228,10224714,1092935,3386313
dual_pivot_parallel_16,int,MANY_DUPLICATES_90,398107,13408508,1429854,4313241
dual_pivot_parallel_16,int,MANY_DUPLICATES_90,501187,16177954,1954485,5365959
dual_pivot_parallel_16,int,MANY_DUPLICATES_90,630957,22063068,2371922,7015834
dual_pivot_parallel_16,int,MANY_DUPLICATES_90,794328,28087825,3112506,8831465
dual_pivot_parallel_16,int,MANY_DUPLICATES_90,1000000,35633687,4007418,11175104
dual_pivot_parallel_16,int,MANY_DUPLICATES_90,1258925,44239502,5248458,13954204
dual_pivot_parallel_16,int,MANY_DUPLICATES_90,1584893,55507279,7044295,17556020
dual_pivot_parallel_16,int,MANY_DUPLICATES_90,1995262,72904083,8541889,22451241
dual_pivot_parallel_16,int,MANY_DUPLICATES_90,2511886,94819287,10677183,28630732
dual_pivot_parallel_16,int,MANY_DUPLICATES_90,3162277,116597307,14553473,35766890
dual_pivot_parallel_16,int,MANY_DUPLICATES_90,3981071,153014362,18373035,45634469
dual_pivot_parallel_16,int,MANY_DUPLICATES_90,5011872,193343303,23861528,57712584
dual_pivot_parallel_16,int,MANY_DUPLICATES_90,6309573,263723648,29465604,74952954
dual_pivot_parallel_16,int,MANY_DUPLICATES_90,7943282,332377451,36614239,94315954
dual_pivot_parallel_16,int,MANY_DUPLICATES_90,10000000,430153526,48182140,120499265
dual_pivot_parallel_16,int,ORGAN_PIPE,1000,2750,0,2248
dual_pivot_parallel_16,int,ORGAN_PIPE,1259,3463,0,2831
dual_pivot_parallel_16,int,ORGAN_PIPE,1585,4360,0,3566
dual_pivot_parallel_16,int,ORGAN_PIPE,1995,5487,0,4487
dual_pivot_parallel_16,int,ORGAN_PIPE,2512,6908,0,5650
dual_pivot_parallel_16,int,ORGAN_PIPE,3162,8696,0,7114
dual_pivot_parallel_16,int,ORGAN_PIPE,3981,10949,0,8957
dual_pivot_parallel_16,int,ORGAN_PIPE,5012,13783,0,11275
dual_pivot_parallel_16,int,ORGAN_PIPE,6310,17353,0,14197
dual_pivot_parallel_16,int,ORGAN_PIPE,7943,21844,0,17870
dual_pivot_parallel_16,int,ORGAN_PIPE,10000,27500,0,22498
dual_pivot_parallel_16,int,ORGAN_PIPE,12589,34621,0,28325
dual_pivot_parallel_16,int,ORGAN_PIPE,15849,43586,0,35660
dual_pivot_parallel_16,int,ORGAN_PIPE,19953,54872,0,44894
dual_pivot_parallel_16,int,ORGAN_PIPE,25119,69078,0,56516
dual_pivot_parallel_16,int,ORGAN_PIPE,31623,86964,0,71150
dual_pivot_parallel_16,int,ORGAN_PIPE,39811,109481,0,89573
dual_pivot_parallel_16,int,ORGAN_PIPE,50119,137828,0,112766
dual_pivot_parallel_16,int,ORGAN_PIPE,63096,173514,0,141964
dual_pivot_parallel_16,int,ORGAN_PIPE,79433,734482,246187,242391
dual_pivot_parallel_16,int,ORGAN_PIPE,100000,951111,314517,290999
dual_pivot_parallel_16,int,ORGAN_PIPE,125893,1198675,395853,379689
dual_pivot_parallel_16,int,ORGAN_PIPE,158489,1428402,490974,452488
dual_pivot_parallel_16,int,ORGAN_PIPE,199526,1745512,608580,564266
dual_pivot_parallel_16,int,ORGAN_PIPE,251189,2229956,770769,717261
dual_pivot_parallel_16,int,ORGAN_PIPE,316228,3049605,1000993,893751
dual_pivot_parallel_16,int,ORGAN_PIPE,398107,4112454,1279680,1148422
dual_pivot_parallel_16,int,ORGAN_PIPE,501187,5889982,1651310,1492977
dual_pivot_parallel_16,int,ORGAN_PIPE,630957,8417376,2137644,2001810
dual_pivot_parallel_16,int,ORGAN_PIPE,794328,11371369,2788863,2592087
dual_pivot_parallel_16,int,ORGAN_PIPE,1000000,15790511,3543720,3323166
dual_pivot_parallel_16,int,ORGAN_PIPE,1258925,20924938,4525469,4330452
dual_pivot_parallel_16,int,ORGAN_PIPE,1584893,27970922,5891367,5545249
dual_pivot_parallel_16,int,ORGAN_PIPE,1995262,37096075,7582384,6989769
dual_pivot_parallel_16,int,ORGAN_PIPE,2511886,49070977,9646389,8768727
dual_pivot_parallel_16,int,ORGAN_PIPE,3162277,63387663,12502846,10903374
dual_pivot_parallel_16,int,ORGAN_PIPE,3981071,82757650,15797211,13760324
dual_pivot_parallel_16,int,ORGAN_PIPE,5011872,107087045,20210710,17268847
dual_pivot_parallel_16,int,ORGAN_PIPE,6309573,139500670,25996967,21315155
dual_pivot_parallel_16,int,ORGAN_PIPE,7943282,181166773,33433775,27051226
dual_pivot_parallel_16,int,ORGAN_PIPE,10000000,235978243,43104809,34066908
dual_pivot_parallel_16,int,SAWTOOTH,1000,4529,0,3500
dual_pivot_parallel_16,int,SAWTOOTH,1259,5721,0,4545
dual_pivot_parallel_16,int,SAWTOOTH,1585,7178,0,5713
dual_pivot_parallel_16,int,SAWTOOTH,1995,9023,0,7189
dual_pivot_parallel_16,int,SAWTOOTH,2512,11342,0,9046
dual_pivot_parallel_16,int,SAWTOOTH,3162,14267,0,11386
dual_pivot_parallel_16,int,SAWTOOTH,3981,17948,0,14333
dual_pivot_parallel_16,int,SAWTOOTH,5012,22592,0,18046
dual_pivot_parallel_16,int,SAWTOOTH,6310,28424,0,22085
dual_pivot_parallel_16,int,SAWTOOTH,7943,35784,0,28599
dual_pivot_parallel_16,int,SAWTOOTH,10000,45029,0,35000
dual_pivot_parallel_16,int,SAWTOOTH,12589,56706,0,45333
dual_pivot_parallel_16,int,SAWTOOTH,15849,71376,0,57069
dual_pivot_parallel_16,int,SAWTOOTH,19953,89829,0,71835
dual_pivot_parallel_16,int,SAWTOOTH,25119,113091,0,90441
dual_pivot_parallel_16,int,SAWTOOTH,31623,142344,0,113847
dual_pivot_parallel_16,int,SAWTOOTH,39811,179183,0,143321
dual_pivot_parallel_16,int,SAWTOOTH,50119,225591,0,180441
dual_pivot_parallel_16,int,SAWTOOTH,63096,283980,0,227154
dual_pivot_parallel_16,int,SAWTOOTH,79433,571243,13889,373357
dual_pivot_parallel_16,int,SAWTOOTH,100000,971212,51759,486482
dual_pivot_parallel_16,int,SAWTOOTH,125893,1258990,76645,623147
dual_pivot_parallel_16,int,SAWTOOTH,158489,1583660,95772,789325
dual_pivot_parallel_16,int,SAWTOOTH,199526,2146748,144085,1010950
dual_pivot_parallel_16,int,SAWTOOTH,251189,2720659,175874,1278786
dual_pivot_parallel_16,int,SAWTOOTH,316228,3761239,262383,1637849
dual_pivot_parallel_16,int,SAWTOOTH,398107,5327404,419738,2081744
dual_pivot_parallel_16,int,SAWTOOTH,501187,6908843,578179,2629626
dual_pivot_parallel_16,int,SAWTOOTH,630957,8827726,704794,3295441
dual_pivot_parallel_16,int,SAWTOOTH,794328,11571040,1026714,4193702
dual_pivot_parallel_16,int,SAWTOOTH,1000000,15621446,1398592,5220802
dual_pivot_parallel_16,int,SAWTOOTH,1258925,20447080,1966704,6702924
dual_pivot_parallel_16,int,SAWTOOTH,1584893,26693309,2547813,8457356
dual_pivot_parallel_16,int,SAWTOOTH,1995262,37089923,3361830,10783605
dual_pivot_parallel_16,int,SAWTOOTH,2511886,44953170,4607022,13266128
dual_pivot_parallel_16,int,SAWTOOTH,3162277,57086655,6032090,16735359
dual_pivot_parallel_16,int,SAWTOOTH,3981071,80379864,7763356,21021901
dual_pivot_parallel_16,int,SAWTOOTH,5011872,105910126,9944112,26961373
dual_pivot_parallel_16,int,SAWTOOTH,6309573,134968656,12757551,33777203
dual_pivot_parallel_16,int,SAWTOOTH,7943282,174974401,16921919,42530714
dual_pivot_parallel_16,int,SAWTOOTH,10000000,229197028,22914107,53819395
dual_pivot_parallel_16,double,RANDOM,1000,15784,1489,8667
dual_pivot_parallel_16,double,RANDOM,1259,22331,1811,10865
dual_pivot_parallel_16,double,RANDOM,1585,30730,2543,15370
dual_pivot_parallel_16,double,RANDOM,1995,40715,3084,18610
dual_pivot_parallel_16,double,RANDOM,2512,47280,4288,22077
dual_pivot_parallel_16,double,RANDOM,3162,60462,6003,27682
dual_pivot_parallel_16,double,RANDOM,3981,90848,6959,38409
dual_pivot_parallel_16,double,RANDOM,5012,110875,9893,45874
dual_pivot_parallel_16,double,RANDOM,6310,136865,12501,60950
dual_pivot_parallel_16,double,RANDOM,7943,187972,16383,77635
dual_pivot_parallel_16,double,RANDOM,10000,231447,21711,98899
dual_pivot_parallel_16,double,RANDOM,12589,284277,30983,116779
dual_pivot_parallel_16,double,RANDOM,15849,386219,37366,155995
dual_pivot_parallel_16,double,RANDOM,19953,480341,50375,197657
dual_pivot_parallel_16,double,RANDOM,25119,641118,68266,240987
dual_pivot_parallel_16,double,RANDOM,31623,778706,86019,308927
dual_pivot_parallel_16,double,RANDOM,39811,1066640,104788,395824
dual_pivot_parallel_16,double,RANDOM,50119,1407512,140619,497013
dual_pivot_parallel_16,double,RANDOM,63096,1749905,181847,639629
dual_pivot_parallel_16,double,RANDOM,79433,2216011,242377,829834
dual_pivot_parallel_16,double,RANDOM,100000,2922769,294465,1062598
dual_pivot_parallel_16,double,RANDOM,125893,3920509,385907,1363896
dual_pivot_parallel_16,double,RANDOM,158489,4590508,536950,1645341
dual_pivot_parallel_16,double,RANDOM,199526,6261497,660925,2145586
dual_pivot_parallel_16,double,RANDOM,251189,8154941,898077,2712582
dual_pivot_parallel_16,double,RANDOM,316228,10213369,1075866,3440405
dual_pivot_parallel_16,double,RANDOM,398107,13717302,1469087,4429121
dual_pivot_parallel_16,double,RANDOM,501187,18313057,1774713,5708019
dual_pivot_parallel_16,double,RANDOM,630957,21869638,2396015,7044458
dual_pivot_parallel_16,double,RANDOM,794328,28360410,3064930,8998748
dual_pivot_parallel_16,double,RANDOM,1000000,38013810,3766216,11518602
dual_pivot_parallel_16,double,RANDOM,1258925,48326851,4889830,14585754
dual_pivot_parallel_16,double,RANDOM,1584893,59834215,6197528,18287539
dual_pivot_parallel_16,double,RANDOM,1995262,76149628,8315964,23111918
dual_pivot_parallel_16,double,RANDOM,2511886,93079441,10913589,28830913
dual_pivot_parallel_16,double,RANDOM,3162277,127468212,13532494,37426139
dual_pivot_parallel_16,double,RANDOM,3981071,151948001,17768856,46396226
dual_pivot_parallel_16,double,RANDOM,5011872,219059121,22040606,61255291
dual_pivot_parallel_16,double,RANDOM,6309573,255887514,29052151,75265127
dual_pivot_parallel_16,double,RANDOM,7943282,336039354,36741455,95887086
dual_pivot_parallel_16,double,RANDOM,10000000,432527749,47615658,121782142
dual_pivot_parallel_16,double,NEARLY_SORTED,1000,10696,1475,6515
dual_pivot_parallel_16,double,NEARLY_SORTED,1259,12338,1778,6472
dual_pivot_parallel_16,double,NEARLY_SORTED,1585,17690,2092,8533
dual_pivot_parallel_16,double,NEARLY_SORTED,1995,22572,3206,11541
dual_pivot_parallel_16,double,NEARLY_SORTED,2512,30965,4518,16231
dual_pivot_parallel_16,double,NEARLY_SORTED,3162,41985,6230,22029
dual_pivot_parallel_16,double,NEARLY_SORTED,3981,56082,8635,29047
dual_pivot_parallel_16,double,NEARLY_SORTED,5012,71492,10663,35440
dual_pivot_parallel_16,double,NEARLY_SORTED,6310,91147,12830,43351
dual_pivot_parallel_16,double,NEARLY_SORTED,7943,121512,18498,57370
dual_pivot_parallel_16,double,NEARLY_SORTED,10000,154279,24474,69858
dual_pivot_parallel_16,double,NEARLY_SORTED,12589,206729,33453,91358
dual_pivot_parallel_16,double,NEARLY_SORTED,15849,265153,41986,114811
dual_pivot_parallel_16,double,NEARLY_SORTED,19953,341414,54264,145300
dual_pivot_parallel_16,double,NEARLY_SORTED,25119,454547,67791,191983
dual_pivot_parallel_16,double,NEARLY_SORTED,31623,567416,87632,233395
dual_pivot_parallel_16,double,NEARLY_SORTED,39811,757746,123328,307823
dual_pivot_parallel_16,double,NEARLY_SORTED,50119,971055,158654,386652
dual_pivot_parallel_16,double,NEARLY_SORTED,63096,1289030,211862,495866
dual_pivot_parallel_16,double,NEARLY_SORTED,79433,1661214,274230,648430
dual_pivot_parallel_16,double,NEARLY_SORTED,100000,2097193,347558,800300
dual_pivot_parallel_16,double,NEARLY_SORTED,125893,2785835,446529,1026033
dual_pivot_parallel_16,double,NEARLY_SORTED,158489,3445767,576549,1293427
dual_pivot_parallel_16,double,NEARLY_SORTED,199526,4593004,775998,1660351
dual_pivot_parallel_16,double,NEARLY_SORTED,251189,5870762,963149,2098505
dual_pivot_parallel_16,double,NEARLY_SORTED,316228,7502642,1288093,2672443
dual_pivot_parallel_16,double,NEARLY_SORTED,398107,9713241,1665363,3395794
dual_pivot_parallel_16,double,NEARLY_SORTED,501187,12562065,2168315,4298623
dual_pivot_parallel_16,double,NEARLY_SORTED,630957,15922413,2687870,5378069
dual_pivot_parallel_16,double,NEARLY_SORTED,794328,20709896,3624332,6868214
dual_pivot_parallel_16,double,NEARLY_SORTED,1000000,26648759,4591179,8748213
dual_pivot_parallel_16,double,NEARLY_SORTED,1258925,34171649,5831771,11134150
dual_pivot_parallel_16,double,NEARLY_SORTED,1584893,45853962,7205007,14210619
dual_pivot_parallel_16,double,NEARLY_SORTED,1995262,56085580,9732237,17794171
dual_pivot_parallel_16,double,NEARLY_SORTED,2511886,72392290,12074819,22627496
dual_pivot_parallel_16,double,NEARLY_SORTED,3162277,91689423,15782204,28656456
dual_pivot_parallel_16,double,NEARLY_SORTED,3981071,119119475,19136116,36392994
dual_pivot_parallel_16,double,NEARLY_SORTED,5011872,151824096,26289862,46251040
dual_pivot_parallel_16,double,NEARLY_SORTED,6309573,193035901,33480565,58552429
dual_pivot_parallel_16,double,NEARLY_SORTED,7943282,246599872,42915465,74153852
dual_pivot_parallel_16,double,NEARLY_SORTED,10000000,320516820,55399142,94554109
dual_pivot_parallel_16,double,REVERSE_SORTED,1000,1501,0,1500
dual_pivot_parallel_16,double,REVERSE_SORTED,1259,1889,0,1887
dual_pivot_parallel_16,double,REVERSE_SORTED,1585,2378,0,2376
dual_pivot_parallel_16,double,REVERSE_SORTED,1995,2993,0,2991
dual_pivot_parallel_16,double,REVERSE_SORTED,2512,3769,0,3768
dual_pivot_parallel_16,double,REVERSE_SORTED,3162,4744,0,4743
dual_pivot_parallel_16,double,REVERSE_SORTED,3981,5972,0,5970
dual_pivot_parallel_16,double,REVERSE_SORTED,5012,7519,0,7518
dual_pivot_parallel_16,double,REVERSE_SORTED,6310,9466,0,9465
dual_pivot_parallel_16,double,REVERSE_SORTED,7943,11915,0,11913
dual_pivot_parallel_16,double,REVERSE_SORTED,10000,15001,0,15000
dual_pivot_parallel_16,double,REVERSE_SORTED,12589,18884,0,18882
dual_pivot_parallel_16,double,REVERSE_SORTED,15849,23774,0,23772
dual_pivot_parallel_16,double,REVERSE_SORTED,19953,29930,0,29928
dual_pivot_parallel_16,double,REVERSE_SORTED,25119,37679,0,37677
dual_pivot_parallel_16,double,REVERSE_SORTED,31623,47435,0,47433
dual_pivot_parallel_16,double,REVERSE_SORTED,39811,59717,0,59715
dual_pivot_parallel_16,double,REVERSE_SORTED,50119,75179,0,75177
dual_pivot_parallel_16,double,REVERSE_SORTED,63096,94645,0,94644
dual_pivot_parallel_16,double,REVERSE_SORTED,79433,268088,59592,69476
dual_pivot_parallel_16,double,REVERSE_SORTED,100000,337502,75018,87471
dual_pivot_parallel_16,double,REVERSE_SORTED,125893,424896,94434,110139
dual_pivot_parallel_16,double,REVERSE_SORTED,158489,534902,118884,138650
dual_pivot_parallel_16,double,REVERSE_SORTED,199526,860478,205786,174573
dual_pivot_parallel_16,double,REVERSE_SORTED,251189,1083273,259066,219780
dual_pivot_parallel_16,double,REVERSE_SORTED,316228,1462573,385443,128449
dual_pivot_parallel_16,double,REVERSE_SORTED,398107,1841263,485235,161710
dual_pivot_parallel_16,double,REVERSE_SORTED,501187,2623429,716615,109621
dual_pivot_parallel_16,double,REVERSE_SORTED,630957,3302701,902141,138020
dual_pivot_parallel_16,double,REVERSE_SORTED,794328,4558110,1247443,229617
dual_pivot_parallel_16,double,REVERSE_SORTED,1000000,5738327,1570411,289052
dual_pivot_parallel_16,double,REVERSE_SORTED,1258925,7912640,2235226,68872
dual_pivot_parallel_16,double,REVERSE_SORTED,1584893,9998522,2813968,160974
dual_pivot_parallel_16,double,REVERSE_SORTED,1995262,13665939,3858268,255297
dual_pivot_parallel_16,double,REVERSE_SORTED,2511886,17204345,4857202,321375
dual_pivot_parallel_16,double,REVERSE_SORTED,3162277,22168516,6281572,311967
dual_pivot_parallel_16,double,REVERSE_SORTED,3981071,29483084,8380464,392752
dual_pivot_parallel_16,double,REVERSE_SORTED,5011872,39816630,11402115,265066
dual_pivot_parallel_16,double,REVERSE_SORTED,6309573,50033556,14354307,148818
dual_pivot_parallel_16,double,REVERSE_SORTED,7943282,65155717,18699261,332792
dual_pivot_parallel_16,double,REVERSE_SORTED,10000000,84992605,24430927,418975
dual_pivot_parallel_16,double,MANY_DUPLICATES_10,1000,15784,1489,8667
dual_pivot_parallel_16,double,MANY_DUPLICATES_10,1259,22331,1811,10865
dual_pivot_parallel_16,double,MANY_DUPLICATES_10,1585,30730,2543,15370
dual_pivot_parallel_16,double,MANY_DUPLICATES_10,1995,40715,3084,18610
dual_pivot_parallel_16,double,MANY_DUPLICATES_10,2512,47280,4288,22077
dual_pivot_parallel_16,double,MANY_DUPLICATES_10,3162,60462,6003,27682
dual_pivot_parallel_16,double,MANY_DUPLICATES_10,3981,90848,6959,38409
dual_pivot_parallel_16,double,MANY_DUPLICATES_10,5012,110875,9893,45874
dual_pivot_parallel_16,double,MANY_DUPLICATES_10,6310,136865,12501,60950
dual_pivot_parallel_16,double,MANY_DUPLICATES_10,7943,187972,16383,77635
dual_pivot_parallel_16,double,MANY_DUPLICATES_10,10000,231447,21711,98899
dual_pivot_parallel_16,double,MANY_DUPLICATES_10,12589,284277,30983,116779
dual_pivot_parallel_16,double,MANY_DUPLICATES_10,15849,386219,37366,155995
dual_pivot_parallel_16,double,MANY_DUPLICATES_10,19953,480341,50375,197657
dual_pivot_parallel_16,double,MANY_DUPLICATES_10,25119,641118,68266,240987
dual_pivot_parallel_16,double,MANY_DUPLICATES_10,31623,778706,86019,308927
dual_pivot_parallel_16,double,MANY_DUPLICATES_10,39811,1066640,104788,395824
dual_pivot_parallel_16,double,MANY_DUPLICATES_10,50119,1407512,140619,497013
dual_pivot_parallel_16,double,MANY_DUPLICATES_10,63096,1749905,181847,639629
dual_pivot_parallel_16,double,MANY_DUPLICATES_10,79433,2216011,242377,829834
dual_pivot_parallel_16,double,MANY_DUPLICATES_10,100000,2922769,294465,1062598
dual_pivot_parallel_16,double,MANY_DUPLICATES_10,125893,3920509,385907,1363896
dual_pivot_parallel_16,double,MANY_DUPLICATES_10,158489,4590508,536950,1645341
dual_pivot_parallel_16,double,MANY_DUPLICATES_10,199526,6261497,660925,2145586
dual_pivot_parallel_16,double,MANY_DUPLICATES_10,251189,8154941,898077,2712582
dual_pivot_parallel_16,double,MANY_DUPLICATES_10,316228,10213369,1075866,3440405
dual_pivot_parallel_16,double,MANY_DUPLICATES_10,398107,13717302,1469087,4429121
dual_pivot_parallel_16,double,MANY_DUPLICATES_10,501187,18313057,1774713,5708019
dual_pivot_parallel_16,double,MANY_DUPLICATES_10,630957,21869638,2396015,7044458
dual_pivot_parallel_16,double,MANY_DUPLICATES_10,794328,28360410,3064930,8998748
dual_pivot_parallel_16,double,MANY_DUPLICATES_10,1000000,38013810,3766216,11518602
dual_pivot_parallel_16,double,MANY_DUPLICATES_10,1258925,48326851,4889830,14585754
dual_pivot_parallel_16,double,MANY_DUPLICATES_10,1584893,59834215,6197528,18287539
dual_pivot_parallel_16,double,MANY_DUPLICATES_10,1995262,76149628,8315964,23111918
dual_pivot_parallel_16,double,MANY_DUPLICATES_10,2511886,93079441,10913589,28830913
dual_pivot_parallel_16,double,MANY_DUPLICATES_10,3162277,127468212,13532494,37426139
dual_pivot_parallel_16,double,MANY_DUPLICATES_10,3981071,151948001,17768856,46396226
dual_pivot_parallel_16,double,MANY_DUPLICATES_10,5011872,219059121,22040606,61255291
dual_pivot_parallel_16,double,MANY_DUPLICATES_10,6309573,255887514,29052151,75265127
dual_pivot_parallel_16,double,MANY_DUPLICATES_10,7943282,336039354,36741455,95887086
dual_pivot_parallel_16,double,MANY_DUPLICATES_10,10000000,432527749,47615658,121782142
dual_pivot_parallel_16,double,MANY_DUPLICATES_50,1000,15784,1489,8667
dual_pivot_parallel_16,double,MANY_DUPLICATES_50,1259,22331,1811,10865
dual_pivot_parallel_16,double,MANY_DUPLICATES_50,1585,30730,2543,15370
dual_pivot_parallel_16,double,MANY_DUPLICATES_50,1995,40715,3084,18610
dual_pivot_parallel_16,double,MANY_DUPLICATES_50,2512,47280,4288,22077
dual_pivot_parallel_16,double,MANY_DUPLICATES_50,3162,60462,6003,27682
dual_pivot_parallel_16,double,MANY_DUPLICATES_50,3981,90848,6959,38409
dual_pivot_parallel_16,double,MANY_DUPLICATES_50,5012,110875,9893,45874
dual_pivot_parallel_16,double,MANY_DUPLICATES_50,6310,136865,12501,60950
dual_pivot_parallel_16,double,MANY_DUPLICATES_50,7943,187972,16383,77635
dual_pivot_parallel_16,double,MANY_DUPLICATES_50,10000,231447,21711,98899
dual_pivot_parallel_16,double,MANY_DUPLICATES_50,12589,284277,30983,116779
dual_pivot_parallel_16,double,MANY_DUPLICATES_50,15849,386219,37366,155995
dual_pivot_parallel_16,double,MANY_DUPLICATES_50,19953,480341,50375,197657
dual_pivot_parallel_16,double,MANY_DUPLICATES_50,25119,641118,68266,240987
dual_pivot_parallel_16,double,MANY_DUPLICATES_50,31623,778706,86019,308927
dual_pivot_parallel_16,double,MANY_DUPLICATES_50,39811,1066640,104788,395824
dual_pivot_parallel_16,double,MANY_DUPLICATES_50,50119,1407512,140619,497013
dual_pivot_parallel_16,double,MANY_DUPLICATES_50,63096,1749905,181847,639629
dual_pivot_parallel_16,double,MANY_DUPLICATES_50,79433,2216011,242377,829834
dual_pivot_parallel_16,double,MANY_DUPLICATES_50,100000,2922769,294465,1062598
dual_pivot_parallel_16,double,MANY_DUPLICATES_50,125893,3920509,385907,1363896
dual_pivot_parallel_16,double,MANY_DUPLICATES_50,158489,4590508,536950,1645341
dual_pivot_parallel_16,double,MANY_DUPLICATES_50,199526,6261497,660925,2145586
dual_pivot_parallel_16,double,MANY_DUPLICATES_50,251189,8154941,898077,2712582
dual_pivot_parallel_16,double,MANY_DUPLICATES_50,316228,10213369,1075866,3440405
dual_pivot_parallel_16,double,MANY_DUPLICATES_50,398107,13717302,1469087,4429121
dual_pivot_parallel_16,double,MANY_DUPLICATES_50,501187,18313057,1774713,5708019
dual_pivot_parallel_16,double,MANY_DUPLICATES_50,630957,21869638,2396015,7044458
dual_pivot_parallel_16,double,MANY_DUPLICATES_50,794328,28360410,3064930,8998748
dual_pivot_parallel_16,double,MANY_DUPLICATES_50,1000000,38013810,3766216,11518602
dual_pivot_parallel_16,double,MANY_DUPLICATES_50,1258925,48326851,4889830,14585754
dual_pivot_parallel_16,double,MANY_DUPLICATES_50,1584893,59834215,6197528,18287539
dual_pivot_parallel_16,double,MANY_DUPLICATES_50,1995262,76149628,8315964,23111918
dual_pivot_parallel_16,double,MANY_DUPLICATES_50,2511886,93079441,10913589,28830913
dual_pivot_parallel_16,double,MANY_DUPLICATES_50,3162277,127468212,13532494,37426139
dual_pivot_parallel_16,double,MANY_DUPLICATES_50,3981071,151948001,17768856,46396226
dual_pivot_parallel_16,double,MANY_DUPLICATES_50,5011872,219059121,22040606,61255291
dual_pivot_parallel_16,double,MANY_DUPLICATES_50,6309573,255887514,29052151,75265127
dual_pivot_parallel_16,double,MANY_DUPLICATES_50,7943282,336039354,36741455,95887086
dual_pivot_parallel_16,double,MANY_DUPLICATES_50,10000000,432527749,47615658,121782142
dual_pivot_parallel_16,double,MANY_DUPLICATES_90,1000,15784,1489,8667
dual_pivot_parallel_16,double,MANY_DUPLICATES_90,1259,22331,1811,10865
dual_pivot_parallel_16,double,MANY_DUPLICATES_90,1585,30730,2543,15370
dual_pivot_parallel_16,double,MANY_DUPLICATES_90,1995,40715,3084,18610
dual_pivot_parallel_16,double,MANY_DUPLICATES_90,2512,47280,4288,22077
dual_pivot_parallel_16,double,MANY_DUPLICATES_90,3162,60462,6003,27682
dual_pivot_parallel_16,double,MANY_DUPLICATES_90,3981,90848,6959,38409
dual_pivot_parallel_16,double,MANY_DUPLICATES_90,5012,110875,9893,45874
dual_pivot_parallel_16,double,MANY_DUPLICATES_90,6310,136865,12501,60950
dual_pivot_parallel_16,double,MANY_DUPLICATES_90,7943,187972,16383,77635
dual_pivot_parallel_16,double,MANY_DUPLICATES_90,10000,231447,21711,98899
dual_pivot_parallel_16,double,MANY_DUPLICATES_90,12589,284277,30983,116779
dual_pivot_parallel_16,double,MANY_DUPLICATES_90,15849,386219,37366,155995
dual_pivot_parallel_16,double,MANY_DUPLICATES_90,19953,480341,50375,197657
dual_pivot_parallel_16,double,MANY_DUPLICATES_90,25119,641118,68266,240987
dual_pivot_parallel_16,double,MANY_DUPLICATES_90,31623,778706,86019,308927
dual_pivot_parallel_16,double,MANY_DUPLICATES_90,39811,1066640,104788,395824
dual_pivot_parallel_16,double,MANY_DUPLICATES_90,50119,1407512,140619,497013
dual_pivot_parallel_16,double,MANY_DUPLICATES_90,63096,1749905,181847,639629
dual_pivot_parallel_16,double,MANY_DUPLICATES_90,79433,2216011,242377,829834
dual_pivot_parallel_16,double,MANY_DUPLICATES_90,100000,2922769,294465,1062598
dual_pivot_parallel_16,double,MANY_DUPLICATES_90,125893,3920509,385907,1363896
dual_pivot_parallel_16,double,MANY_DUPLICATES_90,158489,4590508,536950,1645341
dual_pivot_parallel_16,double,MANY_DUPLICATES_90,199526,6261497,660925,2145586
dual_pivot_parallel_16,double,MANY_DUPLICATES_90,251189,8154941,898077,2712582
dual_pivot_parallel_16,double,MANY_DUPLICATES_90,316228,10213369,1075866,3440405
dual_pivot_parallel_16,double,MANY_DUPLICATES_90,398107,13717302,1469087,4429121
dual_pivot_parallel_16,double,MANY_DUPLICATES_90,501187,18313057,1774713,5708019
dual_pivot_parallel_16,double,MANY_DUPLICATES_90,630957,21869638,2396015,7044458
dual_pivot_parallel_16,double,MANY_DUPLICATES_90,794328,28360410,3064930,8998748
dual_pivot_parallel_16,double,MANY_DUPLICATES_90,1000000,38013810,3766216,11518602
dual_pivot_parallel_16,double,MANY_DUPLICATES_90,1258925,48326851,4889830,14585754
dual_pivot_parallel_16,double,MANY_DUPLICATES_90,1584893,59834215,6197528,18287539
dual_pivot_parallel_16,double,MANY_DUPLICATES_90,1995262,76149628,8315964,23111918
dual_pivot_parallel_16,double,MANY_DUPLICATES_90,2511886,93079441,10913589,28830913
dual_pivot_parallel_16,double,MANY_DUPLICATES_90,3162277,127468212,13532494,37426139
dual_pivot_parallel_16,double,MANY_DUPLICATES_90,3981071,151948001,17768856,46396226
dual_pivot_parallel_16,double,MANY_DUPLICATES_90,5011872,219059121,22040606,61255291
dual_pivot_parallel_16,double,MANY_DUPLICATES_90,6309573,255887514,29052151,75265127
dual_pivot_parallel_16,double,MANY_DUPLICATES_90,7943282,336039354,36741455,95887086
dual_pivot_parallel_16,double,MANY_DUPLICATES_90,10000000,432527749,47615658,121782142
dual_pivot_parallel_16,double,ORGAN_PIPE,1000,2750,0,2248
dual_pivot_parallel_16,double,ORGAN_PIPE,1259,3463,0,2831
dual_pivot_parallel_16,double,ORGAN_PIPE,1585,4360,0,3566
dual_pivot_parallel_16,double,ORGAN_PIPE,1995,5487,0,4487
dual_pivot_parallel_16,double,ORGAN_PIPE,2512,6908,0,5650
dual_pivot_parallel_16,double,ORGAN_PIPE,3162,8696,0,7114
dual_pivot_parallel_16,double,ORGAN_PIPE,3981,10949,0,8957
dual_pivot_parallel_16,double,ORGAN_PIPE,5012,13783,0,11275
dual_pivot_parallel_16,double,ORGAN_PIPE,6310,17353,0,14197
dual_pivot_parallel_16,double,ORGAN_PIPE,7943,21844,0,17870
dual_pivot_parallel_16,double,ORGAN_PIPE,10000,27500,0,22498
dual_pivot_parallel_16,double,ORGAN_PIPE,12589,34621,0,28325
dual_pivot_parallel_16,double,ORGAN_PIPE,15849,43586,0,35660
dual_pivot_parallel_16,double,ORGAN_PIPE,19953,54872,0,44894
dual_pivot_parallel_16,double,ORGAN_PIPE,25119,69078,0,56516
dual_pivot_parallel_16,double,ORGAN_PIPE,31623,86964,0,71150
dual_pivot_parallel_16,double,ORGAN_PIPE,39811,109481,0,89573
dual_pivot_parallel_16,double,ORGAN_PIPE,50119,137828,0,112766
dual_pivot_parallel_16,double,ORGAN_PIPE,63096,173514,0,141964
dual_pivot_parallel_16,double,ORGAN_PIPE,79433,734482,246187,242391
dual_pivot_parallel_16,double,ORGAN_PIPE,100000,951111,314517,290999
dual_pivot_parallel_16,double,ORGAN_PIPE,125893,1198675,395853,379689
dual_pivot_parallel_16,double,ORGAN_PIPE,158489,1428402,490974,452488
dual_pivot_parallel_16,double,ORGAN_PIPE,199526,1745512,608580,564266
dual_pivot_parallel_16,double,ORGAN_PIPE,251189,2229956,770769,717261
dual_pivot_parallel_16,double,ORGAN_PIPE,316228,3049605,1000993,893751
dual_pivot_parallel_16,double,ORGAN_PIPE,398107,4112454,1279680,1148422
dual_pivot_parallel_16,double,ORGAN_PIPE,501187,5889982,1651310,1492977
dual_pivot_parallel_16,double,ORGAN_PIPE,630957,8417376,2137644,2001810
dual_pivot_parallel_16,double,ORGAN_PIPE,794328,11371369,2788863,2592087
dual_pivot_parallel_16,double,ORGAN_PIPE,1000000,15790511,3543720,3323166
dual_pivot_parallel_16,double,ORGAN_PIPE,1258925,20924938,4525469,4330452
dual_pivot_parallel_16,double,ORGAN_PIPE,1584893,27970922,5891367,5545249
dual_pivot_parallel_16,double,ORGAN_PIPE,1995262,37096075,7582384,6989769
dual_pivot_parallel_16,double,ORGAN_PIPE,2511886,49070977,9646389,8768727
dual_pivot_parallel_16,double,ORGAN_PIPE,3162277,63387663,12502846,10903374
dual_pivot_parallel_16,double,ORGAN_PIPE,3981071,82757650,15797211,13760324
dual_pivot_parallel_16,double,ORGAN_PIPE,5011872,107087045,20210710,17268847
dual_pivot_parallel_16,double,ORGAN_PIPE,6309573,139500670,25996967,21315155
dual_pivot_parallel_16,double,ORGAN_PIPE,7943282,181166773,33433775,27051226
dual_pivot_parallel_16,double,ORGAN_PIPE,10000000,235978243,43104809,34066908
dual_pivot_parallel_16,double,SAWTOOTH,1000,4529,0,3500
dual_pivot_parallel_16,double,SAWTOOTH,1259,5721,0,4545
dual_pivot_parallel_16,double,SAWTOOTH,1585,7178,0,5713
dual_pivot_parallel_16,double,SAWTOOTH,1995,9023,0,7189
dual_pivot_parallel_16,double,SAWTOOTH,2512,11342,0,9046
dual_pivot_parallel_16,double,SAWTOOTH,3162,14267,0,11386
dual_pivot_parallel_16,double,SAWTOOTH,3981,17948,0,14333
dual_pivot_parallel_16,double,SAWTOOTH,5012,22592,0,18046
dual_pivot_parallel_16,double,SAWTOOTH,6310,28424,0,22085
dual_pivot_parallel_16,double,SAWTOOTH,7943,35784,0,28599
dual_pivot_parallel_16,double,SAWTOOTH,10000,45029,0,35000
dual_pivot_parallel_16,double,SAWTOOTH,12589,56706,0,45333
dual_pivot_parallel_16,double,SAWTOOTH,15849,71376,0,57069
dual_pivot_parallel_16,double,SAWTOOTH,19953,89829,0,71835
dual_pivot_parallel_16,double,SAWTOOTH,25119,113091,0,90441
dual_pivot_parallel_16,double,SAWTOOTH,31623,142344,0,113847
dual_pivot_parallel_16,double,SAWTOOTH,39811,179183,0,143321
dual_pivot_parallel_16,double,SAWTOOTH,50119,225591,0,180441
dual_pivot_parallel_16,double,SAWTOOTH,63096,283980,0,227154
dual_pivot_parallel_16,double,SAWTOOTH,79433,571243,13889,373357
dual_pivot_parallel_16,double,SAWTOOTH,100000,971212,51759,486482
dual_pivot_parallel_16,double,SAWTOOTH,125893,1258990,76645,623147
dual_pivot_parallel_16,double,SAWTOOTH,158489,1583660,95772,789325
dual_pivot_parallel_16,double,SAWTOOTH,199526,2146748,144085,1010950
dual_pivot_parallel_16,double,SAWTOOTH,251189,2720659,175874,1278786
dual_pivot_parallel_16,double,SAWTOOTH,316228,3761239,262383,1637849
dual_pivot_parallel_16,double,SAWTOOTH,398107,5327404,419738,2081744
dual_pivot_parallel_16,double,SAWTOOTH,501187,6908843,578179,2629626
dual_pivot_parallel_16,double,SAWTOOTH,630957,8827726,704794,3295441
dual_pivot_parallel_16,double,SAWTOOTH,794328,11571040,1026714,4193702
dual_pivot_parallel_16,double,SAWTOOTH,1000000,15621446,1398592,5220802
dual_pivot_parallel_16,double,SAWTOOTH,1258925,20447080,1966704,6702924
dual_pivot_parallel_16,double,SAWTOOTH,1584893,26693309,2547813,8457356
dual_pivot_parallel_16,double,SAWTOOTH,1995262,37089923,3361830,10783605
dual_pivot_parallel_16,double,SAWTOOTH,2511886,44953170,4607022,13266128
dual_pivot_parallel_16,double,SAWTOOTH,3162277,57086655,6032090,16735359
dual_pivot_parallel_16,double,SAWTOOTH,3981071,80379864,7763356,21021901
dual_pivot_parallel_16,double,SAWTOOTH,5011872,105910126,9944112,26961373
dual_pivot_parallel_16,double,SAWTOOTH,6309573,134968656,12757551,33777203
dual_pivot_parallel_16,double,SAWTOOTH,7943282,174974401,16921919,42530714
dual_pivot_parallel_16,double,SAWTOOTH,10000000,229197028,22914107,53819395
std_sort,int,RANDOM,1000,11552,1617,4721
std_sort,int,RANDOM,1259,14674,2185,5502
std_sort,int,RANDOM,1585,20084,2811,7118
std_sort,int,RANDOM,1995,25591,3703,8944
std_sort,int,RANDOM,2512,32462,4899,11180
std_sort,int,RANDOM,3162,42996,6421,13936
std_sort,int,RANDOM,3981,55713,8326,17748
std_sort,int,RANDOM,5012,72915,10929,22498
std_sort,int,RANDOM,6310,92024,14337,28417
std_sort,int,RANDOM,7943,116100,18873,35479
std_sort,int,RANDOM,10000,154624,24364,45081
std_sort,int,RANDOM,12589,199714,31732,56462
std_sort,int,RANDOM,15849,261179,40841,70849
std_sort,int,RANDOM,19953,335620,53348,89002
std_sort,int,RANDOM,25119,421681,69640,111601
std_sort,int,RANDOM,31623,548650,89518,141006
std_sort,int,RANDOM,39811,710103,115657,176585
std_sort,int,RANDOM,50119,913349,149241,224574
std_sort,int,RANDOM,63096,1224508,190730,280926
std_sort,int,RANDOM,79433,1604848,246138,354756
std_sort,int,RANDOM,100000,1983552,321239,445789
std_sort,int,RANDOM,125893,2650542,411020,560163
std_sort,int,RANDOM,158489,3259997,532609,706044
std_sort,int,RANDOM,199526,4324079,679747,891406
std_sort,int,RANDOM,251189,5292338,885340,1118442
std_sort,int,RANDOM,316228,6864741,1142100,1408285
std_sort,int,RANDOM,398107,8768270,1466700,1774598
std_sort,int,RANDOM,501187,11551726,1879903,2237677
std_sort,int,RANDOM,630957,14291748,2433799,2811406
std_sort,int,RANDOM,794328,18880736,3088383,3547391
std_sort,int,RANDOM,1000000,23458498,4011235,4460617
std_sort,int,RANDOM,1258925,30279074,5131087,5616463
std_sort,int,RANDOM,1584893,39336938,6547575,7071091
std_sort,int,RANDOM,1995262,49991777,8430369,8909181
std_sort,int,RANDOM,2511886,64768254,10755252,11198393
std_sort,int,RANDOM,3162277,82152000,13830765,14105846
std_sort,int,RANDOM,3981071,104038479,17782125,17766563
std_sort,int,RANDOM,5011872,135932765,22674467,22355640
std_sort,int,RANDOM,6309573,169163259,29212100,28151088
std_sort,int,RANDOM,7943282,216221259,37390461,35429351
std_sort,int,RANDOM,10000000,281706951,47611405,44611533
std_sort,int,NEARLY_SORTED,1000,10724,387,3089
std_sort,int,NEARLY_SORTED,1259,14126,524,3815
std_sort,int,NEARLY_SORTED,1585,18114,714,4818
std_sort,int,NEARLY_SORTED,1995,24082,876,6245
std_sort,int,NEARLY_SORTED,2512,30481,1192,7785
std_sort,int,NEARLY_SORTED,3162,41454,1493,9797
std_sort,int,NEARLY_SORTED,3981,52938,1909,12595
std_sort,int,NEARLY_SORTED,5012,69204,2529,15404
std_sort,int,NEARLY_SORTED,6310,93990,3272,19659
std_sort,int,NEARLY_SORTED,7943,117683,4176,24666
std_sort,int,NEARLY_SORTED,10000,155135,5476,30872
std_sort,int,NEARLY_SORTED,12589,201776,7150,39036
std_sort,int,NEARLY_SORTED,15849,262943,9066,50140
std_sort,int,NEARLY_SORTED,19953,343534,11825,61602
std_sort,int,NEARLY_SORTED,25119,440495,15403,77346
std_sort,int,NEARLY_SORTED,31623,528647,19602,98221
std_sort,int,NEARLY_SORTED,39811,703728,25349,123705
std_sort,int,NEARLY_SORTED,50119,900387,32241,156076
std_sort,int,NEARLY_SORTED,63096,1121406,42073,195217
std_sort,int,NEARLY_SORTED,79433,1461366,53658,246591
std_sort,int,NEARLY_SORTED,100000,1976732,69464,310942
std_sort,int,NEARLY_SORTED,125893,2468987,88687,390346
std_sort,int,NEARLY_SORTED,158489,3296262,114364,493214
std_sort,int,NEARLY_SORTED,199526,4095436,146027,618993
std_sort,int,NEARLY_SORTED,251189,5266966,189539,781077
std_sort,int,NEARLY_SORTED,316228,6826710,242753,983469
std_sort,int,NEARLY_SORTED,398107,8746110,311978,1236642
std_sort,int,NEARLY_SORTED,501187,11210979,400122,1555386
std_sort,int,NEARLY_SORTED,630957,14778993,512850,1958167
std_sort,int,NEARLY_SORTED,794328,18877700,657057,2464957
std_sort,int,NEARLY_SORTED,1000000,24077606,840914,3101244
std_sort,int,NEARLY_SORTED,1258925,31296405,1080411,3905247
std_sort,int,NEARLY_SORTED,1584893,40528001,1381097,4919310
std_sort,int,NEARLY_SORTED,1995262,50392558,1765934,6193448
std_sort,int,NEARLY_SORTED,2511886,64930473,2259248,7799458
std_sort,int,NEARLY_SORTED,3162277,83547184,2895651,9812334
std_sort,int,NEARLY_SORTED,3981071,106784442,3701628,12361295
std_sort,int,NEARLY_SORTED,5011872,137210912,4736768,15557687
std_sort,int,NEARLY_SORTED,6309573,174793927,6037841,19579144
std_sort,int,NEARLY_SORTED,7943282,224664238,7739006,24664080
std_sort,int,NEARLY_SORTED,10000000,287087095,9866951,31042837
std_sort,int,REVERSE_SORTED,1000,8138,562,2934
std_sort,int,REVERSE_SORTED,1259,11597,756,3647
std_sort,int,REVERSE_SORTED,1585,14531,919,4625
std_sort,int,REVERSE_SORTED,1995,18221,1124,5855
std_sort,int,REVERSE_SORTED,2512,25642,1510,7278
std_sort,int,REVERSE_SORTED,3162,32142,1835,9228
std_sort,int,REVERSE_SORTED,3981,40332,2245,11685
std_sort,int,REVERSE_SORTED,5012,56166,3016,14522
std_sort,int,REVERSE_SORTED,6310,70444,3665,18416
std_sort,int,REVERSE_SORTED,7943,88407,4482,23315
std_sort,int,REVERSE_SORTED,10000,122058,6022,28974
std_sort,int,REVERSE_SORTED,12589,153126,7317,36741
std_sort,int,REVERSE_SORTED,15849,192246,8947,46521
std_sort,int,REVERSE_SORTED,19953,263495,12023,57809
std_sort,int,REVERSE_SORTED,25119,330653,14606,73307
std_sort,int,REVERSE_SORTED,31623,415205,17858,92819
std_sort,int,REVERSE_SORTED,39811,565556,24000,115335
std_sort,int,REVERSE_SORTED,50119,709868,29154,146259
std_sort,int,REVERSE_SORTED,63096,891546,35642,185190
std_sort,int,REVERSE_SORTED,79433,1207889,47907,230105
std_sort,int,REVERSE_SORTED,100000,1516394,58190,291806
std_sort,int,REVERSE_SORTED,125893,1904789,71137,369485
std_sort,int,REVERSE_SORTED,158489,2568602,95627,459081
std_sort,int,REVERSE_SORTED,199526,3225194,116145,582192
std_sort,int,REVERSE_SORTED,251189,4051802,141977,737181
std_sort,int,REVERSE_SORTED,316228,5441422,190880,915914
std_sort,int,REVERSE_SORTED,398107,6833365,231820,1161551
std_sort,int,REVERSE_SORTED,501187,8585725,283360,1470791
std_sort,int,REVERSE_SORTED,630957,11488308,381013,1827333
std_sort,int,REVERSE_SORTED,794328,14428986,462698,2317446
std_sort,int,REVERSE_SORTED,1000000,18131082,565534,2934462
std_sort,int,REVERSE_SORTED,1258925,24181729,760533,3645701
std_sort,int,REVERSE_SORTED,1584893,30375121,923517,4623605
std_sort,int,REVERSE_SORTED,1995262,38172132,1128701,5854712
std_sort,int,REVERSE_SORTED,2511886,50762018,1518085,7273512
std_sort,int,REVERSE_SORTED,3162277,63769838,1843281,9224685
std_sort,int,REVERSE_SORTED,3981071,80145718,2252678,11681067
std_sort,int,REVERSE_SORTED,5011872,106297898,3030222,14511326
std_sort,int,REVERSE_SORTED,6309573,133549619,3679073,18404429
std_sort,int,REVERSE_SORTED,7943282,167857508,4495927,23305556
std_sort,int,REVERSE_SORTED,10000000,222097162,6048574,28951422
std_sort,int,MANY_DUPLICATES_10,1000,9972,1813,3323
std_sort,int,MANY_DUPLICATES_10,1259,12861,2426,4112
std_sort,int,MANY_DUPLICATES_10,1585,17551,3092,5284
std_sort,int,MANY_DUPLICATES_10,1995,22481,4068,6551
std_sort,int,MANY_DUPLICATES_10,2512,29979,5263,8224
std_sort,int,MANY_DUPLICATES_10,3162,39593,6948,10547
std_sort,int,MANY_DUPLICATES_10,3981,51296,8965,13004
std_sort,int,MANY_DUPLICATES_10,5012,67969,11669,16589
std_sort,int,MANY_DUPLICATES_10,6310,84274,15467,21217
std_sort,int,MANY_DUPLICATES_10,7943,107859,20131,26391
std_sort,int,MANY_DUPLICATES_10,10000,139711,26024,33079
std_sort,int,MANY_DUPLICATES_10,12589,186640,33554,41568
std_sort,int,MANY_DUPLICATES_10,15849,238489,43565,52421
std_sort,int,MANY_DUPLICATES_10,19953,306955,56584,65526
std_sort,int,MANY_DUPLICATES_10,25119,390969,73247,82756
std_sort,int,MANY_DUPLICATES_10,31623,507862,94623,104645
std_sort,int,MANY_DUPLICATES_10,39811,653163,122697,132281
std_sort,int,MANY_DUPLICATES_10,50119,845603,157871,164351
std_sort,int,MANY_DUPLICATES_10,63096,1121477,202151,208709
std_sort,int,MANY_DUPLICATES_10,79433,1520562,258084,262686
std_sort,int,MANY_DUPLICATES_10,100000,1856953,335913,330811
std_sort,int,MANY_DUPLICATES_10,125893,2467631,431670,416303
std_sort,int,MANY_DUPLICATES_10,158489,3018331,559996,523795
std_sort,int,MANY_DUPLICATES_10,199526,3923309,716995,660967
std_sort,int,MANY_DUPLICATES_10,251189,5042201,928356,832287
std_sort,int,MANY_DUPLICATES_10,316228,6433685,1193063,1045760
std_sort,int,MANY_DUPLICATES_10,398107,8116285,1538023,1314909
std_sort,int,MANY_DUPLICATES_10,501187,10696269,1958628,1652211
std_sort,int,MANY_DUPLICATES_10,630957,13669095,2526319,2086177
std_sort,int,MANY_DUPLICATES_10,794328,17786540,3220020,2624843
std_sort,int,MANY_DUPLICATES_10,1000000,22154723,4185218,3301008
std_sort,int,MANY_DUPLICATES_10,1258925,28837307,5319815,4163224
std_sort,int,MANY_DUPLICATES_10,1584893,36905801,6831039,5239798
std_sort,int,MANY_DUPLICATES_10,1995262,49135825,8690388,6595639
std_sort,int,MANY_DUPLICATES_10,2511886,60444760,11215310,8301358
std_sort,int,MANY_DUPLICATES_10,3162277,76565876,14438126,10450652
std_sort,int,MANY_DUPLICATES_10,3981071,98671137,18469889,13157935
std_sort,int,MANY_DUPLICATES_10,5011872,126007446,23697527,16567032
std_sort,int,MANY_DUPLICATES_10,6309573,159900246,30357895,20863390
std_sort,int,MANY_DUPLICATES_10,7943282,205473562,38840130,26256410
std_sort,int,MANY_DUPLICATES_10,10000000,263118587,49505102,33049817
std_sort,int,MANY_DUPLICATES_50,1000,11196,1645,4492
std_sort,int,MANY_DUPLICATES_50,1259,14658,2190,5319
std_sort,int,MANY_DUPLICATES_50,1585,19057,2944,7063
std_sort,int,MANY_DUPLICATES_50,1995,24654,3735,8486
std_sort,int,MANY_DUPLICATES_50,2512,31745,4977,10875
std_sort,int,MANY_DUPLICATES_50,3162,43014,6436,13612
std_sort,int,MANY_DUPLICATES_50,3981,54333,8424,16927
std_sort,int,MANY_DUPLICATES_50,5012,71616,11047,21792
std_sort,int,MANY_DUPLICATES_50,6310,90473,14586,27374
std_sort,int,MANY_DUPLICATES_50,7943,116249,18947,33621
std_sort,int,MANY_DUPLICATES_50,10000,155621,24229,42424
std_sort,int,MANY_DUPLICATES_50,12589,205901,31398,53351
std_sort,int,MANY_DUPLICATES_50,15849,257729,41179,67632
std_sort,int,MANY_DUPLICATES_50,19953,337788,53340,85447
std_sort,int,MANY_DUPLICATES_50,25119,412978,70196,105880
std_sort,int,MANY_DUPLICATES_50,31623,543480,90076,134022
std_sort,int,MANY_DUPLICATES_50,39811,693103,117028,169509
std_sort,int,MANY_DUPLICATES_50,50119,895333,150993,214277
std_sort,int,MANY_DUPLICATES_50,63096,1215882,191542,268814
std_sort,int,MANY_DUPLICATES_50,79433,1567306,248775,337235
std_sort,int,MANY_DUPLICATES_50,100000,1943327,323312,424983
std_sort,int,MANY_DUPLICATES_50,125893,2475987,417980,536084
std_sort,int,MANY_DUPLICATES_50,158489,3212390,537710,675884
std_sort,int,MANY_DUPLICATES_50,199526,4191817,688661,846419
std_sort,int,MANY_DUPLICATES_50,251189,5435452,881633,1065830
std_sort,int,MANY_DUPLICATES_50,316228,6724069,1149706,1345638
std_sort,int,MANY_DUPLICATES_50,398107,8617858,1477692,1699418
std_sort,int,MANY_DUPLICATES_50,501187,11215933,1892750,2131016
std_sort,int,MANY_DUPLICATES_50,630957,14095294,2445829,2684571
std_sort,int,MANY_DUPLICATES_50,794328,18476628,3122769,3382854
std_sort,int,MANY_DUPLICATES_50,1000000,23538789,4017159,4258362
std_sort,int,MANY_DUPLICATES_50,1258925,30075466,5148010,5356758
std_sort,int,MANY_DUPLICATES_50,1584893,39041546,6578307,6747846
std_sort,int,MANY_DUPLICATES_50,1995262,48760907,8509825,8488194
std_sort,int,MANY_DUPLICATES_50,2511886,62929337,10893960,10696754
std_sort,int,MANY_DUPLICATES_50,3162277,81100495,13899970,13473424
std_sort,int,MANY_DUPLICATES_50,3981071,102428540,17890975,16952788
std_sort,int,MANY_DUPLICATES_50,5011872,130249115,23007529,21339297
std_sort,int,MANY_DUPLICATES_50,6309573,167565005,29363705,26854610
std_sort,int,MANY_DUPLICATES_50,7943282,215500158,37483096,33814760
std_sort,int,MANY_DUPLICATES_50,10000000,272047306,48174428,42552553
std_sort,int,MANY_DUPLICATES_90,1000,11303,1639,4446
std_sort,int,MANY_DUPLICATES_90,1259,15048,2162,5521
std_sort,int,MANY_DUPLICATES_90,1585,19717,2871,6832
std_sort,int,MANY_DUPLICATES_90,1995,25036,3714,8723
std_sort,int,MANY_DUPLICATES_90,2512,34146,4810,11314
std_sort,int,MANY_DUPLICATES_90,3162,43906,6392,14011
std_sort,int,MANY_DUPLICATES_90,3981,56269,8358,17821
std_sort,int,MANY_DUPLICATES_90,5012,73276,10979,22083
std_sort,int,MANY_DUPLICATES_90,6310,90838,14423,28221
std_sort,int,MANY_DUPLICATES_90,7943,116742,18795,35214
std_sort,int,MANY_DUPLICATES_90,10000,161006,23913,44603
std_sort,int,MANY_DUPLICATES_90,12589,200418,31583,56140
std_sort,int,MANY_DUPLICATES_90,15849,260444,40970,70093
std_sort,int,MANY_DUPLICATES_90,19953,334627,53307,88687
std_sort,int,MANY_DUPLICATES_90,25119,424821,69214,112109
std_sort,int,MANY_DUPLICATES_90,31623,550045,89644,139942
std_sort,int,MANY_DUPLICATES_90,39811,703675,116589,175358
std_sort,int,MANY_DUPLICATES_90,50119,908798,149561,222186
std_sort,int,MANY_DUPLICATES_90,63096,1230184,189946,281439
std_sort,int,MANY_DUPLICATES_90,79433,1518043,249793,351908
std_sort,int,MANY_DUPLICATES_90,100000,1982235,319336,442952
std_sort,int,MANY_DUPLICATES_90,125893,2538932,413422,559855
std_sort,int,MANY_DUPLICATES_90,158489,3216536,535432,703258
std_sort,int,MANY_DUPLICATES_90,199526,4115789,690655,885003
std_sort,int,MANY_DUPLICATES_90,251189,5343199,884522,1114507
std_sort,int,MANY_DUPLICATES_90,316228,6955301,1137225,1405338
std_sort,int,MANY_DUPLICATES_90,398107,8833418,1461942,1765772
std_sort,int,MANY_DUPLICATES_90,501187,11058373,1899593,2219411
std_sort,int,MANY_DUPLICATES_90,630957,14544742,2417939,2798858
std_sort,int,MANY_DUPLICATES_90,794328,18600929,3109176,3524595
std_sort,int,MANY_DUPLICATES_90,1000000,23241100,4023411,4437355
std_sort,int,MANY_DUPLICATES_90,1258925,30303627,5132608,5579101
std_sort,int,MANY_DUPLICATES_90,1584893,38280547,6618788,7038805
std_sort,int,MANY_DUPLICATES_90,1995262,50210307,8422627,8854477
std_sort,int,MANY_DUPLICATES_90,2511886,63869576,10815813,11141607
std_sort,int,MANY_DUPLICATES_90,3162277,81302672,13875361,14027392
std_sort,int,MANY_DUPLICATES_90,3981071,104334878,17782816,17657849
std_sort,int,MANY_DUPLICATES_90,5011872,132314707,22843360,22238011
std_sort,int,MANY_DUPLICATES_90,6309573,171379918,29166445,27992386
std_sort,int,MANY_DUPLICATES_90,7943282,217760746,37340677,35241369
std_sort,int,MANY_DUPLICATES_90,10000000,279109563,47735497,44376637
std_sort,int,ORGAN_PIPE,1000,20460,1503,8033
std_sort,int,ORGAN_PIPE,1259,28280,1912,10684
std_sort,int,ORGAN_PIPE,1585,38728,1838,17334
std_sort,int,ORGAN_PIPE,1995,47219,3185,18658
std_sort,int,ORGAN_PIPE,2512,65373,3873,24951
std_sort,int,ORGAN_PIPE,3162,88479,3782,39318
std_sort,int,ORGAN_PIPE,3981,108556,6438,45257
std_sort,int,ORGAN_PIPE,5012,148693,7597,58878
std_sort,int,ORGAN_PIPE,6310,198788,7616,88853
std_sort,int,ORGAN_PIPE,7943,243300,12707,102121
std_sort,int,ORGAN_PIPE,10000,334485,14818,137950
std_sort,int,ORGAN_PIPE,12589,440188,15219,195401
std_sort,int,ORGAN_PIPE,15849,541356,24956,230295
std_sort,int,ORGAN_PIPE,19953,744311,27345,316234
std_sort,int,ORGAN_PIPE,25119,967028,28070,429943
std_sort,int,ORGAN_PIPE,31623,1187370,48014,507927
std_sort,int,ORGAN_PIPE,39811,1610831,55746,678340
std_sort,int,ORGAN_PIPE,50119,2109065,52715,940499
std_sort,int,ORGAN_PIPE,63096,2594640,91237,1120739
std_sort,int,ORGAN_PIPE,79433,3502574,103864,1490343
std_sort,int,ORGAN_PIPE,100000,4539618,101725,2011404
std_sort,int,ORGAN_PIPE,125893,5612542,171970,2426033
std_sort,int,ORGAN_PIPE,158489,7508327,203962,3178169
std_sort,int,ORGAN_PIPE,199526,9645378,214433,4202960
std_sort,int,ORGAN_PIPE,251189,12000426,343140,5142058
std_sort,int,ORGAN_PIPE,316228,16022300,394952,6756977
std_sort,int,ORGAN_PIPE,398107,20584491,403270,8931066
std_sort,int,ORGAN_PIPE,501187,25527098,669836,10843437
std_sort,int,ORGAN_PIPE,630957,34091715,757040,14352019
std_sort,int,ORGAN_PIPE,794328,43613457,763925,18763855
std_sort,int,ORGAN_PIPE,1000000,54113388,1302164,22828193
std_sort,int,ORGAN_PIPE,1258925,72103624,1477222,30217449
std_sort,int,ORGAN_PIPE,1584893,91662616,1619892,38914365
std_sort,int,ORGAN_PIPE,1995262,114202932,2553953,47810398
std_sort,int,ORGAN_PIPE,2511886,152312550,2787354,63743419
std_sort,int,ORGAN_PIPE,3162277,193815364,2862221,82328347
std_sort,int,ORGAN_PIPE,3981071,240837363,4873576,100425640
std_sort,int,ORGAN_PIPE,5011872,319205413,5525471,132482223
std_sort,int,ORGAN_PIPE,6309573,405190800,5842353,169983017
std_sort,int,ORGAN_PIPE,7943282,505236541,9592365,209182647
std_sort,int,ORGAN_PIPE,10000000,667396341,10779720,274775536
std_sort,int,SAWTOOTH,1000,12299,1747,3190
std_sort,int,SAWTOOTH,1259,14641,2325,4057
std_sort,int,SAWTOOTH,1585,21264,2990,5204
std_sort,int,SAWTOOTH,1995,26359,3973,6471
std_sort,int,SAWTOOTH,2512,35440,5176,7930
std_sort,int,SAWTOOTH,3162,48951,6788,10254
std_sort,int,SAWTOOTH,3981,60884,8745,13006
std_sort,int,SAWTOOTH,5012,80809,11438,16474
std_sort,int,SAWTOOTH,6310,99785,15138,20869
std_sort,int,SAWTOOTH,7943,130918,19689,26496
std_sort,int,SAWTOOTH,10000,183671,25259,32658
std_sort,int,SAWTOOTH,12589,223209,33036,41000
std_sort,int,SAWTOOTH,15849,314719,41258,52728
std_sort,int,SAWTOOTH,19953,404892,55060,66851
std_sort,int,SAWTOOTH,25119,492690,71593,82713
std_sort,int,SAWTOOTH,31623,651914,91381,103769
std_sort,int,SAWTOOTH,39811,861868,118648,130679
std_sort,int,SAWTOOTH,50119,1093028,155005,164971
std_sort,int,SAWTOOTH,63096,1457155,196282,209891
std_sort,int,SAWTOOTH,79433,1872632,257983,261643
std_sort,int,SAWTOOTH,100000,2543248,327278,328609
std_sort,int,SAWTOOTH,125893,3165043,421850,425932
std_sort,int,SAWTOOTH,158489,3838603,548204,520656
std_sort,int,SAWTOOTH,199526,5451783,695761,687793
std_sort,int,SAWTOOTH,251189,6913102,895132,851949
std_sort,int,SAWTOOTH,316228,8715134,1164927,1105003
std_sort,int,SAWTOOTH,398107,10781889,1512073,1306799
std_sort,int,SAWTOOTH,501187,14045366,1929528,1670579
std_sort,int,SAWTOOTH,630957,17950815,2474135,2069860
std_sort,int,SAWTOOTH,794328,23363874,3201943,2619763
std_sort,int,SAWTOOTH,1000000,33306670,4010731,3606681
std_sort,int,SAWTOOTH,1258925,43485016,5093998,4720610
std_sort,int,SAWTOOTH,1584893,51080990,6670347,5266934
std_sort,int,SAWTOOTH,1995262,67962315,8540787,6918746
std_sort,int,SAWTOOTH,2511886,81199166,10925713,8313832
std_sort,int,SAWTOOTH,3162277,104705056,14111291,10431177
std_sort,int,SAWTOOTH,3981071,140148568,18110869,13824962
std_sort,int,SAWTOOTH,5011872,177875565,23096936,16559198
std_sort,int,SAWTOOTH,6309573,223296058,29414024,21008856
std_sort,int,SAWTOOTH,7943282,297550686,37424170,28219170
std_sort,int,SAWTOOTH,10000000,405425835,47894088,36398736
std_sort,double,RANDOM,1000,11920,1566,4891
std_sort,double,RANDOM,1259,15339,2118,5961
std_sort,double,RANDOM,1585,20883,2813,7387
std_sort,double,RANDOM,1995,26440,3638,9477
std_sort,double,RANDOM,2512,34178,4805,11961
std_sort,double,RANDOM,3162,44146,6433,14498
std_sort,double,RANDOM,3981,58422,8212,18807
std_sort,double,RANDOM,5012,72305,10887,23717
std_sort,double,RANDOM,6310,95273,14187,29408
std_sort,double,RANDOM,7943,127838,18323,36563
std_sort,double,RANDOM,10000,163039,23851,46651
std_sort,double,RANDOM,12589,206166,31308,58677
std_sort,double,RANDOM,15849,263566,40677,74568
std_sort,double,RANDOM,19953,345300,52568,93453
std_sort,double,RANDOM,25119,436553,68503,118510
std_sort,double,RANDOM,31623,571659,87495,148655
std_sort,double,RANDOM,39811,738376,114463,186637
std_sort,double,RANDOM,50119,947834,147665,234988
std_sort,double,RANDOM,63096,1232781,190605,295081
std_sort,double,RANDOM,79433,1561701,247284,372248
std_sort,double,RANDOM,100000,2128558,313978,470215
std_sort,double,RANDOM,125893,2583330,409769,589502
std_sort,double,RANDOM,158489,3310255,529211,745513
std_sort,double,RANDOM,199526,4320147,677820,934992
std_sort,double,RANDOM,251189,5612231,870214,1179318
std_sort,double,RANDOM,316228,6967422,1130738,1483668
std_sort,double,RANDOM,398107,8830910,1460990,1867707
std_sort,double,RANDOM,501187,12164762,1851999,2349191
std_sort,double,RANDOM,630957,14703487,2395797,2961904
std_sort,double,RANDOM,794328,18601973,3097324,3724160
std_sort,double,RANDOM,1000000,23855684,3980820,4687402
std_sort,double,RANDOM,1258925,31632492,5066595,5901844
std_sort,double,RANDOM,1584893,39425841,6550568,7434770
std_sort,double,RANDOM,1995262,49973873,8437323,9361413
std_sort,double,RANDOM,2511886,63418124,10863218,11773871
std_sort,double,RANDOM,3162277,81938089,13832431,14840948
std_sort,double,RANDOM,3981071,105063203,17697292,18675511
std_sort,double,RANDOM,5011872,134772067,22634857,23508747
std_sort,double,RANDOM,6309573,178153665,28785038,29601137
std_sort,double,RANDOM,7943282,223029463,37058491,37255936
std_sort,double,RANDOM,10000000,283585435,47467906,46921113
std_sort,double,NEARLY_SORTED,1000,10724,387,3089
std_sort,double,NEARLY_SORTED,1259,14126,524,3815
std_sort,double,NEARLY_SORTED,1585,18114,714,4818
std_sort,double,NEARLY_SORTED,1995,24082,876,6245
std_sort,double,NEARLY_SORTED,2512,30481,1192,7785
std_sort,double,NEARLY_SORTED,3162,41454,1493,9797
std_sort,double,NEARLY_SORTED,3981,52938,1909,12595
std_sort,double,NEARLY_SORTED,5012,69204,2529,15404
std_sort,double,NEARLY_SORTED,6310,93990,3272,19659
std_sort,double,NEARLY_SORTED,7943,117683,4176,24666
std_sort,double,NEARLY_SORTED,10000,155135,5476,30872
std_sort,double,NEARLY_SORTED,12589,201776,7150,39036
std_sort,double,NEARLY_SORTED,15849,262943,9066,50140
std_sort,double,NEARLY_SORTED,19953,343534,11825,61602
std_sort,double,NEARLY_SORTED,25119,440495,15403,77346
std_sort,double,NEARLY_SORTED,31623,528647,19602,98221
std_sort,double,NEARLY_SORTED,39811,703728,25349,123705
std_sort,double,NEARLY_SORTED,50119,900387,32241,156076
std_sort,double,NEARLY_SORTED,63096,1121406,42073,195217
std_sort,double,NEARLY_SORTED,79433,1461366,53658,246591
std_sort,double,NEARLY_SORTED,100000,1976732,69464,310942
std_sort,double,NEARLY_SORTED,125893,2468987,88687,390346
std_sort,double,NEARLY_SORTED,158489,3296262,114364,493214
std_sort,double,NEARLY_SORTED,199526,4095436,146027,618993
std_sort,double,NEARLY_SORTED,251189,5266966,189539,781077
std_sort,double,NEARLY_SORTED,316228,6826710,242753,983469
std_sort,double,NEARLY_SORTED,398107,8746110,311978,1236642
std_sort,double,NEARLY_SORTED,501187,11210979,400122,1555386
std_sort,double,NEARLY_SORTED,630957,14778993,512850,1958167
std_sort,double,NEARLY_SORTED,794328,18877700,657057,2464957
std_sort,double,NEARLY_SORTED,1000000,24077606,840914,3101244
std_sort,double,NEARLY_SORTED,1258925,31296405,1080411,3905247
std_sort,double,NEARLY_SORTED,1584893,40528001,1381097,4919310
std_sort,double,NEARLY_SORTED,1995262,50392558,1765934,6193448
std_sort,double,NEARLY_SORTED,2511886,64930473,2259248,7799458
std_sort,double,NEARLY_SORTED,3162277,83547184,2895651,9812334
std_sort,double,NEARLY_SORTED,3981071,106784442,3701628,12361295
std_sort,double,NEARLY_SORTED,5011872,137210912,4736768,15557687
std_sort,double,NEARLY_SORTED,6309573,174793927,6037841,19579144
std_sort,double,NEARLY_SORTED,7943282,224664238,7739006,24664080
std_sort,double,NEARLY_SORTED,10000000,287087095,9866951,31042837
std_sort,double,REVERSE_SORTED,1000,8138,562,2934
std_sort,double,REVERSE_SORTED,1259,11597,756,3647
std_sort,double,REVERSE_SORTED,1585,14531,919,4625
std_sort,double,REVERSE_SORTED,1995,18221,1124,5855
std_sort,double,REVERSE_SORTED,2512,25642,1510,7278
std_sort,double,REVERSE_SORTED,3162,32142,1835,9228
std_sort,double,REVERSE_SORTED,3981,40332,2245,11685
std_sort,double,REVERSE_SORTED,5012,56166,3016,14522
std_sort,double,REVERSE_SORTED,6310,70444,3665,18416
std_sort,double,REVERSE_SORTED,7943,88407,4482,23315
std_sort,double,REVERSE_SORTED,10000,122058,6022,28974
std_sort,double,REVERSE_SORTED,12589,153126,7317,36741
std_sort,double,REVERSE_SORTED,15849,192246,8947,46521
std_sort,double,REVERSE_SORTED,19953,263495,12023,57809
std_sort,double,REVERSE_SORTED,25119,330653,14606,73307
std_sort,double,REVERSE_SORTED,31623,415205,17858,92819
std_sort,double,REVERSE_SORTED,39811,565556,24000,115335
std_sort,double,REVERSE_SORTED,50119,709868,29154,146259
std_sort,double,REVERSE_SORTED,63096,891546,35642,185190
std_sort,double,REVERSE_SORTED,79433,1207889,47907,230105
std_sort,double,REVERSE_SORTED,100000,1516394,58190,291806
std_sort,double,REVERSE_SORTED,125893,1904789,71137,369485
std_sort,double,REVERSE_SORTED,158489,2568602,95627,459081
std_sort,double,REVERSE_SORTED,199526,3225194,116145,582192
std_sort,double,REVERSE_SORTED,251189,4051802,141977,737181
std_sort,double,REVERSE_SORTED,316228,5441422,190880,915914
std_sort,double,REVERSE_SORTED,398107,6833365,231820,1161551
std_sort,double,REVERSE_SORTED,501187,8585725,283360,1470791
std_sort,double,REVERSE_SORTED,630957,11488308,381013,1827333
std_sort,double,REVERSE_SORTED,794328,14428986,462698,2317446
std_sort,double,REVERSE_SORTED,1000000,18131082,565534,2934462
std_sort,double,REVERSE_SORTED,1258925,24181729,760533,3645701
std_sort,double,REVERSE_SORTED,1584893,30375121,923517,4623605
std_sort,double,REVERSE_SORTED,1995262,38172132,1128701,5854712
std_sort,double,REVERSE_SORTED,2511886,50762018,1518085,7273512
std_sort,double,REVERSE_SORTED,3162277,63769838,1843281,9224685
std_sort,double,REVERSE_SORTED,3981071,80145718,2252678,11681067
std_sort,double,REVERSE_SORTED,5011872,106297898,3030222,14511326
std_sort,double,REVERSE_SORTED,6309573,133549619,3679073,18404429
std_sort,double,REVERSE_SORTED,7943282,167857508,4495927,23305556
std_sort,double,REVERSE_SORTED,10000000,222097162,6048574,28951422
std_sort,double,MANY_DUPLICATES_10,1000,11920,1566,4891
std_sort,double,MANY_DUPLICATES_10,1259,15339,2118,5961
std_sort,double,MANY_DUPLICATES_10,1585,20883,2813,7387
std_sort,double,MANY_DUPLICATES_10,1995,26440,3638,9477
std_sort,double,MANY_DUPLICATES_10,2512,34178,4805,11961
std_sort,double,MANY_DUPLICATES_10,3162,44146,6433,14498
std_sort,double,MANY_DUPLICATES_10,3981,58422,8212,18807
std_sort,double,MANY_DUPLICATES_10,5012,72305,10887,23717
std_sort,double,MANY_DUPLICATES_10,6310,95273,14187,29408
std_sort,double,MANY_DUPLICATES_10,7943,127838,18323,36563
std_sort,double,MANY_DUPLICATES_10,10000,163039,23851,46651
std_sort,double,MANY_DUPLICATES_10,12589,206166,31308,58677
std_sort,double,MANY_DUPLICATES_10,15849,263566,40677,74568
std_sort,double,MANY_DUPLICATES_10,19953,345300,52568,93453
std_sort,double,MANY_DUPLICATES_10,25119,436553,68503,118510
std_sort,double,MANY_DUPLICATES_10,31623,571659,87495,148655
std_sort,double,MANY_DUPLICATES_10,39811,738376,114463,186637
std_sort,double,MANY_DUPLICATES_10,50119,947834,147665,234988
std_sort,double,MANY_DUPLICATES_10,63096,1232781,190605,295081
std_sort,double,MANY_DUPLICATES_10,79433,1561701,247284,372248
std_sort,double,MANY_DUPLICATES_10,100000,2128558,313978,470215
std_sort,double,MANY_DUPLICATES_10,125893,2583330,409769,589502
std_sort,double,MANY_DUPLICATES_10,158489,3310255,529211,745513
std_sort,double,MANY_DUPLICATES_10,199526,4320147,677820,934992
std_sort,double,MANY_DUPLICATES_10,251189,5612231,870214,1179318
std_sort,double,MANY_DUPLICATES_10,316228,6967422,1130738,1483668
std_sort,double,MANY_DUPLICATES_10,398107,8830910,1460990,1867707
std_sort,double,MANY_DUPLICATES_10,501187,12164762,1851999,2349191
std_sort,double,MANY_DUPLICATES_10,630957,14703487,2395797,2961904
std_sort,double,MANY_DUPLICATES_10,794328,18601973,3097324,3724160
std_sort,double,MANY_DUPLICATES_10,1000000,23855684,3980820,4687402
std_sort,double,MANY_DUPLICATES_10,1258925,31632492,5066595,5901844
std_sort,double,MANY_DUPLICATES_10,1584893,39425841,6550568,7434770
std_sort,double,MANY_DUPLICATES_10,1995262,49973873,8437323,9361413
std_sort,double,MANY_DUPLICATES_10,2511886,63418124,10863218,11773871
std_sort,double,MANY_DUPLICATES_10,3162277,81938089,13832431,14840948
std_sort,double,MANY_DUPLICATES_10,3981071,105063203,17697292,18675511
std_sort,double,MANY_DUPLICATES_10,5011872,134772067,22634857,23508747
std_sort,double,MANY_DUPLICATES_10,6309573,178153665,28785038,29601137
std_sort,double,MANY_DUPLICATES_10,7943282,223029463,37058491,37255936
std_sort,double,MANY_DUPLICATES_10,10000000,283585435,47467906,46921113
std_sort,double,MANY_DUPLICATES_50,1000,11920,1566,4891
std_sort,double,MANY_DUPLICATES_50,1259,15339,2118,5961
std_sort,double,MANY_DUPLICATES_50,1585,20883,2813,7387
std_sort,double,MANY_DUPLICATES_50,1995,26440,3638,9477
std_sort,double,MANY_DUPLICATES_50,2512,34178,4805,11961
std_sort,double,MANY_DUPLICATES_50,3162,44146,6433,14498
std_sort,double,MANY_DUPLICATES_50,3981,58422,8212,18807
std_sort,double,MANY_DUPLICATES_50,5012,72305,10887,23717
std_sort,double,MANY_DUPLICATES_50,6310,95273,14187,29408
std_sort,double,MANY_DUPLICATES_50,7943,127838,18323,36563
std_sort,double,MANY_DUPLICATES_50,10000,163039,23851,46651
std_sort,double,MANY_DUPLICATES_50,12589,206166,31308,58677
std_sort,double,MANY_DUPLICATES_50,15849,263566,40677,74568
std_sort,double,MANY_DUPLICATES_50,19953,345300,52568,93453
std_sort,double,MANY_DUPLICATES_50,25119,436553,68503,118510
std_sort,double,MANY_DUPLICATES_50,31623,571659,87495,148655
std_sort,double,MANY_DUPLICATES_50,39811,738376,114463,186637
std_sort,double,MANY_DUPLICATES_50,50119,947834,147665,234988
std_sort,double,MANY_DUPLICATES_50,63096,1232781,190605,295081
std_sort,double,MANY_DUPLICATES_50,79433,1561701,247284,372248
std_sort,double,MANY_DUPLICATES_50,100000,2128558,313978,470215
std_sort,double,MANY_DUPLICATES_50,125893,2583330,409769,589502
std_sort,double,MANY_DUPLICATES_50,158489,3310255,529211,745513
std_sort,double,MANY_DUPLICATES_50,199526,4320147,677820,934992
std_sort,double,MANY_DUPLICATES_50,251189,5612231,870214,1179318
std_sort,double,MANY_DUPLICATES_50,316228,6967422,1130738,1483668
std_sort,double,MANY_DUPLICATES_50,398107,8830910,1460990,1867707
std_sort,double,MANY_DUPLICATES_50,501187,12164762,1851999,2349191
std_sort,double,MANY_DUPLICATES_50,630957,14703487,2395797,2961904
std_sort,double,MANY_DUPLICATES_50,794328,18601973,3097324,3724160
std_sort,double,MANY_DUPLICATES_50,1000000,23855684,3980820,4687402
std_sort,double,MANY_DUPLICATES_50,1258925,31632492,5066595,5901844
std_sort,double,MANY_DUPLICATES_50,1584893,39425841,6550568,7434770
std_sort,double,MANY_DUPLICATES_50,1995262,49973873,8437323,9361413
std_sort,double,MANY_DUPLICATES_50,2511886,63418124,10863218,11773871
std_sort,double,MANY_DUPLICATES_50,3162277,81938089,13832431,14840948
std_sort,double,MANY_DUPLICATES_50,3981071,105063203,17697292,18675511
std_sort,double,MANY_DUPLICATES_50,5011872,134772067,22634857,23508747
std_sort,double,MANY_DUPLICATES_50,6309573,178153665,28785038,29601137
std_sort,double,MANY_DUPLICATES_50,7943282,223029463,37058491,37255936
std_sort,double,MANY_DUPLICATES_50,10000000,283585435,47467906,46921113
std_sort,double,MANY_DUPLICATES_90,1000,11920,1566,4891
std_sort,double,MANY_DUPLICATES_90,1259,15339,2118,5961
std_sort,double,MANY_DUPLICATES_90,1585,20883,2813,7387
std_sort,double,MANY_DUPLICATES_90,1995,26440,3638,9477
std_sort,double,MANY_DUPLICATES_90,2512,34178,4805,11961
std_sort,double,MANY_DUPLICATES_90,3162,44146,6433,14498
std_sort,double,MANY_DUPLICATES_90,3981,58422,8212,18807
std_sort,double,MANY_DUPLICATES_90,5012,72305,10887,23717
std_sort,double,MANY_DUPLICATES_90,6310,95273,14187,29408
std_sort,double,MANY_DUPLICATES_90,7943,127838,18323,36563
std_sort,double,MANY_DUPLICATES_90,10000,163039,23851,46651
std_sort,double,MANY_DUPLICATES_90,12589,206166,31308,58677
std_sort,double,MANY_DUPLICATES_90,15849,263566,40677,74568
std_sort,double,MANY_DUPLICATES_90,19953,345300,52568,93453
std_sort,double,MANY_DUPLICATES_90,25119,436553,68503,118510
std_sort,double,MANY_DUPLICATES_90,31623,571659,87495,148655
std_sort,double,MANY_DUPLICATES_90,39811,738376,114463,186637
std_sort,double,MANY_DUPLICATES_90,50119,947834,147665,234988
std_sort,double,MANY_DUPLICATES_90,63096,1232781,190605,295081
std_sort,double,MANY_DUPLICATES_90,79433,1561701,247284,372248
std_sort,double,MANY_DUPLICATES_90,100000,2128558,313978,470215
std_sort,double,MANY_DUPLICATES_90,125893,2583330,409769,589502
std_sort,double,MANY_DUPLICATES_90,158489,3310255,529211,745513
std_sort,double,MANY_DUPLICATES_90,199526,4320147,677820,934992
std_sort,double,MANY_DUPLICATES_90,251189,5612231,870214,1179318
std_sort,double,MANY_DUPLICATES_90,316228,6967422,1130738,1483668
std_sort,double,MANY_DUPLICATES_90,398107,8830910,1460990,1867707
std_sort,double,MANY_DUPLICATES_90,501187,12164762,1851999,2349191
std_sort,double,MANY_DUPLICATES_90,630957,14703487,2395797,2961904
std_sort,double,MANY_DUPLICATES_90,794328,18601973,3097324,3724160
std_sort,double,MANY_DUPLICATES_90,1000000,23855684,3980820,4687402
std_sort,double,MANY_DUPLICATES_90,1258925,31632492,5066595,5901844
std_sort,double,MANY_DUPLICATES_90,1584893,39425841,6550568,7434770
std_sort,double,MANY_DUPLICATES_90,1995262,49973873,8437323,9361413
std_sort,double,MANY_DUPLICATES_90,2511886,63418124,10863218,11773871
std_sort,double,MANY_DUPLICATES_90,3162277,81938089,13832431,14840948
std_sort,double,MANY_DUPLICATES_90,3981071,105063203,17697292,18675511
std_sort,double,MANY_DUPLICATES_90,5011872,134772067,22634857,23508747
std_sort,double,MANY_DUPLICATES_90,6309573,178153665,28785038,29601137
std_sort,double,MANY_DUPLICATES_90,7943282,223029463,37058491,37255936
std_sort,double,MANY_DUPLICATES_90,10000000,283585435,47467906,46921113
std_sort,double,ORGAN_PIPE,1000,20460,1503,8033
std_sort,double,ORGAN_PIPE,1259,28280,1912,10684
std_sort,double,ORGAN_PIPE,1585,38728,1838,17334
std_sort,double,ORGAN_PIPE,1995,47219,3185,18658
std_sort,double,ORGAN_PIPE,2512,65373,3873,24951
std_sort,double,ORGAN_PIPE,3162,88479,3782,39318
std_sort,double,ORGAN_PIPE,3981,108556,6438,45257
std_sort,double,ORGAN_PIPE,5012,148693,7597,58878
std_sort,double,ORGAN_PIPE,6310,198788,7616,88853
std_sort,double,ORGAN_PIPE,7943,243300,12707,102121
std_sort,double,ORGAN_PIPE,10000,334485,14818,137950
std_sort,double,ORGAN_PIPE,12589,440188,15219,195401
std_sort,double,ORGAN_PIPE,15849,541356,24956,230295
std_sort,double,ORGAN_PIPE,19953,744311,27345,316234
std_sort,double,ORGAN_PIPE,25119,967028,28070,429943
std_sort,double,ORGAN_PIPE,31623,1187370,48014,507927
std_sort,double,ORGAN_PIPE,39811,1610831,55746,678340
std_sort,double,ORGAN_PIPE,50119,2109065,52715,940499
std_sort,double,ORGAN_PIPE,63096,2594640,91237,1120739
std_sort,double,ORGAN_PIPE,79433,3502574,103864,1490343
std_sort,double,ORGAN_PIPE,100000,4539618,101725,2011404
std_sort,double,ORGAN_PIPE,125893,5612542,171970,2426033
std_sort,double,ORGAN_PIPE,158489,7508327,203962,3178169
std_sort,double,ORGAN_PIPE,199526,9645378,214433,4202960
std_sort,double,ORGAN_PIPE,251189,12000426,343140,5142058
std_sort,double,ORGAN_PIPE,316228,16022300,394952,6756977
std_sort,double,ORGAN_PIPE,398107,20584491,403270,8931066
std_sort,double,ORGAN_PIPE,501187,25527098,669836,10843437
std_sort,double,ORGAN_PIPE,630957,34091715,757040,14352019
std_sort,double,ORGAN_PIPE,794328,43613457,763925,18763855
std_sort,double,ORGAN_PIPE,1000000,54113388,1302164,22828193
std_sort,double,ORGAN_PIPE,1258925,72103624,1477222,30217449
std_sort,double,ORGAN_PIPE,1584893,91662616,1619892,38914365
std_sort,double,ORGAN_PIPE,1995262,114202932,2553953,47810398
std_sort,double,ORGAN_PIPE,2511886,152312550,2787354,63743419
std_sort,double,ORGAN_PIPE,3162277,193815364,2862221,82328347
std_sort,double,ORGAN_PIPE,3981071,240837363,4873576,100425640
std_sort,double,ORGAN_PIPE,5011872,319205413,5525471,132482223
std_sort,double,ORGAN_PIPE,6309573,405190800,5842353,169983017
std_sort,double,ORGAN_PIPE,7943282,505236541,9592365,209182647
std_sort,double,ORGAN_PIPE,10000000,667396341,10779720,274775536
std_sort,double,SAWTOOTH,1000,12299,1747,3190
std_sort,double,SAWTOOTH,1259,14641,2325,4057
std_sort,double,SAWTOOTH,1585,21264,2990,5204
std_sort,double,SAWTOOTH,1995,26359,3973,6471
std_sort,double,SAWTOOTH,2512,35440,5176,7930
std_sort,double,SAWTOOTH,3162,48951,6788,10254
std_sort,double,SAWTOOTH,3981,60884,8745,13006
std_sort,double,SAWTOOTH,5012,80809,11438,16474
std_sort,double,SAWTOOTH,6310,99785,15138,20869
std_sort,double,SAWTOOTH,7943,130918,19689,26496
std_sort,double,SAWTOOTH,10000,183671,25259,32658
std_sort,double,SAWTOOTH,12589,223209,33036,41000
std_sort,double,SAWTOOTH,15849,314719,41258,52728
std_sort,double,SAWTOOTH,19953,404892,55060,66851
std_sort,double,SAWTOOTH,25119,492690,71593,82713
std_sort,double,SAWTOOTH,31623,651914,91381,103769
std_sort,double,SAWTOOTH,39811,861868,118648,130679
std_sort,double,SAWTOOTH,50119,1093028,155005,164971
std_sort,double,SAWTOOTH,63096,1457155,196282,209891
std_sort,double,SAWTOOTH,79433,1872632,257983,261643
std_sort,double,SAWTOOTH,100000,2543248,327278,328609
std_sort,double,SAWTOOTH,125893,3165043,421850,425932
std_sort,double,SAWTOOTH,158489,3838603,548204,520656
std_sort,double,SAWTOOTH,199526,5451783,695761,687793
std_sort,double,SAWTOOTH,251189,6913102,895132,851949
std_sort,double,SAWTOOTH,316228,8715134,1164927,1105003
std_sort,double,SAWTOOTH,398107,10781889,1512073,1306799
std_sort,double,SAWTOOTH,501187,14045366,1929528,1670579
std_sort,double,SAWTOOTH,630957,17950815,2474135,2069860
std_sort,double,SAWTOOTH,794328,23363874,3201943,2619763
std_sort,double,SAWTOOTH,1000000,33306670,4010731,3606681
std_sort,double,SAWTOOTH,1258925,43485016,5093998,4720610
std_sort,double,SAWTOOTH,1584893,51080990,6670347,5266934
std_sort,double,SAWTOOTH,1995262,67962315,8540787,6918746
std_sort,double,SAWTOOTH,2511886,81199166,10925713,8313832
std_sort,double,SAWTOOTH,3162277,104705056,14111291,10431177
std_sort,double,SAWTOOTH,3981071,140148568,18110869,13824962
std_sort,double,SAWTOOTH,5011872,177875565,23096936,16559198
std_sort,double,SAWTOOTH,6309573,223296058,29414024,21008856
std_sort,double,SAWTOOTH,7943282,297550686,37424170,28219170
std_sort,double,SAWTOOTH,10000000,405425835,47894088,36398736
std_stable_sort,int,RANDOM,1000,9802,0,13244
std_stable_sort,int,RANDOM,1259,12204,0,16683
std_stable_sort,int,RANDOM,1585,15882,0,21025
std_stable_sort,int,RANDOM,1995,21365,0,26393
std_stable_sort,int,RANDOM,2512,26887,0,33239
std_stable_sort,int,RANDOM,3162,34840,0,41776
std_stable_sort,int,RANDOM,3981,46855,0,60689
std_stable_sort,int,RANDOM,5012,59043,0,76386
std_stable_sort,int,RANDOM,6310,76112,0,96055
std_stable_sort,int,RANDOM,7943,101547,0,120632
std_stable_sort,int,RANDOM,10000,127798,0,152388
std_stable_sort,int,RANDOM,12589,164773,0,191738
std_stable_sort,int,RANDOM,15849,218984,0,272895
std_stable_sort,int,RANDOM,19953,275163,0,343668
std_stable_sort,int,RANDOM,25119,353794,0,432780
std_stable_sort,int,RANDOM,31623,468036,0,544228
std_stable_sort,int,RANDOM,39811,588556,0,685219
std_stable_sort,int,RANDOM,50119,749670,0,862969
std_stable_sort,int,RANDOM,63096,997933,0,1212388
std_stable_sort,int,RANDOM,79433,1254878,0,1526110
std_stable_sort,int,RANDOM,100000,1595459,0,1921458
std_stable_sort,int,RANDOM,125893,2118148,0,2419151
std_stable_sort,int,RANDOM,158489,2663042,0,3045456
std_stable_sort,int,RANDOM,199526,3383519,0,3833462
std_stable_sort,int,RANDOM,251189,4479291,0,5328321
std_stable_sort,int,RANDOM,316228,5630996,0,6708768
std_stable_sort,int,RANDOM,398107,7149864,0,8445724
std_stable_sort,int,RANDOM,501187,9430349,0,10631654
std_stable_sort,int,RANDOM,630957,11874123,0,13385348
std_stable_sort,int,RANDOM,794328,15056709,0,16852756
std_stable_sort,int,RANDOM,1000000,19821880,0,23215840
std_stable_sort,int,RANDOM,1258925,24842962,0,29223683
std_stable_sort,int,RANDOM,1584893,31629333,0,36794291
std_stable_sort,int,RANDOM,1995262,41557495,0,46317770
std_stable_sort,int,RANDOM,2511886,52088374,0,58312137
std_stable_sort,int,RANDOM,3162277,66281519,0,73406902
std_stable_sort,int,RANDOM,3981071,86925271,0,100381661
std_stable_sort,int,RANDOM,5011872,108949509,0,126373709
std_stable_sort,int,RANDOM,6309573,138602731,0,159089506
std_stable_sort,int,RANDOM,7943282,181462899,0,200288407
std_stable_sort,int,RANDOM,10000000,227427176,0,252139924
std_stable_sort,int,NEARLY_SORTED,1000,8895,0,12214
std_stable_sort,int,NEARLY_SORTED,1259,11046,0,15339
std_stable_sort,int,NEARLY_SORTED,1585,14341,0,19343
std_stable_sort,int,NEARLY_SORTED,1995,19625,0,24337
std_stable_sort,int,NEARLY_SORTED,2512,24722,0,30673
std_stable_sort,int,NEARLY_SORTED,3162,32224,0,38664
std_stable_sort,int,NEARLY_SORTED,3981,43197,0,56554
std_stable_sort,int,NEARLY_SORTED,5012,54521,0,71191
std_stable_sort,int,NEARLY_SORTED,6310,70783,0,89634
std_stable_sort,int,NEARLY_SORTED,7943,95002,0,112915
std_stable_sort,int,NEARLY_SORTED,10000,118985,0,142051
std_stable_sort,int,NEARLY_SORTED,12589,154247,0,178750
std_stable_sort,int,NEARLY_SORTED,15849,204999,0,256889
std_stable_sort,int,NEARLY_SORTED,19953,257295,0,323419
std_stable_sort,int,NEARLY_SORTED,25119,332162,0,407276
std_stable_sort,int,NEARLY_SORTED,31623,440862,0,512490
std_stable_sort,int,NEARLY_SORTED,39811,554069,0,645321
std_stable_sort,int,NEARLY_SORTED,50119,705418,0,811970
std_stable_sort,int,NEARLY_SORTED,63096,941208,0,1148690
std_stable_sort,int,NEARLY_SORTED,79433,1185945,0,1446605
std_stable_sort,int,NEARLY_SORTED,100000,1506449,0,1821262
std_stable_sort,int,NEARLY_SORTED,125893,2007053,0,2292937
std_stable_sort,int,NEARLY_SORTED,158489,2523201,0,2885449
std_stable_sort,int,NEARLY_SORTED,199526,3206698,0,3633054
std_stable_sort,int,NEARLY_SORTED,251189,4259644,0,5076146
std_stable_sort,int,NEARLY_SORTED,316228,5354258,0,6390352
std_stable_sort,int,NEARLY_SORTED,398107,6797054,0,8045712
std_stable_sort,int,NEARLY_SORTED,501187,8982323,0,10128634
std_stable_sort,int,NEARLY_SORTED,630957,11316227,0,12750334
std_stable_sort,int,NEARLY_SORTED,794328,14352410,0,16052159
std_stable_sort,int,NEARLY_SORTED,1000000,18942941,0,22207506
std_stable_sort,int,NEARLY_SORTED,1258925,23737675,0,27959995
std_stable_sort,int,NEARLY_SORTED,1584893,30231947,0,35199300
std_stable_sort,int,NEARLY_SORTED,1995262,39795366,0,44311016
std_stable_sort,int,NEARLY_SORTED,2511886,49859202,0,55785108
std_stable_sort,int,NEARLY_SORTED,3162277,63485692,0,70228799
std_stable_sort,int,NEARLY_SORTED,3981071,83393426,0,96375794
std_stable_sort,int,NEARLY_SORTED,5011872,104522350,0,121330277
std_stable_sort,int,NEARLY_SORTED,6309573,133034850,0,152745798
std_stable_sort,int,NEARLY_SORTED,7943282,174469717,0,192300848
std_stable_sort,int,NEARLY_SORTED,10000000,218603311,0,242087621
std_stable_sort,int,REVERSE_SORTED,1000,4292,0,14701
std_stable_sort,int,REVERSE_SORTED,1259,5555,0,18523
std_stable_sort,int,REVERSE_SORTED,1585,7356,0,23312
std_stable_sort,int,REVERSE_SORTED,1995,9553,0,29342
std_stable_sort,int,REVERSE_SORTED,2512,12328,0,36949
std_stable_sort,int,REVERSE_SORTED,3162,16253,0,46521
std_stable_sort,int,REVERSE_SORTED,3981,21046,0,66527
std_stable_sort,int,REVERSE_SORTED,5012,27088,0,83773
std_stable_sort,int,REVERSE_SORTED,6310,35581,0,105457
std_stable_sort,int,REVERSE_SORTED,7943,45949,0,132749
std_stable_sort,int,REVERSE_SORTED,10000,59020,0,167131
std_stable_sort,int,REVERSE_SORTED,12589,77285,0,210406
std_stable_sort,int,REVERSE_SORTED,15849,99578,0,296599
std_stable_sort,int,REVERSE_SORTED,19953,127725,0,373396
std_stable_sort,int,REVERSE_SORTED,25119,166807,0,470074
std_stable_sort,int,REVERSE_SORTED,31623,214458,0,591794
std_stable_sort,int,REVERSE_SORTED,39811,274690,0,745023
std_stable_sort,int,REVERSE_SORTED,50119,357753,0,937939
std_stable_sort,int,REVERSE_SORTED,63096,459432,0,1306983
std_stable_sort,int,REVERSE_SORTED,79433,587690,0,1645390
std_stable_sort,int,REVERSE_SORTED,100000,763036,0,2071423
std_stable_sort,int,REVERSE_SORTED,125893,979738,0,2607771
std_stable_sort,int,REVERSE_SORTED,158489,1251874,0,3282975
std_stable_sort,int,REVERSE_SORTED,199526,1620925,0,4133033
std_stable_sort,int,REVERSE_SORTED,251189,2080699,0,5705575
std_stable_sort,int,REVERSE_SORTED,316228,2656142,0,7182883
std_stable_sort,int,REVERSE_SORTED,398107,3431255,0,9042706
std_stable_sort,int,REVERSE_SORTED,501187,4402092,0,11384101
std_stable_sort,int,REVERSE_SORTED,630957,5616659,0,14331725
std_stable_sort,int,REVERSE_SORTED,794328,7238890,0,18042583
std_stable_sort,int,REVERSE_SORTED,1000000,9281750,0,24714273
std_stable_sort,int,REVERSE_SORTED,1258925,11828358,0,31113422
std_stable_sort,int,REVERSE_SORTED,1584893,15228458,0,39169487
std_stable_sort,int,REVERSE_SORTED,1995262,19514679,0,49311465
std_stable_sort,int,REVERSE_SORTED,2511886,24842717,0,62079455
std_stable_sort,int,REVERSE_SORTED,3162277,31952923,0,78153415
std_stable_sort,int,REVERSE_SORTED,3981071,40926914,0,106351458
std_stable_sort,int,REVERSE_SORTED,5011872,52050140,0,133888575
std_stable_sort,int,REVERSE_SORTED,6309573,66896423,0,168555728
std_stable_sort,int,REVERSE_SORTED,7943282,85636375,0,212199093
std_stable_sort,int,REVERSE_SORTED,10000000,108815190,0,267142847
std_stable_sort,int,MANY_DUPLICATES_10,1000,9802,0,13223
std_stable_sort,int,MANY_DUPLICATES_10,1259,12218,0,16664
std_stable_sort,int,MANY_DUPLICATES_10,1585,15885,0,21005
std_stable_sort,int,MANY_DUPLICATES_10,1995,21367,0,26378
std_stable_sort,int,MANY_DUPLICATES_10,2512,26891,0,33218
std_stable_sort,int,MANY_DUPLICATES_10,3162,34833,0,41759
std_stable_sort,int,MANY_DUPLICATES_10,3981,46866,0,60671
std_stable_sort,int,MANY_DUPLICATES_10,5012,59035,0,76372
std_stable_sort,int,MANY_DUPLICATES_10,6310,76120,0,96040
std_stable_sort,int,MANY_DUPLICATES_10,7943,101532,0,120609
std_stable_sort,int,MANY_DUPLICATES_10,10000,127795,0,152376
std_stable_sort,int,MANY_DUPLICATES_10,12589,164757,0,191722
std_stable_sort,int,MANY_DUPLICATES_10,15849,218983,0,272875
std_stable_sort,int,MANY_DUPLICATES_10,19953,275159,0,343649
std_stable_sort,int,MANY_DUPLICATES_10,25119,353788,0,432762
std_stable_sort,int,MANY_DUPLICATES_10,31623,468030,0,544205
std_stable_sort,int,MANY_DUPLICATES_10,39811,588513,0,685280
std_stable_sort,int,MANY_DUPLICATES_10,50119,749677,0,862939
std_stable_sort,int,MANY_DUPLICATES_10,63096,997937,0,1212367
std_stable_sort,int,MANY_DUPLICATES_10,79433,1254875,0,1526085
std_stable_sort,int,MANY_DUPLICATES_10,100000,1595709,0,1921298
std_stable_sort,int,MANY_DUPLICATES_10,125893,2118143,0,2419125
std_stable_sort,int,MANY_DUPLICATES_10,158489,2662623,0,3045135
std_stable_sort,int,MANY_DUPLICATES_10,199526,3383566,0,3833220
std_stable_sort,int,MANY_DUPLICATES_10,251189,4479216,0,5329012
std_stable_sort,int,MANY_DUPLICATES_10,316228,5631036,0,6708114
std_stable_sort,int,MANY_DUPLICATES_10,398107,7149335,0,8446501
std_stable_sort,int,MANY_DUPLICATES_10,501187,9429478,0,10631121
std_stable_sort,int,MANY_DUPLICATES_10,630957,11875586,0,13385344
std_stable_sort,int,MANY_DUPLICATES_10,794328,15056583,0,16850373
std_stable_sort,int,MANY_DUPLICATES_10,1000000,19824594,0,23214392
std_stable_sort,int,MANY_DUPLICATES_10,1258925,24845672,0,29225374
std_stable_sort,int,MANY_DUPLICATES_10,1584893,31631004,0,36791738
std_stable_sort,int,MANY_DUPLICATES_10,1995262,41558890,0,46318782
std_stable_sort,int,MANY_DUPLICATES_10,2511886,52090559,0,58311716
std_stable_sort,int,MANY_DUPLICATES_10,3162277,66280550,0,73409832
std_stable_sort,int,MANY_DUPLICATES_10,3981071,86924414,0,100378831
std_stable_sort,int,MANY_DUPLICATES_10,5011872,108949346,0,126371661
std_stable_sort,int,MANY_DUPLICATES_10,6309573,138596292,0,159088718
std_stable_sort,int,MANY_DUPLICATES_10,7943282,181467639,0,200283871
std_stable_sort,int,MANY_DUPLICATES_10,10000000,227433554,0,252141746
std_stable_sort,int,MANY_DUPLICATES_50,1000,9802,0,13244
std_stable_sort,int,MANY_DUPLICATES_50,1259,12206,0,16683
std_stable_sort,int,MANY_DUPLICATES_50,1585,15888,0,21023
std_stable_sort,int,MANY_DUPLICATES_50,1995,21364,0,26392
std_stable_sort,int,MANY_DUPLICATES_50,2512,26887,0,33237
std_stable_sort,int,MANY_DUPLICATES_50,3162,34841,0,41774
std_stable_sort,int,MANY_DUPLICATES_50,3981,46853,0,60688
std_stable_sort,int,MANY_DUPLICATES_50,5012,59042,0,76385
std_stable_sort,int,MANY_DUPLICATES_50,6310,76119,0,96053
std_stable_sort,int,MANY_DUPLICATES_50,7943,101544,0,120629
std_stable_sort,int,MANY_DUPLICATES_50,10000,127796,0,152386
std_stable_sort,int,MANY_DUPLICATES_50,12589,164772,0,191735
std_stable_sort,int,MANY_DUPLICATES_50,15849,218983,0,272894
std_stable_sort,int,MANY_DUPLICATES_50,19953,275167,0,343667
std_stable_sort,int,MANY_DUPLICATES_50,25119,353796,0,432779
std_stable_sort,int,MANY_DUPLICATES_50,31623,468036,0,544228
std_stable_sort,int,MANY_DUPLICATES_50,39811,588524,0,685303
std_stable_sort,int,MANY_DUPLICATES_50,50119,749680,0,862964
std_stable_sort,int,MANY_DUPLICATES_50,63096,997935,0,1212386
std_stable_sort,int,MANY_DUPLICATES_50,79433,1254873,0,1526107
std_stable_sort,int,MANY_DUPLICATES_50,100000,1595457,0,1921457
std_stable_sort,int,MANY_DUPLICATES_50,125893,2117565,0,2418842
std_stable_sort,int,MANY_DUPLICATES_50,158489,2663139,0,3045069
std_stable_sort,int,MANY_DUPLICATES_50,199526,3383571,0,3833236
std_stable_sort,int,MANY_DUPLICATES_50,251189,4479516,0,5329383
std_stable_sort,int,MANY_DUPLICATES_50,316228,5630994,0,6708662
std_stable_sort,int,MANY_DUPLICATES_50,398107,7150272,0,8445394
std_stable_sort,int,MANY_DUPLICATES_50,501187,9428677,0,10632310
std_stable_sort,int,MANY_DUPLICATES_50,630957,11876074,0,13386651
std_stable_sort,int,MANY_DUPLICATES_50,794328,15056275,0,16851084
std_stable_sort,int,MANY_DUPLICATES_50,1000000,19822485,0,23214888
std_stable_sort,int,MANY_DUPLICATES_50,1258925,24846244,0,29224271
std_stable_sort,int,MANY_DUPLICATES_50,1584893,31630663,0,36792820
std_stable_sort,int,MANY_DUPLICATES_50,1995262,41558895,0,46317893
std_stable_sort,int,MANY_DUPLICATES_50,2511886,52088972,0,58310328
std_stable_sort,int,MANY_DUPLICATES_50,3162277,66280181,0,73411738
std_stable_sort,int,MANY_DUPLICATES_50,3981071,86920237,0,100378373
std_stable_sort,int,MANY_DUPLICATES_50,5011872,108952961,0,126371257
std_stable_sort,int,MANY_DUPLICATES_50,6309573,138601924,0,159094760
std_stable_sort,int,MANY_DUPLICATES_50,7943282,181468407,0,200285963
std_stable_sort,int,MANY_DUPLICATES_50,10000000,227425260,0,252142595
std_stable_sort,int,MANY_DUPLICATES_90,1000,9805,0,13243
std_stable_sort,int,MANY_DUPLICATES_90,1259,12206,0,16683
std_stable_sort,int,MANY_DUPLICATES_90,1585,15880,0,21023
std_stable_sort,int,MANY_DUPLICATES_90,1995,21366,0,26392
std_stable_sort,int,MANY_DUPLICATES_90,2512,26888,0,33239
std_stable_sort,int,MANY_DUPLICATES_90,3162,34842,0,41777
std_stable_sort,int,MANY_DUPLICATES_90,3981,46856,0,60690
std_stable_sort,int,MANY_DUPLICATES_90,5012,59042,0,76386
std_stable_sort,int,MANY_DUPLICATES_90,6310,76110,0,96056
std_stable_sort,int,MANY_DUPLICATES_90,7943,101544,0,120631
std_stable_sort,int,MANY_DUPLICATES_90,10000,127795,0,152387
std_stable_sort,int,MANY_DUPLICATES_90,12589,164776,0,191738
std_stable_sort,int,MANY_DUPLICATES_90,15849,218983,0,272895
std_stable_sort,int,MANY_DUPLICATES_90,19953,275168,0,343668
std_stable_sort,int,MANY_DUPLICATES_90,25119,353793,0,432780
std_stable_sort,int,MANY_DUPLICATES_90,31623,468032,0,544229
std_stable_sort,int,MANY_DUPLICATES_90,39811,588522,0,685306
std_stable_sort,int,MANY_DUPLICATES_90,50119,749669,0,862967
std_stable_sort,int,MANY_DUPLICATES_90,63096,997936,0,1212390
std_stable_sort,int,MANY_DUPLICATES_90,79433,1255345,0,1526385
std_stable_sort,int,MANY_DUPLICATES_90,100000,1595770,0,1921354
std_stable_sort,int,MANY_DUPLICATES_90,125893,2118295,0,2419099
std_stable_sort,int,MANY_DUPLICATES_90,158489,2663038,0,3045684
std_stable_sort,int,MANY_DUPLICATES_90,199526,3383311,0,3834143
std_stable_sort,int,MANY_DUPLICATES_90,251189,4479477,0,5329185
std_stable_sort,int,MANY_DUPLICATES_90,316228,5631503,0,6708685
std_stable_sort,int,MANY_DUPLICATES_90,398107,7149951,0,8446435
std_stable_sort,int,MANY_DUPLICATES_90,501187,9428940,0,10631513
std_stable_sort,int,MANY_DUPLICATES_90,630957,11875122,0,13386151
std_stable_sort,int,MANY_DUPLICATES_90,794328,15056515,0,16851745
std_stable_sort,int,MANY_DUPLICATES_90,1000000,19822235,0,23213922
std_stable_sort,int,MANY_DUPLICATES_90,1258925,24844277,0,29223664
std_stable_sort,int,MANY_DUPLICATES_90,1584893,31631920,0,36794003
std_stable_sort,int,MANY_DUPLICATES_90,1995262,41557739,0,46317293
std_stable_sort,int,MANY_DUPLICATES_90,2511886,52088005,0,58310090
std_stable_sort,int,MANY_DUPLICATES_90,3162277,66285649,0,73409502
std_stable_sort,int,MANY_DUPLICATES_90,3981071,86921516,0,100378615
std_stable_sort,int,MANY_DUPLICATES_90,5011872,108947146,0,126365373
std_stable_sort,int,MANY_DUPLICATES_90,6309573,138595308,0,159090787
std_stable_sort,int,MANY_DUPLICATES_90,7943282,181467120,0,200288438
std_stable_sort,int,MANY_DUPLICATES_90,10000000,227429978,0,252144021
std_stable_sort,int,ORGAN_PIPE,1000,5626,0,13205
std_stable_sort,int,ORGAN_PIPE,1259,7072,0,16631
std_stable_sort,int,ORGAN_PIPE,1585,9139,0,20936
std_stable_sort,int,ORGAN_PIPE,1995,12227,0,26352
std_stable_sort,int,ORGAN_PIPE,2512,15378,0,33185
std_stable_sort,int,ORGAN_PIPE,3162,19821,0,41779
std_stable_sort,int,ORGAN_PIPE,3981,26408,0,60558
std_stable_sort,int,ORGAN_PIPE,5012,33196,0,76253
std_stable_sort,int,ORGAN_PIPE,6310,42734,0,95995
std_stable_sort,int,ORGAN_PIPE,7943,56650,0,120837
std_stable_sort,int,ORGAN_PIPE,10000,71275,0,152134
std_stable_sort,int,ORGAN_PIPE,12589,91601,0,191524
std_stable_sort,int,ORGAN_PIPE,15849,121035,0,272825
std_stable_sort,int,ORGAN_PIPE,19953,152267,0,343468
std_stable_sort,int,ORGAN_PIPE,25119,195469,0,432397
std_stable_sort,int,ORGAN_PIPE,31623,257412,0,544359
std_stable_sort,int,ORGAN_PIPE,39811,323681,0,685308
std_stable_sort,int,ORGAN_PIPE,50119,411682,0,862757
std_stable_sort,int,ORGAN_PIPE,63096,545311,0,1212340
std_stable_sort,int,ORGAN_PIPE,79433,685855,0,1526240
std_stable_sort,int,ORGAN_PIPE,100000,871475,0,1921424
std_stable_sort,int,ORGAN_PIPE,125893,1151728,0,2418934
std_stable_sort,int,ORGAN_PIPE,158489,1448178,0,3045243
std_stable_sort,int,ORGAN_PIPE,199526,1838575,0,3833745
std_stable_sort,int,ORGAN_PIPE,251189,2424677,0,5328791
std_stable_sort,int,ORGAN_PIPE,316228,3048972,0,6708544
std_stable_sort,int,ORGAN_PIPE,398107,3868275,0,8445547
std_stable_sort,int,ORGAN_PIPE,501187,5084313,0,10632320
std_stable_sort,int,ORGAN_PIPE,630957,6403038,0,13385292
std_stable_sort,int,ORGAN_PIPE,794328,8113920,0,16851094
std_stable_sort,int,ORGAN_PIPE,1000000,10649223,0,23214277
std_stable_sort,int,ORGAN_PIPE,1258925,13351103,0,29225036
std_stable_sort,int,ORGAN_PIPE,1584893,16984712,0,36792149
std_stable_sort,int,ORGAN_PIPE,1995262,22251797,0,46318575
std_stable_sort,int,ORGAN_PIPE,2511886,27897631,0,58311630
std_stable_sort,int,ORGAN_PIPE,3162277,35473926,0,73409996
std_stable_sort,int,ORGAN_PIPE,3981071,46398592,0,100379853
std_stable_sort,int,ORGAN_PIPE,5011872,58172371,0,126370768
std_stable_sort,int,ORGAN_PIPE,6309573,73955317,0,159091368
std_stable_sort,int,ORGAN_PIPE,7943282,96594436,0,200284173
std_stable_sort,int,ORGAN_PIPE,10000000,121091464,0,252142850
std_stable_sort,int,SAWTOOTH,1000,7953,0,11776
std_stable_sort,int,SAWTOOTH,1259,9749,0,14827
std_stable_sort,int,SAWTOOTH,1585,12476,0,18647
std_stable_sort,int,SAWTOOTH,1995,16959,0,23442
std_stable_sort,int,SAWTOOTH,2512,20510,0,29508
std_stable_sort,int,SAWTOOTH,3162,26455,0,37117
std_stable_sort,int,SAWTOOTH,3981,35876,0,54676
std_stable_sort,int,SAWTOOTH,5012,43522,0,68816
std_stable_sort,int,SAWTOOTH,6310,56071,0,86612
std_stable_sort,int,SAWTOOTH,7943,75717,0,109001
std_stable_sort,int,SAWTOOTH,10000,91989,0,137216
std_stable_sort,int,SAWTOOTH,12589,118084,0,172721
std_stable_sort,int,SAWTOOTH,15849,159596,0,249141
std_stable_sort,int,SAWTOOTH,19953,194062,0,313589
std_stable_sort,int,SAWTOOTH,25119,248787,0,394799
std_stable_sort,int,SAWTOOTH,31623,334560,0,497011
std_stable_sort,int,SAWTOOTH,39811,408190,0,625668
std_stable_sort,int,SAWTOOTH,50119,515526,0,787663
std_stable_sort,int,SAWTOOTH,63096,701127,0,1117773
std_stable_sort,int,SAWTOOTH,79433,854349,0,1407177
std_stable_sort,int,SAWTOOTH,100000,1080421,0,1771500
std_stable_sort,int,SAWTOOTH,125893,1466241,0,2230173
std_stable_sort,int,SAWTOOTH,158489,1788234,0,2807563
std_stable_sort,int,SAWTOOTH,199526,2262423,0,3534533
std_stable_sort,int,SAWTOOTH,251189,3061551,0,4952097
std_stable_sort,int,SAWTOOTH,316228,3732209,0,6234290
std_stable_sort,int,SAWTOOTH,398107,4716719,0,7848471
std_stable_sort,int,SAWTOOTH,501187,6155805,0,9880617
std_stable_sort,int,SAWTOOTH,630957,7778382,0,12438941
std_stable_sort,int,SAWTOOTH,794328,9826235,0,15659690
std_stable_sort,int,SAWTOOTH,1000000,12824285,0,21714348
std_stable_sort,int,SAWTOOTH,1258925,16084887,0,27336737
std_stable_sort,int,SAWTOOTH,1584893,20442806,0,34414884
std_stable_sort,int,SAWTOOTH,1995262,26655540,0,43325760
std_stable_sort,int,SAWTOOTH,2511886,33423258,0,54543864
std_stable_sort,int,SAWTOOTH,3162277,42464827,0,68666665
std_stable_sort,int,SAWTOOTH,3981071,55305945,0,94408324
std_stable_sort,int,SAWTOOTH,5011872,68955941,0,118853041
std_stable_sort,int,SAWTOOTH,6309573,88149384,0,149627095
std_stable_sort,int,SAWTOOTH,7943282,114509153,0,188369329
std_stable_sort,int,SAWTOOTH,10000000,142983133,0,237142932
std_stable_sort,double,RANDOM,1000,9776,0,13262
std_stable_sort,double,RANDOM,1259,12320,0,16626
std_stable_sort,double,RANDOM,1585,15960,0,20957
std_stable_sort,double,RANDOM,1995,21621,0,26354
std_stable_sort,double,RANDOM,2512,27164,0,33179
std_stable_sort,double,RANDOM,3162,34999,0,41762
std_stable_sort,double,RANDOM,3981,47042,0,60638
std_stable_sort,double,RANDOM,5012,59112,0,76156
std_stable_sort,double,RANDOM,6310,76281,0,96075
std_stable_sort,double,RANDOM,7943,101634,0,120836
std_stable_sort,double,RANDOM,10000,127772,0,151966
std_stable_sort,double,RANDOM,12589,164611,0,191395
std_stable_sort,double,RANDOM,15849,218849,0,272784
std_stable_sort,double,RANDOM,19953,275232,0,343316
std_stable_sort,double,RANDOM,25119,354195,0,432296
std_stable_sort,double,RANDOM,31623,468469,0,544317
std_stable_sort,double,RANDOM,39811,589157,0,685373
std_stable_sort,double,RANDOM,50119,749845,0,863016
std_stable_sort,double,RANDOM,63096,997924,0,1212828
std_stable_sort,double,RANDOM,79433,1254939,0,1526883
std_stable_sort,double,RANDOM,100000,1595805,0,1921834
std_stable_sort,double,RANDOM,125893,2117987,0,2418951
std_stable_sort,double,RANDOM,158489,2663172,0,3045655
std_stable_sort,double,RANDOM,199526,3382685,0,3834297
std_stable_sort,double,RANDOM,251189,4479609,0,5329376
std_stable_sort,double,RANDOM,316228,5630887,0,6709218
std_stable_sort,double,RANDOM,398107,7150517,0,8445834
std_stable_sort,double,RANDOM,501187,9429729,0,10632587
std_stable_sort,double,RANDOM,630957,11874880,0,13384983
std_stable_sort,double,RANDOM,794328,15056152,0,16850639
std_stable_sort,double,RANDOM,1000000,19822458,0,23213766
std_stable_sort,double,RANDOM,1258925,24844741,0,29227206
std_stable_sort,double,RANDOM,1584893,31630125,0,36789870
std_stable_sort,double,RANDOM,1995262,41558073,0,46316319
std_stable_sort,double,RANDOM,2511886,52088969,0,58314200
std_stable_sort,double,RANDOM,3162277,66277793,0,73411744
std_stable_sort,double,RANDOM,3981071,86922768,0,100383671
std_stable_sort,double,RANDOM,5011872,108947271,0,126373441
std_stable_sort,double,RANDOM,6309573,138595851,0,159091441
std_stable_sort,double,RANDOM,7943282,181466194,0,200280028
std_stable_sort,double,RANDOM,10000000,227421472,0,252146441
std_stable_sort,double,NEARLY_SORTED,1000,8895,0,12214
std_stable_sort,double,NEARLY_SORTED,1259,11046,0,15339
std_stable_sort,double,NEARLY_SORTED,1585,14341,0,19343
std_stable_sort,double,NEARLY_SORTED,1995,19625,0,24337
std_stable_sort,double,NEARLY_SORTED,2512,24722,0,30673
std_stable_sort,double,NEARLY_SORTED,3162,32224,0,38664
std_stable_sort,double,NEARLY_SORTED,3981,43197,0,56554
std_stable_sort,double,NEARLY_SORTED,5012,54521,0,71191
std_stable_sort,double,NEARLY_SORTED,6310,70783,0,89634
std_stable_sort,double,NEARLY_SORTED,7943,95002,0,112915
std_stable_sort,double,NEARLY_SORTED,10000,118985,0,142051
std_stable_sort,double,NEARLY_SORTED,12589,154247,0,178750
std_stable_sort,double,NEARLY_SORTED,15849,204999,0,256889
std_stable_sort,double,NEARLY_SORTED,19953,257295,0,323419
std_stable_sort,double,NEARLY_SORTED,25119,332162,0,407276
std_stable_sort,double,NEARLY_SORTED,31623,440862,0,512490
std_stable_sort,double,NEARLY_SORTED,39811,554069,0,645321
std_stable_sort,double,NEARLY_SORTED,50119,705418,0,811970
std_stable_sort,double,NEARLY_SORTED,63096,941208,0,1148690
std_stable_sort,double,NEARLY_SORTED,79433,1185945,0,1446605
std_stable_sort,double,NEARLY_SORTED,100000,1506449,0,1821262
std_stable_sort,double,NEARLY_SORTED,125893,2007053,0,2292937
std_stable_sort,double,NEARLY_SORTED,158489,2523201,0,2885449
std_stable_sort,double,NEARLY_SORTED,199526,3206698,0,3633054
std_stable_sort,double,NEARLY_SORTED,251189,4259644,0,5076146
std_stable_sort,double,NEARLY_SORTED,316228,5354258,0,6390352
std_stable_sort,double,NEARLY_SORTED,398107,6797054,0,8045712
std_stable_sort,double,NEARLY_SORTED,501187,8982323,0,10128634
std_stable_sort,double,NEARLY_SORTED,630957,11316227,0,12750334
std_stable_sort,double,NEARLY_SORTED,794328,14352410,0,16052159
std_stable_sort,double,NEARLY_SORTED,1000000,18942941,0,22207506
std_stable_sort,double,NEARLY_SORTED,1258925,23737675,0,27959995
std_stable_sort,double,NEARLY_SORTED,1584893,30231947,0,35199300
std_stable_sort,double,NEARLY_SORTED,1995262,39795366,0,44311016
std_stable_sort,double,NEARLY_SORTED,2511886,49859202,0,55785108
std_stable_sort,double,NEARLY_SORTED,3162277,63485692,0,70228799
std_stable_sort,double,NEARLY_SORTED,3981071,83393426,0,96375794
std_stable_sort,double,NEARLY_SORTED,5011872,104522350,0,121330277
std_stable_sort,double,NEARLY_SORTED,6309573,133034850,0,152745798
std_stable_sort,double,NEARLY_SORTED,7943282,174469717,0,192300848
std_stable_sort,double,NEARLY_SORTED,10000000,218603311,0,242087621
std_stable_sort,double,REVERSE_SORTED,1000,4292,0,14701
std_stable_sort,double,REVERSE_SORTED,1259,5555,0,18523
std_stable_sort,double,REVERSE_SORTED,1585,7356,0,23312
std_stable_sort,double,REVERSE_SORTED,1995,9553,0,29342
std_stable_sort,double,REVERSE_SORTED,2512,12328,0,36949
std_stable_sort,double,REVERSE_SORTED,3162,16253,0,46521
std_stable_sort,double,REVERSE_SORTED,3981,21046,0,66527
std_stable_sort,double,REVERSE_SORTED,5012,27088,0,83773
std_stable_sort,double,REVERSE_SORTED,6310,35581,0,105457
std_stable_sort,double,REVERSE_SORTED,7943,45949,0,132749
std_stable_sort,double,REVERSE_SORTED,10000,59020,0,167131
std_stable_sort,double,REVERSE_SORTED,12589,77285,0,210406
std_stable_sort,double,REVERSE_SORTED,15849,99578,0,296599
std_stable_sort,double,REVERSE_SORTED,19953,127725,0,373396
std_stable_sort,double,REVERSE_SORTED,25119,166807,0,470074
std_stable_sort,double,REVERSE_SORTED,31623,214458,0,591794
std_stable_sort,double,REVERSE_SORTED,39811,274690,0,745023
std_stable_sort,double,REVERSE_SORTED,50119,357753,0,937939
std_stable_sort,double,REVERSE_SORTED,63096,459432,0,1306983
std_stable_sort,double,REVERSE_SORTED,79433,587690,0,1645390
std_stable_sort,double,REVERSE_SORTED,100000,763036,0,2071423
std_stable_sort,double,REVERSE_SORTED,125893,979738,0,2607771
std_stable_sort,double,REVERSE_SORTED,158489,1251874,0,3282975
std_stable_sort,double,REVERSE_SORTED,199526,1620925,0,4133033
std_stable_sort,double,REVERSE_SORTED,251189,2080699,0,5705575
std_stable_sort,double,REVERSE_SORTED,316228,2656142,0,7182883
std_stable_sort,double,REVERSE_SORTED,398107,3431255,0,9042706
std_stable_sort,double,REVERSE_SORTED,501187,4402092,0,11384101
std_stable_sort,double,REVERSE_SORTED,630957,5616659,0,14331725
std_stable_sort,double,REVERSE_SORTED,794328,7238890,0,18042583
std_stable_sort,double,REVERSE_SORTED,1000000,9281750,0,24714273
std_stable_sort,double,REVERSE_SORTED,1258925,11828358,0,31113422
std_stable_sort,double,REVERSE_SORTED,1584893,15228458,0,39169487
std_stable_sort,double,REVERSE_SORTED,1995262,19514679,0,49311465
std_stable_sort,double,REVERSE_SORTED,2511886,24842717,0,62079455
std_stable_sort,double,REVERSE_SORTED,3162277,31952923,0,78153415
std_stable_sort,double,REVERSE_SORTED,3981071,40926914,0,106351458
std_stable_sort,double,REVERSE_SORTED,5011872,52050140,0,133888575
std_stable_sort,double,REVERSE_SORTED,6309573,66896423,0,168555728
std_stable_sort,double,REVERSE_SORTED,7943282,85636375,0,212199093
std_stable_sort,double,REVERSE_SORTED,10000000,108815190,0,267142847
std_stable_sort,double,MANY_DUPLICATES_10,1000,9776,0,13262
std_stable_sort,double,MANY_DUPLICATES_10,1259,12320,0,16626
std_stable_sort,double,MANY_DUPLICATES_10,1585,15960,0,20957
std_stable_sort,double,MANY_DUPLICATES_10,1995,21621,0,26354
std_stable_sort,double,MANY_DUPLICATES_10,2512,27164,0,33179
std_stable_sort,double,MANY_DUPLICATES_10,3162,34999,0,41762
std_stable_sort,double,MANY_DUPLICATES_10,3981,47042,0,60638
std_stable_sort,double,MANY_DUPLICATES_10,5012,59112,0,76156
std_stable_sort,double,MANY_DUPLICATES_10,6310,76281,0,96075
std_stable_sort,double,MANY_DUPLICATES_10,7943,101634,0,120836
std_stable_sort,double,MANY_DUPLICATES_10,10000,127772,0,151966
std_stable_sort,double,MANY_DUPLICATES_10,12589,164611,0,191395
std_stable_sort,double,MANY_DUPLICATES_10,15849,218849,0,272784
std_stable_sort,double,MANY_DUPLICATES_10,19953,275232,0,343316
std_stable_sort,double,MANY_DUPLICATES_10,25119,354195,0,432296
std_stable_sort,double,MANY_DUPLICATES_10,31623,468469,0,544317
std_stable_sort,double,MANY_DUPLICATES_10,39811,589157,0,685373
std_stable_sort,double,MANY_DUPLICATES_10,50119,749845,0,863016
std_stable_sort,double,MANY_DUPLICATES_10,63096,997924,0,1212828
std_stable_sort,double,MANY_DUPLICATES_10,79433,1254939,0,1526883
std_stable_sort,double,MANY_DUPLICATES_10,100000,1595805,0,1921834
std_stable_sort,double,MANY_DUPLICATES_10,125893,2117987,0,2418951
std_stable_sort,double,MANY_DUPLICATES_10,158489,2663172,0,3045655
std_stable_sort,double,MANY_DUPLICATES_10,199526,3382685,0,3834297
std_stable_sort,double,MANY_DUPLICATES_10,251189,4479609,0,5329376
std_stable_sort,double,MANY_DUPLICATES_10,316228,5630887,0,6709218
std_stable_sort,double,MANY_DUPLICATES_10,398107,7150517,0,8445834
std_stable_sort,double,MANY_DUPLICATES_10,501187,9429729,0,10632587
std_stable_sort,double,MANY_DUPLICATES_10,630957,11874880,0,13384983
std_stable_sort,double,MANY_DUPLICATES_10,794328,15056152,0,16850639
std_stable_sort,double,MANY_DUPLICATES_10,1000000,19822458,0,23213766
std_stable_sort,double,MANY_DUPLICATES_10,1258925,24844741,0,29227206
std_stable_sort,double,MANY_DUPLICATES_10,1584893,31630125,0,36789870
std_stable_sort,double,MANY_DUPLICATES_10,1995262,41558073,0,46316319
std_stable_sort,double,MANY_DUPLICATES_10,2511886,52088969,0,58314200
std_stable_sort,double,MANY_DUPLICATES_10,3162277,66277793,0,73411744
std_stable_sort,double,MANY_DUPLICATES_10,3981071,86922768,0,100383671
std_stable_sort,double,MANY_DUPLICATES_10,5011872,108947271,0,126373441
std_stable_sort,double,MANY_DUPLICATES_10,6309573,138595851,0,159091441
std_stable_sort,double,MANY_DUPLICATES_10,7943282,181466194,0,200280028
std_stable_sort,double,MANY_DUPLICATES_10,10000000,227421472,0,252146441
std_stable_sort,double,MANY_DUPLICATES_50,1000,9776,0,13262
std_stable_sort,double,MANY_DUPLICATES_50,1259,12320,0,16626
std_stable_sort,double,MANY_DUPLICATES_50,1585,15960,0,20957
std_stable_sort,double,MANY_DUPLICATES_50,1995,21621,0,26354
std_stable_sort,double,MANY_DUPLICATES_50,2512,27164,0,33179
std_stable_sort,double,MANY_DUPLICATES_50,3162,34999,0,41762
std_stable_sort,double,MANY_DUPLICATES_50,3981,47042,0,60638
std_stable_sort,double,MANY_DUPLICATES_50,5012,59112,0,76156
std_stable_sort,double,MANY_DUPLICATES_50,6310,76281,0,96075
std_stable_sort,double,MANY_DUPLICATES_50,7943,101634,0,120836
std_stable_sort,double,MANY_DUPLICATES_50,10000,127772,0,151966
std_stable_sort,double,MANY_DUPLICATES_50,12589,164611,0,191395
std_stable_sort,double,MANY_DUPLICATES_50,15849,218849,0,272784
std_stable_sort,double,MANY_DUPLICATES_50,19953,275232,0,343316
std_stable_sort,double,MANY_DUPLICATES_50,25119,354195,0,432296
std_stable_sort,double,MANY_DUPLICATES_50,31623,468469,0,544317
std_stable_sort,double,MANY_DUPLICATES_50,39811,589157,0,685373
std_stable_sort,double,MANY_DUPLICATES_50,50119,749845,0,863016
std_stable_sort,double,MANY_DUPLICATES_50,63096,997924,0,1212828
std_stable_sort,double,MANY_DUPLICATES_50,79433,1254939,0,1526883
std_stable_sort,double,MANY_DUPLICATES_50,100000,1595805,0,1921834
std_stable_sort,double,MANY_DUPLICATES_50,125893,2117987,0,2418951
std_stable_sort,double,MANY_DUPLICATES_50,158489,2663172,0,3045655
std_stable_sort,double,MANY_DUPLICATES_50,199526,3382685,0,3834297
std_stable_sort,double,MANY_DUPLICATES_50,251189,4479609,0,5329376
std_stable_sort,double,MANY_DUPLICATES_50,316228,5630887,0,6709218
std_stable_sort,double,MANY_DUPLICATES_50,398107,7150517,0,8445834
std_stable_sort,double,MANY_DUPLICATES_50,501187,9429729,0,10632587
std_stable_sort,double,MANY_DUPLICATES_50,630957,11874880,0,13384983
std_stable_sort,double,MANY_DUPLICATES_50,794328,15056152,0,16850639
std_stable_sort,double,MANY_DUPLICATES_50,1000000,19822458,0,23213766
std_stable_sort,double,MANY_DUPLICATES_50,1258925,24844741,0,29227206
std_stable_sort,double,MANY_DUPLICATES_50,1584893,31630125,0,36789870
std_stable_sort,double,MANY_DUPLICATES_50,1995262,41558073,0,46316319
std_stable_sort,double,MANY_DUPLICATES_50,2511886,52088969,0,58314200
std_stable_sort,double,MANY_DUPLICATES_50,3162277,66277793,0,73411744
std_stable_sort,double,MANY_DUPLICATES_50,3981071,86922768,0,100383671
std_stable_sort,double,MANY_DUPLICATES_50,5011872,108947271,0,126373441
std_stable_sort,double,MANY_DUPLICATES_50,6309573,138595851,0,159091441
std_stable_sort,double,MANY_DUPLICATES_50,7943282,181466194,0,200280028
std_stable_sort,double,MANY_DUPLICATES_50,10000000,227421472,0,252146441
std_stable_sort,double,MANY_DUPLICATES_90,1000,9776,0,13262
std_stable_sort,double,MANY_DUPLICATES_90,1259,12320,0,16626
std_stable_sort,double,MANY_DUPLICATES_90,1585,15960,0,20957
std_stable_sort,double,MANY_DUPLICATES_90,1995,21621,0,26354
std_stable_sort,double,MANY_DUPLICATES_90,2512,27164,0,33179
std_stable_sort,double,MANY_DUPLICATES_90,3162,34999,0,41762
std_stable_sort,double,MANY_DUPLICATES_90,3981,47042,0,60638
std_stable_sort,double,MANY_DUPLICATES_90,5012,59112,0,76156
std_stable_sort,double,MANY_DUPLICATES_90,6310,76281,0,96075
std_stable_sort,double,MANY_DUPLICATES_90,7943,101634,0,120836
std_stable_sort,double,MANY_DUPLICATES_90,10000,127772,0,151966
std_stable_sort,double,MANY_DUPLICATES_90,12589,164611,0,191395
std_stable_sort,double,MANY_DUPLICATES_90,15849,218849,0,272784
std_stable_sort,double,MANY_DUPLICATES_90,19953,275232,0,343316
std_stable_sort,double,MANY_DUPLICATES_90,25119,354195,0,432296
std_stable_sort,double,MANY_DUPLICATES_90,31623,468469,0,544317
std_stable_sort,double,MANY_DUPLICATES_90,39811,589157,0,685373
std_stable_sort,double,MANY_DUPLICATES_90,50119,749845,0,863016
std_stable_sort,double,MANY_DUPLICATES_90,63096,997924,0,1212828
std_stable_sort,double,MANY_DUPLICATES_90,79433,1254939,0,1526883
std_stable_sort,double,MANY_DUPLICATES_90,100000,1595805,0,1921834
std_stable_sort,double,MANY_DUPLICATES_90,125893,2117987,0,2418951
std_stable_sort,double,MANY_DUPLICATES_90,158489,2663172,0,3045655
std_stable_sort,double,MANY_DUPLICATES_90,199526,3382685,0,3834297
std_stable_sort,double,MANY_DUPLICATES_90,251189,4479609,0,5329376
std_stable_sort,double,MANY_DUPLICATES_90,316228,5630887,0,6709218
std_stable_sort,double,MANY_DUPLICATES_90,398107,7150517,0,8445834
std_stable_sort,double,MANY_DUPLICATES_90,501187,9429729,0,10632587
std_stable_sort,double,MANY_DUPLICATES_90,630957,11874880,0,13384983
std_stable_sort,double,MANY_DUPLICATES_90,794328,15056152,0,16850639
std_stable_sort,double,MANY_DUPLICATES_90,1000000,19822458,0,23213766
std_stable_sort,double,MANY_DUPLICATES_90,1258925,24844741,0,29227206
std_stable_sort,double,MANY_DUPLICATES_90,1584893,31630125,0,36789870
std_stable_sort,double,MANY_DUPLICATES_90,1995262,41558073,0,46316319
std_stable_sort,double,MANY_DUPLICATES_90,2511886,52088969,0,58314200
std_stable_sort,double,MANY_DUPLICATES_90,3162277,66277793,0,73411744
std_stable_sort,double,MANY_DUPLICATES_90,3981071,86922768,0,100383671
std_stable_sort,double,MANY_DUPLICATES_90,5011872,108947271,0,126373441
std_stable_sort,double,MANY_DUPLICATES_90,6309573,138595851,0,159091441
std_stable_sort,double,MANY_DUPLICATES_90,7943282,181466194,0,200280028
std_stable_sort,double,MANY_DUPLICATES_90,10000000,227421472,0,252146441
std_stable_sort,double,ORGAN_PIPE,1000,5626,0,13205
std_stable_sort,double,ORGAN_PIPE,1259,7072,0,16631
std_stable_sort,double,ORGAN_PIPE,1585,9139,0,20936
std_stable_sort,double,ORGAN_PIPE,1995,12227,0,26352
std_stable_sort,double,ORGAN_PIPE,2512,15378,0,33185
std_stable_sort,double,ORGAN_PIPE,3162,19821,0,41779
std_stable_sort,double,ORGAN_PIPE,3981,26408,0,60558
std_stable_sort,double,ORGAN_PIPE,5012,33196,0,76253
std_stable_sort,double,ORGAN_PIPE,6310,42734,0,95995
std_stable_sort,double,ORGAN_PIPE,7943,56650,0,120837
std_stable_sort,double,ORGAN_PIPE,10000,71275,0,152134
std_stable_sort,double,ORGAN_PIPE,12589,91601,0,191524
std_stable_sort,double,ORGAN_PIPE,15849,121035,0,272825
std_stable_sort,double,ORGAN_PIPE,19953,152267,0,343468
std_stable_sort,double,ORGAN_PIPE,25119,195469,0,432397
std_stable_sort,double,ORGAN_PIPE,31623,257412,0,544359
std_stable_sort,double,ORGAN_PIPE,39811,323681,0,685308
std_stable_sort,double,ORGAN_PIPE,50119,411682,0,862757
std_stable_sort,double,ORGAN_PIPE,63096,545311,0,1212340
std_stable_sort,double,ORGAN_PIPE,79433,685855,0,1526240
std_stable_sort,double,ORGAN_PIPE,100000,871475,0,1921424
std_stable_sort,double,ORGAN_PIPE,125893,1151728,0,2418934
std_stable_sort,double,ORGAN_PIPE,158489,1448178,0,3045243
std_stable_sort,double,ORGAN_PIPE,199526,1838575,0,3833745
std_stable_sort,double,ORGAN_PIPE,251189,2424677,0,5328791
std_stable_sort,double,ORGAN_PIPE,316228,3048972,0,6708544
std_stable_sort,double,ORGAN_PIPE,398107,3868275,0,8445547
std_stable_sort,double,ORGAN_PIPE,501187,5084313,0,10632320
std_stable_sort,double,ORGAN_PIPE,630957,6403038,0,13385292
std_stable_sort,double,ORGAN_PIPE,794328,8113920,0,16851094
std_stable_sort,double,ORGAN_PIPE,1000000,10649223,0,23214277
std_stable_sort,double,ORGAN_PIPE,1258925,13351103,0,29225036
std_stable_sort,double,ORGAN_PIPE,1584893,16984712,0,36792149
std_stable_sort,double,ORGAN_PIPE,1995262,22251797,0,46318575
std_stable_sort,double,ORGAN_PIPE,2511886,27897631,0,58311630
std_stable_sort,double,ORGAN_PIPE,3162277,35473926,0,73409996
std_stable_sort,double,ORGAN_PIPE,3981071,46398592,0,100379853
std_stable_sort,double,ORGAN_PIPE,5011872,58172371,0,126370768
std_stable_sort,double,ORGAN_PIPE,6309573,73955317,0,159091368
std_stable_sort,double,ORGAN_PIPE,7943282,96594436,0,200284173
std_stable_sort,double,ORGAN_PIPE,10000000,121091464,0,252142850
std_stable_sort,double,SAWTOOTH,1000,7953,0,11776
std_stable_sort,double,SAWTOOTH,1259,9749,0,14827
std_stable_sort,double,SAWTOOTH,1585,12476,0,18647
std_stable_sort,double,SAWTOOTH,1995,16959,0,23442
std_stable_sort,double,SAWTOOTH,2512,20510,0,29508
std_stable_sort,double,SAWTOOTH,3162,26455,0,37117
std_stable_sort,double,SAWTOOTH,3981,35876,0,54676
std_stable_sort,double,SAWTOOTH,5012,43522,0,68816
std_stable_sort,double,SAWTOOTH,6310,56071,0,86612
std_stable_sort,double,SAWTOOTH,7943,75717,0,109001
std_stable_sort,double,SAWTOOTH,10000,91989,0,137216
std_stable_sort,double,SAWTOOTH,12589,118084,0,172721
std_stable_sort,double,SAWTOOTH,15849,159596,0,249141
std_stable_sort,double,SAWTOOTH,19953,194062,0,313589
std_stable_sort,double,SAWTOOTH,25119,248787,0,394799
std_stable_sort,double,SAWTOOTH,31623,334560,0,497011
std_stable_sort,double,SAWTOOTH,39811,408190,0,625668
std_stable_sort,double,SAWTOOTH,50119,515526,0,787663
std_stable_sort,double,SAWTOOTH,63096,701127,0,1117773
std_stable_sort,double,SAWTOOTH,79433,854349,0,1407177
std_stable_sort,double,SAWTOOTH,100000,1080421,0,1771500
std_stable_sort,double,SAWTOOTH,125893,1466241,0,2230173
std_stable_sort,double,SAWTOOTH,158489,1788234,0,2807563
std_stable_sort,double,SAWTOOTH,199526,2262423,0,3534533
std_stable_sort,double,SAWTOOTH,251189,3061551,0,4952097
std_stable_sort,double,SAWTOOTH,316228,3732209,0,6234290
std_stable_sort,double,SAWTOOTH,398107,4716719,0,7848471
std_stable_sort,double,SAWTOOTH,501187,6155805,0,9880617
std_stable_sort,double,SAWTOOTH,630957,7778382,0,12438941
std_stable_sort,double,SAWTOOTH,794328,9826235,0,15659690
std_stable_sort,double,SAWTOOTH,1000000,12824285,0,21714348
std_stable_sort,double,SAWTOOTH,1258925,16084887,0,27336737
std_stable_sort,double,SAWTOOTH,1584893,20442806,0,34414884
std_stable_sort,double,SAWTOOTH,1995262,26655540,0,43325760
std_stable_sort,double,SAWTOOTH,2511886,33423258,0,54543864
std_stable_sort,double,SAWTOOTH,3162277,42464827,0,68666665
std_stable_sort,double,SAWTOOTH,3981071,55305945,0,94408324
std_stable_sort,double,SAWTOOTH,5011872,68955941,0,118853041
std_stable_sort,double,SAWTOOTH,6309573,88149384,0,149627095
std_stable_sort,double,SAWTOOTH,7943282,114509153,0,188369329
std_stable_sort,double,SAWTOOTH,10000000,142983133,0,237142932
qsort,int,RANDOM,1000,13485,0,0
qsort,int,RANDOM,1259,17797,0,0
qsort,int,RANDOM,1585,23054,0,0
qsort,int,RANDOM,1995,30006,0,0
qsort,int,RANDOM,2512,39242,0,0
qsort,int,RANDOM,3162,50870,0,0
qsort,int,RANDOM,3981,65804,0,0
qsort,int,RANDOM,5012,85729,0,0
qsort,int,RANDOM,6310,110970,0,0
qsort,int,RANDOM,7943,143202,0,0
qsort,int,RANDOM,10000,185959,0,0
qsort,int,RANDOM,12589,240145,0,0
qsort,int,RANDOM,15849,309281,0,0
qsort,int,RANDOM,19953,400714,0,0
qsort,int,RANDOM,25119,516522,0,0
qsort,int,RANDOM,31623,664680,0,0
qsort,int,RANDOM,39811,859496,0,0
qsort,int,RANDOM,50119,1105799,0,0
qsort,int,RANDOM,63096,1419998,0,0
qsort,int,RANDOM,79433,1834349,0,0
qsort,int,RANDOM,100000,2355144,0,0
qsort,int,RANDOM,125893,3022606,0,0
qsort,int,RANDOM,158489,3897000,0,0
qsort,int,RANDOM,199526,4997102,0,0
qsort,int,RANDOM,251189,6407098,0,0
qsort,int,RANDOM,316228,8246953,0,0
qsort,int,RANDOM,398107,10564953,0,0
qsort,int,RANDOM,501187,13532291,0,0
qsort,int,RANDOM,630957,17398758,0,0
qsort,int,RANDOM,794328,22266045,0,0
qsort,int,RANDOM,1000000,28499248,0,0
qsort,int,RANDOM,1258925,36598699,0,0
qsort,int,RANDOM,1584893,46791161,0,0
qsort,int,RANDOM,1995262,59844929,0,0
qsort,int,RANDOM,2511886,76778223,0,0
qsort,int,RANDOM,3162277,98072289,0,0
qsort,int,RANDOM,3981071,125363760,0,0
qsort,int,RANDOM,5011872,160681759,0,0
qsort,int,RANDOM,6309573,205087515,0,0
qsort,int,RANDOM,7943282,262023372,0,0
qsort,int,RANDOM,10000000,335538563,0,0
qsort,int,NEARLY_SORTED,1000,11244,0,0
qsort,int,NEARLY_SORTED,1259,14661,0,0
qsort,int,NEARLY_SORTED,1585,18813,0,0
qsort,int,NEARLY_SORTED,1995,24972,0,0
qsort,int,NEARLY_SORTED,2512,32987,0,0
qsort,int,NEARLY_SORTED,3162,43308,0,0
qsort,int,NEARLY_SORTED,3981,56130,0,0
qsort,int,NEARLY_SORTED,5012,73665,0,0
qsort,int,NEARLY_SORTED,6310,96266,0,0
qsort,int,NEARLY_SORTED,7943,125808,0,0
qsort,int,NEARLY_SORTED,10000,162332,0,0
qsort,int,NEARLY_SORTED,12589,212187,0,0
qsort,int,NEARLY_SORTED,15849,275338,0,0
qsort,int,NEARLY_SORTED,19953,355249,0,0
qsort,int,NEARLY_SORTED,25119,460420,0,0
qsort,int,NEARLY_SORTED,31623,596411,0,0
qsort,int,NEARLY_SORTED,39811,767887,0,0
qsort,int,NEARLY_SORTED,50119,992068,0,0
qsort,int,NEARLY_SORTED,63096,1281948,0,0
qsort,int,NEARLY_SORTED,79433,1649462,0,0
qsort,int,NEARLY_SORTED,100000,2125584,0,0
qsort,int,NEARLY_SORTED,125893,2744773,0,0
qsort,int,NEARLY_SORTED,158489,3525619,0,0
qsort,int,NEARLY_SORTED,199526,4542618,0,0
qsort,int,NEARLY_SORTED,251189,5854044,0,0
qsort,int,NEARLY_SORTED,316228,7510091,0,0
qsort,int,NEARLY_SORTED,398107,9655613,0,0
qsort,int,NEARLY_SORTED,501187,12419389,0,0
qsort,int,NEARLY_SORTED,630957,15917881,0,0
qsort,int,NEARLY_SORTED,794328,20452506,0,0
qsort,int,NEARLY_SORTED,1000000,26288424,0,0
qsort,int,NEARLY_SORTED,1258925,33660128,0,0
qsort,int,NEARLY_SORTED,1584893,43181991,0,0
qsort,int,NEARLY_SORTED,1995262,55414880,0,0
qsort,int,NEARLY_SORTED,2511886,70868218,0,0
qsort,int,NEARLY_SORTED,3162277,90866574,0,0
qsort,int,NEARLY_SORTED,3981071,116495539,0,0
qsort,int,NEARLY_SORTED,5011872,148883472,0,0
qsort,int,NEARLY_SORTED,6309573,190803412,0,0
qsort,int,NEARLY_SORTED,7943282,244407062,0,0
qsort,int,NEARLY_SORTED,10000000,312111853,0,0
qsort,int,REVERSE_SORTED,1000,10088,0,0
qsort,int,REVERSE_SORTED,1259,13614,0,0
qsort,int,REVERSE_SORTED,1585,17616,0,0
qsort,int,REVERSE_SORTED,1995,22136,0,0
qsort,int,REVERSE_SORTED,2512,29664,0,0
qsort,int,REVERSE_SORTED,3162,38294,0,0
qsort,int,REVERSE_SORTED,3981,48164,0,0
qsort,int,REVERSE_SORTED,5012,64192,0,0
qsort,int,REVERSE_SORTED,6310,82698,0,0
qsort,int,REVERSE_SORTED,7943,104044,0,0
qsort,int,REVERSE_SORTED,10000,138016,0,0
qsort,int,REVERSE_SORTED,12589,177490,0,0
qsort,int,REVERSE_SORTED,15849,223556,0,0
qsort,int,REVERSE_SORTED,19953,295248,0,0
qsort,int,REVERSE_SORTED,25119,379024,0,0
qsort,int,REVERSE_SORTED,31623,477932,0,0
qsort,int,REVERSE_SORTED,39811,628926,0,0
qsort,int,REVERSE_SORTED,50119,806024,0,0
qsort,int,REVERSE_SORTED,63096,1017128,0,0
qsort,int,REVERSE_SORTED,79433,1334206,0,0
qsort,int,REVERSE_SORTED,100000,1707808,0,0
qsort,int,REVERSE_SORTED,125893,2155856,0,0
qsort,int,REVERSE_SORTED,158489,2820126,0,0
qsort,int,REVERSE_SORTED,199526,3605666,0,0
qsort,int,REVERSE_SORTED,251189,4554202,0,0
qsort,int,REVERSE_SORTED,316228,5941728,0,0
qsort,int,REVERSE_SORTED,398107,7589042,0,0
qsort,int,REVERSE_SORTED,501187,9589310,0,0
qsort,int,REVERSE_SORTED,630957,12481082,0,0
qsort,int,REVERSE_SORTED,794328,15927560,0,0
qsort,int,REVERSE_SORTED,1000000,20132864,0,0
qsort,int,REVERSE_SORTED,1258925,26158982,0,0
qsort,int,REVERSE_SORTED,1584893,33352140,0,0
qsort,int,REVERSE_SORTED,1995262,42174950,0,0
qsort,int,REVERSE_SORTED,2511886,54692266,0,0
qsort,int,REVERSE_SORTED,3162277,69670218,0,0
qsort,int,REVERSE_SORTED,3981071,88142128,0,0
qsort,int,REVERSE_SORTED,5011872,114094496,0,0
qsort,int,REVERSE_SORTED,6309573,145249696,0,0
qsort,int,REVERSE_SORTED,7943282,183831378,0,0
qsort,int,REVERSE_SORTED,10000000,237576320,0,0
qsort,int,MANY_DUPLICATES_10,1000,14864,0,0
qsort,int,MANY_DUPLICATES_10,1259,19546,0,0
qsort,int,MANY_DUPLICATES_10,1585,25233,0,0
qsort,int,MANY_DUPLICATES_10,1995,32782,0,0
qsort,int,MANY_DUPLICATES_10,2512,42675,0,0
qsort,int,MANY_DUPLICATES_10,3162,55283,0,0
qsort,int,MANY_DUPLICATES_10,3981,71361,0,0
qsort,int,MANY_DUPLICATES_10,5012,92700,0,0
qsort,int,MANY_DUPLICATES_10,6310,119706,0,0
qsort,int,MANY_DUPLICATES_10,7943,154357,0,0
qsort,int,MANY_DUPLICATES_10,10000,199912,0,0
qsort,int,MANY_DUPLICATES_10,12589,257815,0,0
qsort,int,MANY_DUPLICATES_10,15849,331568,0,0
qsort,int,MANY_DUPLICATES_10,19953,428825,0,0
qsort,int,MANY_DUPLICATES_10,25119,551600,0,0
qsort,int,MANY_DUPLICATES_10,31623,708902,0,0
qsort,int,MANY_DUPLICATES_10,39811,915212,0,0
qsort,int,MANY_DUPLICATES_10,50119,1175933,0,0
qsort,int,MANY_DUPLICATES_10,63096,1508250,0,0
qsort,int,MANY_DUPLICATES_10,79433,1945260,0,0
qsort,int,MANY_DUPLICATES_10,100000,2495595,0,0
qsort,int,MANY_DUPLICATES_10,125893,3198129,0,0
qsort,int,MANY_DUPLICATES_10,158489,4119059,0,0
qsort,int,MANY_DUPLICATES_10,199526,5276019,0,0
qsort,int,MANY_DUPLICATES_10,251189,6758079,0,0
qsort,int,MANY_DUPLICATES_10,316228,8690261,0,0
qsort,int,MANY_DUPLICATES_10,398107,11123081,0,0
qsort,int,MANY_DUPLICATES_10,501187,14234119,0,0
qsort,int,MANY_DUPLICATES_10,630957,18282745,0,0
qsort,int,MANY_DUPLICATES_10,794328,23379710,0,0
qsort,int,MANY_DUPLICATES_10,1000000,29897370,0,0
qsort,int,MANY_DUPLICATES_10,1258925,38362152,0,0
qsort,int,MANY_DUPLICATES_10,1584893,49009056,0,0
qsort,int,MANY_DUPLICATES_10,1995262,62639391,0,0
qsort,int,MANY_DUPLICATES_10,2511886,80294752,0,0
qsort,int,MANY_DUPLICATES_10,3162277,102500971,0,0
qsort,int,MANY_DUPLICATES_10,3981071,130939891,0,0
qsort,int,MANY_DUPLICATES_10,5011872,167693281,0,0
qsort,int,MANY_DUPLICATES_10,6309573,213919126,0,0
qsort,int,MANY_DUPLICATES_10,7943282,273139938,0,0
qsort,int,MANY_DUPLICATES_10,10000000,349536654,0,0
qsort,int,MANY_DUPLICATES_50,1000,13773,0,0
qsort,int,MANY_DUPLICATES_50,1259,18179,0,0
qsort,int,MANY_DUPLICATES_50,1585,23571,0,0
qsort,int,MANY_DUPLICATES_50,1995,30658,0,0
qsort,int,MANY_DUPLICATES_50,2512,40016,0,0
qsort,int,MANY_DUPLICATES_50,3162,51870,0,0
qsort,int,MANY_DUPLICATES_50,3981,67046,0,0
qsort,int,MANY_DUPLICATES_50,5012,87301,0,0
qsort,int,MANY_DUPLICATES_50,6310,112990,0,0
qsort,int,MANY_DUPLICATES_50,7943,145687,0,0
qsort,int,MANY_DUPLICATES_50,10000,189075,0,0
qsort,int,MANY_DUPLICATES_50,12589,244155,0,0
qsort,int,MANY_DUPLICATES_50,15849,314362,0,0
qsort,int,MANY_DUPLICATES_50,19953,407137,0,0
qsort,int,MANY_DUPLICATES_50,25119,524397,0,0
qsort,int,MANY_DUPLICATES_50,31623,674636,0,0
qsort,int,MANY_DUPLICATES_50,39811,871999,0,0
qsort,int,MANY_DUPLICATES_50,50119,1121647,0,0
qsort,int,MANY_DUPLICATES_50,63096,1439741,0,0
qsort,int,MANY_DUPLICATES_50,79433,1859111,0,0
qsort,int,MANY_DUPLICATES_50,100000,2386691,0,0
qsort,int,MANY_DUPLICATES_50,125893,3062375,0,0
qsort,int,MANY_DUPLICATES_50,158489,3947099,0,0
qsort,int,MANY_DUPLICATES_50,199526,5060085,0,0
qsort,int,MANY_DUPLICATES_50,251189,6485689,0,0
qsort,int,MANY_DUPLICATES_50,316228,8347926,0,0
qsort,int,MANY_DUPLICATES_50,398107,10690742,0,0
qsort,int,MANY_DUPLICATES_50,501187,13691668,0,0
qsort,int,MANY_DUPLICATES_50,630957,17598367,0,0
qsort,int,MANY_DUPLICATES_50,794328,22517551,0,0
qsort,int,MANY_DUPLICATES_50,1000000,28813786,0,0
qsort,int,MANY_DUPLICATES_50,1258925,36996202,0,0
qsort,int,MANY_DUPLICATES_50,1584893,47294606,0,0
qsort,int,MANY_DUPLICATES_50,1995262,60478730,0,0
qsort,int,MANY_DUPLICATES_50,2511886,77571010,0,0
qsort,int,MANY_DUPLICATES_50,3162277,99069504,0,0
qsort,int,MANY_DUPLICATES_50,3981071,126622380,0,0
qsort,int,MANY_DUPLICATES_50,5011872,162263535,0,0
qsort,int,MANY_DUPLICATES_50,6309573,207084224,0,0
qsort,int,MANY_DUPLICATES_50,7943282,264537413,0,0
qsort,int,MANY_DUPLICATES_50,10000000,338691463,0,0
qsort,int,MANY_DUPLICATES_90,1000,13530,0,0
qsort,int,MANY_DUPLICATES_90,1259,17836,0,0
qsort,int,MANY_DUPLICATES_90,1585,23120,0,0
qsort,int,MANY_DUPLICATES_90,1995,30123,0,0
qsort,int,MANY_DUPLICATES_90,2512,39326,0,0
qsort,int,MANY_DUPLICATES_90,3162,51034,0,0
qsort,int,MANY_DUPLICATES_90,3981,65964,0,0
qsort,int,MANY_DUPLICATES_90,5012,85931,0,0
qsort,int,MANY_DUPLICATES_90,6310,111210,0,0
qsort,int,MANY_DUPLICATES_90,7943,143468,0,0
qsort,int,MANY_DUPLICATES_90,10000,186392,0,0
qsort,int,MANY_DUPLICATES_90,12589,240625,0,0
qsort,int,MANY_DUPLICATES_90,15849,309859,0,0
qsort,int,MANY_DUPLICATES_90,19953,401534,0,0
qsort,int,MANY_DUPLICATES_90,25119,517486,0,0
qsort,int,MANY_DUPLICATES_90,31623,666029,0,0
qsort,int,MANY_DUPLICATES_90,39811,861182,0,0
qsort,int,MANY_DUPLICATES_90,50119,1107868,0,0
qsort,int,MANY_DUPLICATES_90,63096,1422527,0,0
qsort,int,MANY_DUPLICATES_90,79433,1836773,0,0
qsort,int,MANY_DUPLICATES_90,100000,2358982,0,0
qsort,int,MANY_DUPLICATES_90,125893,3026627,0,0
qsort,int,MANY_DUPLICATES_90,158489,3903425,0,0
qsort,int,MANY_DUPLICATES_90,199526,5005138,0,0
qsort,int,MANY_DUPLICATES_90,251189,6416338,0,0
qsort,int,MANY_DUPLICATES_90,316228,8260632,0,0
qsort,int,MANY_DUPLICATES_90,398107,10581504,0,0
qsort,int,MANY_DUPLICATES_90,501187,13553893,0,0
qsort,int,MANY_DUPLICATES_90,630957,17424266,0,0
qsort,int,MANY_DUPLICATES_90,794328,22299426,0,0
qsort,int,MANY_DUPLICATES_90,1000000,28537188,0,0
qsort,int,MANY_DUPLICATES_90,1258925,36648540,0,0
qsort,int,MANY_DUPLICATES_90,1584893,46855745,0,0
qsort,int,MANY_DUPLICATES_90,1995262,59925135,0,0
qsort,int,MANY_DUPLICATES_90,2511886,76878937,0,0
qsort,int,MANY_DUPLICATES_90,3162277,98197805,0,0
qsort,int,MANY_DUPLICATES_90,3981071,125524903,0,0
qsort,int,MANY_DUPLICATES_90,5011872,160877502,0,0
qsort,int,MANY_DUPLICATES_90,6309573,205344733,0,0
qsort,int,MANY_DUPLICATES_90,7943282,262346599,0,0
qsort,int,MANY_DUPLICATES_90,10000000,335929312,0,0
qsort,int,ORGAN_PIPE,1000,8755,0,0
qsort,int,ORGAN_PIPE,1259,11502,0,0
qsort,int,ORGAN_PIPE,1585,14869,0,0
qsort,int,ORGAN_PIPE,1995,18967,0,0
qsort,int,ORGAN_PIPE,2512,24831,0,0
qsort,int,ORGAN_PIPE,3162,32026,0,0
qsort,int,ORGAN_PIPE,3981,40840,0,0
qsort,int,ORGAN_PIPE,5012,53296,0,0
qsort,int,ORGAN_PIPE,6310,68631,0,0
qsort,int,ORGAN_PIPE,7943,87440,0,0
qsort,int,ORGAN_PIPE,10000,113807,0,0
qsort,int,ORGAN_PIPE,12589,146332,0,0
qsort,int,ORGAN_PIPE,15849,186369,0,0
qsort,int,ORGAN_PIPE,19953,241989,0,0
qsort,int,ORGAN_PIPE,25119,310720,0,0
qsort,int,ORGAN_PIPE,31623,395606,0,0
qsort,int,ORGAN_PIPE,39811,512619,0,0
qsort,int,ORGAN_PIPE,50119,657395,0,0
qsort,int,ORGAN_PIPE,63096,836695,0,0
qsort,int,ORGAN_PIPE,79433,1082203,0,0
qsort,int,ORGAN_PIPE,100000,1386411,0,0
qsort,int,ORGAN_PIPE,125893,1763826,0,0
qsort,int,ORGAN_PIPE,158489,2277715,0,0
qsort,int,ORGAN_PIPE,199526,2915244,0,0
qsort,int,ORGAN_PIPE,251189,3707756,0,0
qsort,int,ORGAN_PIPE,316228,4780848,0,0
qsort,int,ORGAN_PIPE,398107,6113820,0,0
qsort,int,ORGAN_PIPE,501187,7773534,0,0
qsort,int,ORGAN_PIPE,630957,10009728,0,0
qsort,int,ORGAN_PIPE,794328,12790951,0,0
qsort,int,ORGAN_PIPE,1000000,16258923,0,0
qsort,int,ORGAN_PIPE,1258925,20912998,0,0
qsort,int,ORGAN_PIPE,1584893,26704394,0,0
qsort,int,ORGAN_PIPE,1995262,33937116,0,0
qsort,int,ORGAN_PIPE,2511886,43602456,0,0
qsort,int,ORGAN_PIPE,3162277,55639440,0,0
qsort,int,ORGAN_PIPE,3981071,70697029,0,0
qsort,int,ORGAN_PIPE,5011872,90736619,0,0
qsort,int,ORGAN_PIPE,6309573,115719966,0,0
qsort,int,ORGAN_PIPE,7943282,147012022,0,0
qsort,int,ORGAN_PIPE,10000000,188505467,0,0
qsort,int,SAWTOOTH,1000,10952,0,0
qsort,int,SAWTOOTH,1259,14097,0,0
qsort,int,SAWTOOTH,1585,17931,0,0
qsort,int,SAWTOOTH,1995,23049,0,0
qsort,int,SAWTOOTH,2512,29102,0,0
qsort,int,SAWTOOTH,3162,37163,0,0
qsort,int,SAWTOOTH,3981,47777,0,0
qsort,int,SAWTOOTH,5012,60479,0,0
qsort,int,SAWTOOTH,6310,77180,0,0
qsort,int,SAWTOOTH,7943,99490,0,0
qsort,int,SAWTOOTH,10000,125524,0,0
qsort,int,SAWTOOTH,12589,160898,0,0
qsort,int,SAWTOOTH,15849,206671,0,0
qsort,int,SAWTOOTH,19953,260673,0,0
qsort,int,SAWTOOTH,25119,333315,0,0
qsort,int,SAWTOOTH,31623,427218,0,0
qsort,int,SAWTOOTH,39811,539563,0,0
qsort,int,SAWTOOTH,50119,689696,0,0
qsort,int,SAWTOOTH,63096,883823,0,0
qsort,int,SAWTOOTH,79433,1116244,0,0
qsort,int,SAWTOOTH,100000,1424910,0,0
qsort,int,SAWTOOTH,125893,1825099,0,0
qsort,int,SAWTOOTH,158489,2306519,0,0
qsort,int,SAWTOOTH,199526,2943505,0,0
qsort,int,SAWTOOTH,251189,3766229,0,0
qsort,int,SAWTOOTH,316228,4759030,0,0
qsort,int,SAWTOOTH,398107,6072255,0,0
qsort,int,SAWTOOTH,501187,7762539,0,0
qsort,int,SAWTOOTH,630957,9810266,0,0
qsort,int,SAWTOOTH,794328,12514583,0,0
qsort,int,SAWTOOTH,1000000,15984878,0,0
qsort,int,SAWTOOTH,1258925,20199417,0,0
qsort,int,SAWTOOTH,1584893,25762396,0,0
qsort,int,SAWTOOTH,1995262,32882315,0,0
qsort,int,SAWTOOTH,2511886,41555977,0,0
qsort,int,SAWTOOTH,3162277,52993434,0,0
qsort,int,SAWTOOTH,3981071,67583656,0,0
qsort,int,SAWTOOTH,5011872,85421575,0,0
qsort,int,SAWTOOTH,6309573,108904725,0,0
qsort,int,SAWTOOTH,7943282,138788413,0,0
qsort,int,SAWTOOTH,10000000,175434446,0,0
qsort,double,RANDOM,1000,13072,0,0
qsort,double,RANDOM,1259,17269,0,0
qsort,double,RANDOM,1585,22485,0,0
qsort,double,RANDOM,1995,29135,0,0
qsort,double,RANDOM,2512,38195,0,0
qsort,double,RANDOM,3162,49593,0,0
qsort,double,RANDOM,3981,64139,0,0
qsort,double,RANDOM,5012,83737,0,0
qsort,double,RANDOM,6310,108290,0,0
qsort,double,RANDOM,7943,139865,0,0
qsort,double,RANDOM,10000,181952,0,0
qsort,double,RANDOM,12589,234677,0,0
qsort,double,RANDOM,15849,302584,0,0
qsort,double,RANDOM,19953,392818,0,0
qsort,double,RANDOM,25119,506312,0,0
qsort,double,RANDOM,31623,651079,0,0
qsort,double,RANDOM,39811,843050,0,0
qsort,double,RANDOM,50119,1084359,0,0
qsort,double,RANDOM,63096,1392982,0,0
qsort,double,RANDOM,79433,1800439,0,0
qsort,double,RANDOM,100000,2312677,0,0
qsort,double,RANDOM,125893,2968550,0,0
qsort,double,RANDOM,158489,3828510,0,0
qsort,double,RANDOM,199526,4913305,0,0
qsort,double,RANDOM,251189,6299359,0,0
qsort,double,RANDOM,316228,8113842,0,0
qsort,double,RANDOM,398107,10396677,0,0
qsort,double,RANDOM,501187,13318321,0,0
qsort,double,RANDOM,630957,17129347,0,0
qsort,double,RANDOM,794328,21926661,0,0
qsort,double,RANDOM,1000000,28068296,0,0
qsort,double,RANDOM,1258925,36060156,0,0
qsort,double,RANDOM,1584893,46116108,0,0
qsort,double,RANDOM,1995262,58991981,0,0
qsort,double,RANDOM,2511886,75704637,0,0
qsort,double,RANDOM,3162277,96720738,0,0
qsort,double,RANDOM,3981071,123665254,0,0
qsort,double,RANDOM,5011872,158537244,0,0
qsort,double,RANDOM,6309573,202394983,0,0
qsort,double,RANDOM,7943282,258635054,0,0
qsort,double,RANDOM,10000000,331255830,0,0
qsort,double,NEARLY_SORTED,1000,11244,0,0
qsort,double,NEARLY_SORTED,1259,14661,0,0
qsort,double,NEARLY_SORTED,1585,18813,0,0
qsort,double,NEARLY_SORTED,1995,24972,0,0
qsort,double,NEARLY_SORTED,2512,32987,0,0
qsort,double,NEARLY_SORTED,3162,43308,0,0
qsort,double,NEARLY_SORTED,3981,56130,0,0
qsort,double,NEARLY_SORTED,5012,73665,0,0
qsort,double,NEARLY_SORTED,6310,96266,0,0
qsort,double,NEARLY_SORTED,7943,125808,0,0
qsort,double,NEARLY_SORTED,10000,162332,0,0
qsort,double,NEARLY_SORTED,12589,212187,0,0
qsort,double,NEARLY_SORTED,15849,275338,0,0
qsort,double,NEARLY_SORTED,19953,355249,0,0
qsort,double,NEARLY_SORTED,25119,460420,0,0
qsort,double,NEARLY_SORTED,31623,596411,0,0
qsort,double,NEARLY_SORTED,39811,767887,0,0
qsort,double,NEARLY_SORTED,50119,992068,0,0
qsort,double,NEARLY_SORTED,63096,1281948,0,0
qsort,double,NEARLY_SORTED,79433,1649462,0,0
qsort,double,NEARLY_SORTED,100000,2125584,0,0
qsort,double,NEARLY_SORTED,125893,2744773,0,0
qsort,double,NEARLY_SORTED,158489,3525619,0,0
qsort,double,NEARLY_SORTED,199526,4542618,0,0
qsort,double,NEARLY_SORTED,251189,5854044,0,0
qsort,double,NEARLY_SORTED,316228,7510091,0,0
qsort,double,NEARLY_SORTED,398107,9655613,0,0
qsort,double,NEARLY_SORTED,501187,12419389,0,0
qsort,double,NEARLY_SORTED,630957,15917881,0,0
qsort,double,NEARLY_SORTED,794328,20452506,0,0
qsort,double,NEARLY_SORTED,1000000,26288424,0,0
qsort,double,NEARLY_SORTED,1258925,33660128,0,0
qsort,double,NEARLY_SORTED,1584893,43181991,0,0
qsort,double,NEARLY_SORTED,1995262,55414880,0,0
qsort,double,NEARLY_SORTED,2511886,70868218,0,0
qsort,double,NEARLY_SORTED,3162277,90866574,0,0
qsort,double,NEARLY_SORTED,3981071,116495539,0,0
qsort,double,NEARLY_SORTED,5011872,148883472,0,0
qsort,double,NEARLY_SORTED,6309573,190803412,0,0
qsort,double,NEARLY_SORTED,7943282,244407062,0,0
qsort,double,NEARLY_SORTED,10000000,312111853,0,0
qsort,double,REVERSE_SORTED,1000,10088,0,0
qsort,double,REVERSE_SORTED,1259,13614,0,0
qsort,double,REVERSE_SORTED,1585,17616,0,0
qsort,double,REVERSE_SORTED,1995,22136,0,0
qsort,double,REVERSE_SORTED,2512,29664,0,0
qsort,double,REVERSE_SORTED,3162,38294,0,0
qsort,double,REVERSE_SORTED,3981,48164,0,0
qsort,double,REVERSE_SORTED,5012,64192,0,0
qsort,double,REVERSE_SORTED,6310,82698,0,0
qsort,double,REVERSE_SORTED,7943,104044,0,0
qsort,double,REVERSE_SORTED,10000,138016,0,0
qsort,double,REVERSE_SORTED,12589,177490,0,0
qsort,double,REVERSE_SORTED,15849,223556,0,0
qsort,double,REVERSE_SORTED,19953,295248,0,0
qsort,double,REVERSE_SORTED,25119,379024,0,0
qsort,double,REVERSE_SORTED,31623,477932,0,0
qsort,double,REVERSE_SORTED,39811,628926,0,0
qsort,double,REVERSE_SORTED,50119,806024,0,0
qsort,double,REVERSE_SORTED,63096,1017128,0,0
qsort,double,REVERSE_SORTED,79433,1334206,0,0
qsort,double,REVERSE_SORTED,100000,1707808,0,0
qsort,double,REVERSE_SORTED,125893,2155856,0,0
qsort,double,REVERSE_SORTED,158489,2820126,0,0
qsort,double,REVERSE_SORTED,199526,3605666,0,0
qsort,double,REVERSE_SORTED,251189,4554202,0,0
qsort,double,REVERSE_SORTED,316228,5941728,0,0
qsort,double,REVERSE_SORTED,398107,7589042,0,0
qsort,double,REVERSE_SORTED,501187,9589310,0,0
qsort,double,REVERSE_SORTED,630957,12481082,0,0
qsort,double,REVERSE_SORTED,794328,15927560,0,0
qsort,double,REVERSE_SORTED,1000000,20132864,0,0
qsort,double,REVERSE_SORTED,1258925,26158982,0,0
qsort,double,REVERSE_SORTED,1584893,33352140,0,0
qsort,double,REVERSE_SORTED,1995262,42174950,0,0
qsort,double,REVERSE_SORTED,2511886,54692266,0,0
qsort,double,REVERSE_SORTED,3162277,69670218,0,0
qsort,double,REVERSE_SORTED,3981071,88142128,0,0
qsort,double,REVERSE_SORTED,5011872,114094496,0,0
qsort,double,REVERSE_SORTED,6309573,145249696,0,0
qsort,double,REVERSE_SORTED,7943282,183831378,0,0
qsort,double,REVERSE_SORTED,10000000,237576320,0,0
qsort,double,MANY_DUPLICATES_10,1000,13072,0,0
qsort,double,MANY_DUPLICATES_10,1259,17269,0,0
qsort,double,MANY_DUPLICATES_10,1585,22485,0,0
qsort,double,MANY_DUPLICATES_10,1995,29135,0,0
qsort,double,MANY_DUPLICATES_10,2512,38195,0,0
qsort,double,MANY_DUPLICATES_10,3162,49593,0,0
qsort,double,MANY_DUPLICATES_10,3981,64139,0,0
qsort,double,MANY_DUPLICATES_10,5012,83737,0,0
qsort,double,MANY_DUPLICATES_10,6310,108290,0,0
qsort,double,MANY_DUPLICATES_10,7943,139865,0,0
qsort,double,MANY_DUPLICATES_10,10000,181952,0,0
qsort,double,MANY_DUPLICATES_10,12589,234677,0,0
qsort,double,MANY_DUPLICATES_10,15849,302584,0,0
qsort,double,MANY_DUPLICATES_10,19953,392818,0,0
qsort,double,MANY_DUPLICATES_10,25119,506312,0,0
qsort,double,MANY_DUPLICATES_10,31623,651079,0,0
qsort,double,MANY_DUPLICATES_10,39811,843050,0,0
qsort,double,MANY_DUPLICATES_10,50119,1084359,0,0
qsort,double,MANY_DUPLICATES_10,63096,1392982,0,0
qsort,double,MANY_DUPLICATES_10,79433,1800439,0,0
qsort,double,MANY_DUPLICATES_10,100000,2312677,0,0
qsort,double,MANY_DUPLICATES_10,125893,2968550,0,0
qsort,double,MANY_DUPLICATES_10,158489,3828510,0,0
qsort,double,MANY_DUPLICATES_10,199526,4913305,0,0
qsort,double,MANY_DUPLICATES_10,251189,6299359,0,0
qsort,double,MANY_DUPLICATES_10,316228,8113842,0,0
qsort,double,MANY_DUPLICATES_10,398107,10396677,0,0
qsort,double,MANY_DUPLICATES_10,501187,13318321,0,0
qsort,double,MANY_DUPLICATES_10,630957,17129347,0,0
qsort,double,MANY_DUPLICATES_10,794328,21926661,0,0
qsort,double,MANY_DUPLICATES_10,1000000,28068296,0,0
qsort,double,MANY_DUPLICATES_10,1258925,36060156,0,0
qsort,double,MANY_DUPLICATES_10,1584893,46116108,0,0
qsort,double,MANY_DUPLICATES_10,1995262,58991981,0,0
qsort,double,MANY_DUPLICATES_10,2511886,75704637,0,0
qsort,double,MANY_DUPLICATES_10,3162277,96720738,0,0
qsort,double,MANY_DUPLICATES_10,3981071,123665254,0,0
qsort,double,MANY_DUPLICATES_10,5011872,158537244,0,0
qsort,double,MANY_DUPLICATES_10,6309573,202394983,0,0
qsort,double,MANY_DUPLICATES_10,7943282,258635054,0,0
qsort,double,MANY_DUPLICATES_10,10000000,331255830,0,0
qsort,double,MANY_DUPLICATES_50,1000,13072,0,0
qsort,double,MANY_DUPLICATES_50,1259,17269,0,0
qsort,double,MANY_DUPLICATES_50,1585,22485,0,0
qsort,double,MANY_DUPLICATES_50,1995,29135,0,0
qsort,double,MANY_DUPLICATES_50,2512,38195,0,0
qsort,double,MANY_DUPLICATES_50,3162,49593,0,0
qsort,double,MANY_DUPLICATES_50,3981,64139,0,0
qsort,double,MANY_DUPLICATES_50,5012,83737,0,0
qsort,double,MANY_DUPLICATES_50,6310,108290,0,0
qsort,double,MANY_DUPLICATES_50,7943,139865,0,0
qsort,double,MANY_DUPLICATES_50,10000,181952,0,0
qsort,double,MANY_DUPLICATES_50,12589,234677,0,0
qsort,double,MANY_DUPLICATES_50,15849,302584,0,0
qsort,double,MANY_DUPLICATES_50,19953,392818,0,0
qsort,double,MANY_DUPLICATES_50,25119,506312,0,0
qsort,double,MANY_DUPLICATES_50,31623,651079,0,0
qsort,double,MANY_DUPLICATES_50,39811,843050,0,0
qsort,double,MANY_DUPLICATES_50,50119,1084359,0,0
qsort,double,MANY_DUPLICATES_50,63096,1392982,0,0
qsort,double,MANY_DUPLICATES_50,79433,1800439,0,0
qsort,double,MANY_DUPLICATES_50,100000,2312677,0,0
qsort,double,MANY_DUPLICATES_50,125893,2968550,0,0
qsort,double,MANY_DUPLICATES_50,158489,3828510,0,0
qsort,double,MANY_DUPLICATES_50,199526,4913305,0,0
qsort,double,MANY_DUPLICATES_50,251189,6299359,0,0
qsort,double,MANY_DUPLICATES_50,316228,8113842,0,0
qsort,double,MANY_DUPLICATES_50,398107,10396677,0,0
qsort,double,MANY_DUPLICATES_50,501187,13318321,0,0
qsort,double,MANY_DUPLICATES_50,630957,17129347,0,0
qsort,double,MANY_DUPLICATES_50,794328,21926661,0,0
qsort,double,MANY_DUPLICATES_50,1000000,28068296,0,0
qsort,double,MANY_DUPLICATES_50,1258925,36060156,0,0
qsort,double,MANY_DUPLICATES_50,1584893,46116108,0,0
qsort,double,MANY_DUPLICATES_50,1995262,58991981,0,0
qsort,double,MANY_DUPLICATES_50,2511886,75704637,0,0
qsort,double,MANY_DUPLICATES_50,3162277,96720738,0,0
qsort,double,MANY_DUPLICATES_50,3981071,123665254,0,0
qsort,double,MANY_DUPLICATES_50,5011872,158537244,0,0
qsort,double,MANY_DUPLICATES_50,6309573,202394983,0,0
qsort,double,MANY_DUPLICATES_50,7943282,258635054,0,0
qsort,double,MANY_DUPLICATES_50,10000000,331255830,0,0
qsort,double,MANY_DUPLICATES_90,1000,13072,0,0
qsort,double,MANY_DUPLICATES_90,1259,17269,0,0
qsort,double,MANY_DUPLICATES_90,1585,22485,0,0
qsort,double,MANY_DUPLICATES_90,1995,29135,0,0
qsort,double,MANY_DUPLICATES_90,2512,38195,0,0
qsort,double,MANY_DUPLICATES_90,3162,49593,0,0
qsort,double,MANY_DUPLICATES_90,3981,64139,0,0
qsort,double,MANY_DUPLICATES_90,5012,83737,0,0
qsort,double,MANY_DUPLICATES_90,6310,108290,0,0
qsort,double,MANY_DUPLICATES_90,7943,139865,0,0
qsort,double,MANY_DUPLICATES_90,10000,181952,0,0
qsort,double,MANY_DUPLICATES_90,12589,234677,0,0
qsort,double,MANY_DUPLICATES_90,15849,302584,0,0
qsort,double,MANY_DUPLICATES_90,19953,392818,0,0
qsort,double,MANY_DUPLICATES_90,25119,506312,0,0
qsort,double,MANY_DUPLICATES_90,31623,651079,0,0
qsort,double,MANY_DUPLICATES_90,39811,843050,0,0
qsort,double,MANY_DUPLICATES_90,50119,1084359,0,0
qsort,double,MANY_DUPLICATES_90,63096,1392982,0,0
qsort,double,MANY_DUPLICATES_90,79433,1800439,0,0
qsort,double,MANY_DUPLICATES_90,100000,2312677,0,0
qsort,double,MANY_DUPLICATES_90,125893,2968550,0,0
qsort,double,MANY_DUPLICATES_90,158489,3828510,0,0
qsort,double,MANY_DUPLICATES_90,199526,4913305,0,0
qsort,double,MANY_DUPLICATES_90,251189,6299359,0,0
qsort,double,MANY_DUPLICATES_90,316228,8113842,0,0
qsort,double,MANY_DUPLICATES_90,398107,10396677,0,0
qsort,double,MANY_DUPLICATES_90,501187,13318321,0,0
qsort,double,MANY_DUPLICATES_90,630957,17129347,0,0
qsort,double,MANY_DUPLICATES_90,794328,21926661,0,0
qsort,double,MANY_DUPLICATES_90,1000000,28068296,0,0
qsort,double,MANY_DUPLICATES_90,1258925,36060156,0,0
qsort,double,MANY_DUPLICATES_90,1584893,46116108,0,0
qsort,double,MANY_DUPLICATES_90,1995262,58991981,0,0
qsort,double,MANY_DUPLICATES_90,2511886,75704637,0,0
qsort,double,MANY_DUPLICATES_90,3162277,96720738,0,0
qsort,double,MANY_DUPLICATES_90,3981071,123665254,0,0
qsort,double,MANY_DUPLICATES_90,5011872,158537244,0,0
qsort,double,MANY_DUPLICATES_90,6309573,202394983,0,0
qsort,double,MANY_DUPLICATES_90,7943282,258635054,0,0
qsort,double,MANY_DUPLICATES_90,10000000,331255830,0,0
qsort,double,ORGAN_PIPE,1000,8755,0,0
qsort,double,ORGAN_PIPE,1259,11502,0,0
qsort,double,ORGAN_PIPE,1585,14869,0,0
qsort,double,ORGAN_PIPE,1995,18967,0,0
qsort,double,ORGAN_PIPE,2512,24831,0,0
qsort,double,ORGAN_PIPE,3162,32026,0,0
qsort,double,ORGAN_PIPE,3981,40840,0,0
qsort,double,ORGAN_PIPE,5012,53296,0,0
qsort,double,ORGAN_PIPE,6310,68631,0,0
qsort,double,ORGAN_PIPE,7943,87440,0,0
qsort,double,ORGAN_PIPE,10000,113807,0,0
qsort,double,ORGAN_PIPE,12589,146332,0,0
qsort,double,ORGAN_PIPE,15849,186369,0,0
qsort,double,ORGAN_PIPE,19953,241989,0,0
qsort,double,ORGAN_PIPE,25119,310720,0,0
qsort,double,ORGAN_PIPE,31623,395606,0,0
qsort,double,ORGAN_PIPE,39811,512619,0,0
qsort,double,ORGAN_PIPE,50119,657395,0,0
qsort,double,ORGAN_PIPE,63096,836695,0,0
qsort,double,ORGAN_PIPE,79433,1082203,0,0
qsort,double,ORGAN_PIPE,100000,1386411,0,0
qsort,double,ORGAN_PIPE,125893,1763826,0,0
qsort,double,ORGAN_PIPE,158489,2277715,0,0
qsort,double,ORGAN_PIPE,199526,2915244,0,0
qsort,double,ORGAN_PIPE,251189,3707756,0,0
qsort,double,ORGAN_PIPE,316228,4780848,0,0
qsort,double,ORGAN_PIPE,398107,6113820,0,0
qsort,double,ORGAN_PIPE,501187,7773534,0,0
qsort,double,ORGAN_PIPE,630957,10009728,0,0
qsort,double,ORGAN_PIPE,794328,12790951,0,0
qsort,double,ORGAN_PIPE,1000000,16258923,0,0
qsort,double,ORGAN_PIPE,1258925,20912998,0,0
qsort,double,ORGAN_PIPE,1584893,26704394,0,0
qsort,double,ORGAN_PIPE,1995262,33937116,0,0
qsort,double,ORGAN_PIPE,2511886,43602456,0,0
qsort,double,ORGAN_PIPE,3162277,55639440,0,0
qsort,double,ORGAN_PIPE,3981071,70697029,0,0
qsort,double,ORGAN_PIPE,5011872,90736619,0,0
qsort,double,ORGAN_PIPE,6309573,115719966,0,0
qsort,double,ORGAN_PIPE,7943282,147012022,0,0
qsort,double,ORGAN_PIPE,10000000,188505467,0,0
qsort,double,SAWTOOTH,1000,10952,0,0
qsort,double,SAWTOOTH,1259,14097,0,0
qsort,double,SAWTOOTH,1585,17931,0,0
qsort,double,SAWTOOTH,1995,23049,0,0
qsort,double,SAWTOOTH,2512,29102,0,0
qsort,double,SAWTOOTH,3162,37163,0,0
qsort,double,SAWTOOTH,3981,47777,0,0
qsort,double,SAWTOOTH,5012,60479,0,0
qsort,double,SAWTOOTH,6310,77180,0,0
qsort,double,SAWTOOTH,7943,99490,0,0
qsort,double,SAWTOOTH,10000,125524,0,0
qsort,double,SAWTOOTH,12589,160898,0,0
qsort,double,SAWTOOTH,15849,206671,0,0
qsort,double,SAWTOOTH,19953,260673,0,0
qsort,double,SAWTOOTH,25119,333315,0,0
qsort,double,SAWTOOTH,31623,427218,0,0
qsort,double,SAWTOOTH,39811,539563,0,0
qsort,double,SAWTOOTH,50119,689696,0,0
qsort,double,SAWTOOTH,63096,883823,0,0
qsort,double,SAWTOOTH,79433,1116244,0,0
qsort,double,SAWTOOTH,100000,1424910,0,0
qsort,double,SAWTOOTH,125893,1825099,0,0
qsort,double,SAWTOOTH,158489,2306519,0,0
qsort,double,SAWTOOTH,199526,2943505,0,0
qsort,double,SAWTOOTH,251189,3766229,0,0
qsort,double,SAWTOOTH,316228,4759030,0,0
qsort,double,SAWTOOTH,398107,6072255,0,0
qsort,double,SAWTOOTH,501187,7762539,0,0
qsort,double,SAWTOOTH,630957,9810266,0,0
qsort,double,SAWTOOTH,794328,12514583,0,0
qsort,double,SAWTOOTH,1000000,15984878,0,0
qsort,double,SAWTOOTH,1258925,20199417,0,0
qsort,double,SAWTOOTH,1584893,25762396,0,0
qsort,double,SAWTOOTH,1995262,32882315,0,0
qsort,double,SAWTOOTH,2511886,41555977,0,0
qsort,double,SAWTOOTH,3162277,52993434,0,0
qsort,double,SAWTOOTH,3981071,67583656,0,0
qsort,double,SAWTOOTH,5011872,85421575,0,0
qsort,double,SAWTOOTH,6309573,108904725,0,0
qsort,double,SAWTOOTH,7943282,138788413,0,0
qsort,double,SAWTOOTH,10000000,175434446,0,0
dual_pivot_sequential,int,RANDOM,1000,18081,1331,9669
dual_pivot_sequential,int,RANDOM,1259,20555,1749,11574
dual_pivot_sequential,int,RANDOM,1585,28593,2348,14530
dual_pivot_sequential,int,RANDOM,1995,33942,3390,16439
dual_pivot_sequential,int,RANDOM,2512,52774,5067,23162
dual_pivot_sequential,int,RANDOM,3162,62575,5557,27332
dual_pivot_sequential,int,RANDOM,3981,81288,7461,37048
dual_pivot_sequential,int,RANDOM,5012,116934,8613,50330
dual_pivot_sequential,int,RANDOM,6310,137249,11734,58760
dual_pivot_sequential,int,RANDOM,7943,185684,17592,73448
dual_pivot_sequential,int,RANDOM,10000,213653,24654,90232
dual_pivot_sequential,int,RANDOM,12589,298021,28654,119963
dual_pivot_sequential,int,RANDOM,15849,379310,39078,149919
dual_pivot_sequential,int,RANDOM,19953,501658,51755,190814
dual_pivot_sequential,int,RANDOM,25119,632679,65545,237154
dual_pivot_sequential,int,RANDOM,31623,769496,90792,307437
dual_pivot_sequential,int,RANDOM,39811,1069758,110801,383640
dual_pivot_sequential,int,RANDOM,50119,1294332,142611,480338
dual_pivot_sequential,int,RANDOM,63096,1977862,170081,649787
dual_pivot_sequential,int,RANDOM,79433,2253300,245544,807166
dual_pivot_sequential,int,RANDOM,100000,2893908,326659,1003565
dual_pivot_sequential,int,RANDOM,125893,3607371,411827,1265016
dual_pivot_sequential,int,RANDOM,158489,4642636,531203,1609928
dual_pivot_sequential,int,RANDOM,199526,6027851,707895,2053012
dual_pivot_sequential,int,RANDOM,251189,7658701,938056,2562056
dual_pivot_sequential,int,RANDOM,316228,9481359,1235630,3191153
dual_pivot_sequential,int,RANDOM,398107,12919572,1468518,4166770
dual_pivot_sequential,int,RANDOM,501187,15979972,1893750,5227026
dual_pivot_sequential,int,RANDOM,630957,22108427,2454743,6795188
dual_pivot_sequential,int,RANDOM,794328,27567431,3103826,8564625
dual_pivot_sequential,int,RANDOM,1000000,38154731,3755041,11037053
dual_pivot_sequential,int,RANDOM,1258925,45143430,5028679,13630885
dual_pivot_sequential,int,RANDOM,1584893,57654205,6535810,17252565
dual_pivot_sequential,int,RANDOM,1995262,70619258,8922515,21533950
dual_pivot_sequential,int,RANDOM,2511886,94137342,11255449,27705137
dual_pivot_sequential,int,RANDOM,3162277,126164871,13948341,35744267
dual_pivot_sequential,int,RANDOM,3981071,152048301,17828704,44172091
dual_pivot_sequential,int,RANDOM,5011872,208234975,22280818,57431690
dual_pivot_sequential,int,RANDOM,6309573,255881334,29260685,71598506
dual_pivot_sequential,int,RANDOM,7943282,318726438,38077921,90077239
dual_pivot_sequential,int,RANDOM,10000000,411922974,48653097,114790824
dual_pivot_sequential,int,NEARLY_SORTED,1000,10696,1475,6515
dual_pivot_sequential,int,NEARLY_SORTED,1259,12338,1778,6472
dual_pivot_sequential,int,NEARLY_SORTED,1585,17690,2092,8533
dual_pivot_sequential,int,NEARLY_SORTED,1995,22572,3206,11541
dual_pivot_sequential,int,NEARLY_SORTED,2512,30965,4518,16231
dual_pivot_sequential,int,NEARLY_SORTED,3162,41985,6230,22029
dual_pivot_sequential,int,NEARLY_SORTED,3981,56082,8635,29047
dual_pivot_sequential,int,NEARLY_SORTED,5012,71492,10663,35440
dual_pivot_sequential,int,NEARLY_SORTED,6310,91147,12830,43351
dual_pivot_sequential,int,NEARLY_SORTED,7943,121512,18498,57370
dual_pivot_sequential,int,NEARLY_SORTED,10000,154279,24474,69858
dual_pivot_sequential,int,NEARLY_SORTED,12589,206729,33453,91358
dual_pivot_sequential,int,NEARLY_SORTED,15849,265153,41986,114811
dual_pivot_sequential,int,NEARLY_SORTED,19953,341414,54264,145300
dual_pivot_sequential,int,NEARLY_SORTED,25119,454547,67791,191983
dual_pivot_sequential,int,NEARLY_SORTED,31623,567416,87632,233395
dual_pivot_sequential,int,NEARLY_SORTED,39811,757746,123328,307823
dual_pivot_sequential,int,NEARLY_SORTED,50119,971055,158654,386652
dual_pivot_sequential,int,NEARLY_SORTED,63096,1289030,211862,495866
dual_pivot_sequential,int,NEARLY_SORTED,79433,1654240,274310,633068
dual_pivot_sequential,int,NEARLY_SORTED,100000,2081396,351173,773215
dual_pivot_sequential,int,NEARLY_SORTED,125893,2766568,449622,995619
dual_pivot_sequential,int,NEARLY_SORTED,158489,3427019,579628,1262363
dual_pivot_sequential,int,NEARLY_SORTED,199526,4579808,776990,1603612
dual_pivot_sequential,int,NEARLY_SORTED,251189,5830902,973326,2055939
dual_pivot_sequential,int,NEARLY_SORTED,316228,7464891,1292595,2601245
dual_pivot_sequential,int,NEARLY_SORTED,398107,9612769,1673392,3301895
dual_pivot_sequential,int,NEARLY_SORTED,501187,12532108,2178913,4190710
dual_pivot_sequential,int,NEARLY_SORTED,630957,15882781,2691175,5245349
dual_pivot_sequential,int,NEARLY_SORTED,794328,20601852,3653455,6687473
dual_pivot_sequential,int,NEARLY_SORTED,1000000,26387935,4611823,8519342
dual_pivot_sequential,int,NEARLY_SORTED,1258925,33628294,5902394,10805309
dual_pivot_sequential,int,NEARLY_SORTED,1584893,45237405,7388263,13724745
dual_pivot_sequential,int,NEARLY_SORTED,1995262,54999152,9728381,17134265
dual_pivot_sequential,int,NEARLY_SORTED,2511886,71275921,12126715,22005142
dual_pivot_sequential,int,NEARLY_SORTED,3162277,91721152,15630057,27909117
dual_pivot_sequential,int,NEARLY_SORTED,3981071,118447221,19313602,35128708
dual_pivot_sequential,int,NEARLY_SORTED,5011872,149832810,26566738,44787379
dual_pivot_sequential,int,NEARLY_SORTED,6309573,191974772,33662351,56604636
dual_pivot_sequential,int,NEARLY_SORTED,7943282,244790075,43039881,71772526
dual_pivot_sequential,int,NEARLY_SORTED,10000000,320095687,55229364,91462933
dual_pivot_sequential,int,REVERSE_SORTED,1000,1501,0,1500
dual_pivot_sequential,int,REVERSE_SORTED,1259,1889,0,1887
dual_pivot_sequential,int,REVERSE_SORTED,1585,2378,0,2376
dual_pivot_sequential,int,REVERSE_SORTED,1995,2993,0,2991
dual_pivot_sequential,int,REVERSE_SORTED,2512,3769,0,3768
dual_pivot_sequential,int,REVERSE_SORTED,3162,4744,0,4743
dual_pivot_sequential,int,REVERSE_SORTED,3981,5972,0,5970
dual_pivot_sequential,int,REVERSE_SORTED,5012,7519,0,7518
dual_pivot_sequential,int,REVERSE_SORTED,6310,9466,0,9465
dual_pivot_sequential,int,REVERSE_SORTED,7943,11915,0,11913
dual_pivot_sequential,int,REVERSE_SORTED,10000,15001,0,15000
dual_pivot_sequential,int,REVERSE_SORTED,12589,18884,0,18882
dual_pivot_sequential,int,REVERSE_SORTED,15849,23774,0,23772
dual_pivot_sequential,int,REVERSE_SORTED,19953,29930,0,29928
dual_pivot_sequential,int,REVERSE_SORTED,25119,37679,0,37677
dual_pivot_sequential,int,REVERSE_SORTED,31623,47435,0,47433
dual_pivot_sequential,int,REVERSE_SORTED,39811,59717,0,59715
dual_pivot_sequential,int,REVERSE_SORTED,50119,75179,0,75177
dual_pivot_sequential,int,REVERSE_SORTED,63096,94645,0,94644
dual_pivot_sequential,int,REVERSE_SORTED,79433,119150,0,119148
dual_pivot_sequential,int,REVERSE_SORTED,100000,150001,0,150000
dual_pivot_sequential,int,REVERSE_SORTED,125893,188840,0,188838
dual_pivot_sequential,int,REVERSE_SORTED,158489,237734,0,237732
dual_pivot_sequential,int,REVERSE_SORTED,199526,299290,0,299289
dual_pivot_sequential,int,REVERSE_SORTED,251189,376784,0,376782
dual_pivot_sequential,int,REVERSE_SORTED,316228,474343,0,474342
dual_pivot_sequential,int,REVERSE_SORTED,398107,597161,0,597159
dual_pivot_sequential,int,REVERSE_SORTED,501187,751781,0,751779
dual_pivot_sequential,int,REVERSE_SORTED,630957,946436,0,946434
dual_pivot_sequential,int,REVERSE_SORTED,794328,1191493,0,1191492
dual_pivot_sequential,int,REVERSE_SORTED,1000000,1500001,0,1500000
dual_pivot_sequential,int,REVERSE_SORTED,1258925,1888388,0,1888386
dual_pivot_sequential,int,REVERSE_SORTED,1584893,2377340,0,2377338
dual_pivot_sequential,int,REVERSE_SORTED,1995262,2992894,0,2992893
dual_pivot_sequential,int,REVERSE_SORTED,2511886,3767830,0,3767829
dual_pivot_sequential,int,REVERSE_SORTED,3162277,4743416,0,4743414
dual_pivot_sequential,int,REVERSE_SORTED,3981071,5971607,0,5971605
dual_pivot_sequential,int,REVERSE_SORTED,5011872,7517809,0,7517808
dual_pivot_sequential,int,REVERSE_SORTED,6309573,9464360,0,9464358
dual_pivot_sequential,int,REVERSE_SORTED,7943282,11914924,0,11914923
dual_pivot_sequential,int,REVERSE_SORTED,10000000,15000001,0,15000000
dual_pivot_sequential,int,MANY_DUPLICATES_10,1000,17485,1673,6688
dual_pivot_sequential,int,MANY_DUPLICATES_10,1259,19260,2279,7598
dual_pivot_sequential,int,MANY_DUPLICATES_10,1585,26917,3154,12051
dual_pivot_sequential,int,MANY_DUPLICATES_10,1995,30034,4447,13668
dual_pivot_sequential,int,MANY_DUPLICATES_10,2512,46663,6026,15983
dual_pivot_sequential,int,MANY_DUPLICATES_10,3162,56267,6758,20616
dual_pivot_sequential,int,MANY_DUPLICATES_10,3981,72338,10112,27749
dual_pivot_sequential,int,MANY_DUPLICATES_10,5012,97386,12487,34593
dual_pivot_sequential,int,MANY_DUPLICATES_10,6310,126115,16146,45495
dual_pivot_sequential,int,MANY_DUPLICATES_10,7943,158175,22588,52740
dual_pivot_sequential,int,MANY_DUPLICATES_10,10000,210262,28258,70803
dual_pivot_sequential,int,MANY_DUPLICATES_10,12589,261822,34699,89330
dual_pivot_sequential,int,MANY_DUPLICATES_10,15849,349876,47860,115716
dual_pivot_sequential,int,MANY_DUPLICATES_10,19953,456496,61501,142896
dual_pivot_sequential,int,MANY_DUPLICATES_10,25119,581583,75705,189763
dual_pivot_sequential,int,MANY_DUPLICATES_10,31623,765884,98672,243303
dual_pivot_sequential,int,MANY_DUPLICATES_10,39811,933989,130843,295878
dual_pivot_sequential,int,MANY_DUPLICATES_10,50119,1280945,162237,387830
dual_pivot_sequential,int,MANY_DUPLICATES_10,63096,1762630,208461,492650
dual_pivot_sequential,int,MANY_DUPLICATES_10,79433,2152445,265789,629647
dual_pivot_sequential,int,MANY_DUPLICATES_10,100000,2798369,335461,802988
dual_pivot_sequential,int,MANY_DUPLICATES_10,125893,3268092,474728,979055
dual_pivot_sequential,int,MANY_DUPLICATES_10,158489,4466018,588617,1269755
dual_pivot_sequential,int,MANY_DUPLICATES_10,199526,5583422,834341,1593937
dual_pivot_sequential,int,MANY_DUPLICATES_10,251189,7275177,1110070,2049649
dual_pivot_sequential,int,MANY_DUPLICATES_10,316228,10507068,1263216,2681368
dual_pivot_sequential,int,MANY_DUPLICATES_10,398107,11877867,1714469,3258523
dual_pivot_sequential,int,MANY_DUPLICATES_10,501187,15841916,2057810,4185466
dual_pivot_sequential,int,MANY_DUPLICATES_10,630957,21580609,2654626,5464141
dual_pivot_sequential,int,MANY_DUPLICATES_10,794328,24984314,3545697,6615684
dual_pivot_sequential,int,MANY_DUPLICATES_10,1000000,31777202,4866102,8409542
dual_pivot_sequential,int,MANY_DUPLICATES_10,1258925,43414166,5690969,10919416
dual_pivot_sequential,int,MANY_DUPLICATES_10,1584893,52817014,7351902,13587007
dual_pivot_sequential,int,MANY_DUPLICATES_10,1995262,71482544,8962875,17703333
dual_pivot_sequential,int,MANY_DUPLICATES_10,2511886,87988021,12633440,22107098
dual_pivot_sequential,int,MANY_DUPLICATES_10,3162277,115315432,14949309,28319229
dual_pivot_sequential,int,MANY_DUPLICATES_10,3981071,150649936,19405649,36397264
dual_pivot_sequential,int,MANY_DUPLICATES_10,5011872,193073031,24818734,46027118
dual_pivot_sequential,int,MANY_DUPLICATES_10,6309573,242611198,32569160,58248423
dual_pivot_sequential,int,MANY_DUPLICATES_10,7943282,304847142,43251644,72960651
dual_pivot_sequential,int,MANY_DUPLICATES_10,10000000,382902699,54544714,92078368
dual_pivot_sequential,int,MANY_DUPLICATES_50,1000,19016,1496,8396
dual_pivot_sequential,int,MANY_DUPLICATES_50,1259,20228,2033,10920
dual_pivot_sequential,int,MANY_DUPLICATES_50,1585,29256,2446,14521
dual_pivot_sequential,int,MANY_DUPLICATES_50,1995,33899,3647,16615
dual_pivot_sequential,int,MANY_DUPLICATES_50,2512,53059,4398,21981
dual_pivot_sequential,int,MANY_DUPLICATES_50,3162,69154,5403,30818
dual_pivot_sequential,int,MANY_DUPLICATES_50,3981,79938,8562,33148
dual_pivot_sequential,int,MANY_DUPLICATES_50,5012,109923,10106,47584
dual_pivot_sequential,int,MANY_DUPLICATES_50,6310,133063,13637,56395
dual_pivot_sequential,int,MANY_DUPLICATES_50,7943,180665,18523,73350
dual_pivot_sequential,int,MANY_DUPLICATES_50,10000,216672,25624,89812
dual_pivot_sequential,int,MANY_DUPLICATES_50,12589,286405,30590,113346
dual_pivot_sequential,int,MANY_DUPLICATES_50,15849,380800,41105,147188
dual_pivot_sequential,int,MANY_DUPLICATES_50,19953,488648,53570,190540
dual_pivot_sequential,int,MANY_DUPLICATES_50,25119,630814,64992,239582
dual_pivot_sequential,int,MANY_DUPLICATES_50,31623,793402,88782,297671
dual_pivot_sequential,int,MANY_DUPLICATES_50,39811,982447,118199,374529
dual_pivot_sequential,int,MANY_DUPLICATES_50,50119,1365820,141740,485987
dual_pivot_sequential,int,MANY_DUPLICATES_50,63096,1887476,176301,632872
dual_pivot_sequential,int,MANY_DUPLICATES_50,79433,2223357,251133,778209
dual_pivot_sequential,int,MANY_DUPLICATES_50,100000,2983945,319051,999306
dual_pivot_sequential,int,MANY_DUPLICATES_50,125893,3645629,416136,1222805
dual_pivot_sequential,int,MANY_DUPLICATES_50,158489,4812073,526859,1593752
dual_pivot_sequential,int,MANY_DUPLICATES_50,199526,6092248,711522,1997314
dual_pivot_sequential,int,MANY_DUPLICATES_50,251189,7953125,857800,2554663
dual_pivot_sequential,int,MANY_DUPLICATES_50,316228,10144960,1126093,3231207
dual_pivot_sequential,int,MANY_DUPLICATES_50,398107,12939424,1478586,4088310
dual_pivot_sequential,int,MANY_DUPLICATES_50,501187,17413734,1801444,5285729
dual_pivot_sequential,int,MANY_DUPLICATES_50,630957,20792663,2424152,6503014
dual_pivot_sequential,int,MANY_DUPLICATES_50,794328,27690431,3147390,8351532
dual_pivot_sequential,int,MANY_DUPLICATES_50,1000000,36391288,3972175,10718074
dual_pivot_sequential,int,MANY_DUPLICATES_50,1258925,46968435,5010998,13606332
dual_pivot_sequential,int,MANY_DUPLICATES_50,1584893,55381671,6854898,16790403
dual_pivot_sequential,int,MANY_DUPLICATES_50,1995262,73058542,8725521,21489119
dual_pivot_sequential,int,MANY_DUPLICATES_50,2511886,95061603,11325240,27413718
dual_pivot_sequential,int,MANY_DUPLICATES_50,3162277,117994690,14458415,34321353
dual_pivot_sequential,int,MANY_DUPLICATES_50,3981071,149055876,19098258,43283829
dual_pivot_sequential,int,MANY_DUPLICATES_50,5011872,196265799,23403775,55433252
dual_pivot_sequential,int,MANY_DUPLICATES_50,6309573,250166532,29685333,70226377
dual_pivot_sequential,int,MANY_DUPLICATES_50,7943282,320592484,37631368,88994158
dual_pivot_sequential,int,MANY_DUPLICATES_50,10000000,408038159,49694401,112474246
dual_pivot_sequential,int,MANY_DUPLICATES_90,1000,16536,1377,8096
dual_pivot_sequential,int,MANY_DUPLICATES_90,1259,20657,1795,10835
dual_pivot_sequential,int,MANY_DUPLICATES_90,1585,28913,2279,14929
dual_pivot_sequential,int,MANY_DUPLICATES_90,1995,34538,3775,15845
dual_pivot_sequential,int,MANY_DUPLICATES_90,2512,56932,4102,22650
dual_pivot_sequential,int,MANY_DUPLICATES_90,3162,64678,5234,30204
dual_pivot_sequential,int,MANY_DUPLICATES_90,3981,81105,7227,36048
dual_pivot_sequential,int,MANY_DUPLICATES_90,5012,121581,9132,51013
dual_pivot_sequential,int,MANY_DUPLICATES_90,6310,129563,13038,55546
dual_pivot_sequential,int,MANY_DUPLICATES_90,7943,176398,18019,74035
dual_pivot_sequential,int,MANY_DUPLICATES_90,10000,214515,25530,92458
dual_pivot_sequential,int,MANY_DUPLICATES_90,12589,292946,30601,119058
dual_pivot_sequential,int,MANY_DUPLICATES_90,15849,385618,37719,154337
dual_pivot_sequential,int,MANY_DUPLICATES_90,19953,509704,53740,190074
dual_pivot_sequential,int,MANY_DUPLICATES_90,25119,620114,68886,241041
dual_pivot_sequential,int,MANY_DUPLICATES_90,31623,802214,84755,306874
dual_pivot_sequential,int,MANY_DUPLICATES_90,39811,993074,111748,376219
dual_pivot_sequential,int,MANY_DUPLICATES_90,50119,1333644,145975,490467
dual_pivot_sequential,int,MANY_DUPLICATES_90,63096,1786373,183516,626118
dual_pivot_sequential,int,MANY_DUPLICATES_90,79433,2224768,250017,793959
dual_pivot_sequential,int,MANY_DUPLICATES_90,100000,2822748,327265,1005003
dual_pivot_sequential,int,MANY_DUPLICATES_90,125893,3652686,472138,1274431
dual_pivot_sequential,int,MANY_DUPLICATES_90,158489,4757863,541887,1616216
dual_pivot_sequential,int,MANY_DUPLICATES_90,199526,6455918,655308,2104728
dual_pivot_sequential,int,MANY_DUPLICATES_90,251189,7585959,905413,2553893
dual_pivot_sequential,int,MANY_DUPLICATES_90,316228,9930076,1126208,3242235
dual_pivot_sequential,int,MANY_DUPLICATES_90,398107,13291958,1437120,4160795
dual_pivot_sequential,int,MANY_DUPLICATES_90,501187,15746603,1988459,5168486
dual_pivot_sequential,int,MANY_DUPLICATES_90,630957,22176361,2367275,6799352
dual_pivot_sequential,int,MANY_DUPLICATES_90,794328,27777165,3178610,8502869
dual_pivot_sequential,int,MANY_DUPLICATES_90,1000000,35473292,4007825,10750853
dual_pivot_sequential,int,MANY_DUPLICATES_90,1258925,43483810,5260280,13434055
dual_pivot_sequential,int,MANY_DUPLICATES_90,1584893,55802693,7019764,17052455
dual_pivot_sequential,int,MANY_DUPLICATES_90,1995262,72201997,8569866,21706256
dual_pivot_sequential,int,MANY_DUPLICATES_90,2511886,95088516,10737191,27768198
dual_pivot_sequential,int,MANY_DUPLICATES_90,3162277,117989052,14305598,34752712
dual_pivot_sequential,int,MANY_DUPLICATES_90,3981071,152323061,18350611,44282675
dual_pivot_sequential,int,MANY_DUPLICATES_90,5011872,190777488,24284623,55625628
dual_pivot_sequential,int,MANY_DUPLICATES_90,6309573,266806602,29127260,72954040
dual_pivot_sequential,int,MANY_DUPLICATES_90,7943282,333033604,36592508,91304907
dual_pivot_sequential,int,MANY_DUPLICATES_90,10000000,428751942,48288032,116072162
dual_pivot_sequential,int,ORGAN_PIPE,1000,2750,0,2248
dual_pivot_sequential,int,ORGAN_PIPE,1259,3463,0,2831
dual_pivot_sequential,int,ORGAN_PIPE,1585,4360,0,3566
dual_pivot_sequential,int,ORGAN_PIPE,1995,5487,0,4487
dual_pivot_sequential,int,ORGAN_PIPE,2512,6908,0,5650
dual_pivot_sequential,int,ORGAN_PIPE,3162,8696,0,7114
dual_pivot_sequential,int,ORGAN_PIPE,3981,10949,0,8957
dual_pivot_sequential,int,ORGAN_PIPE,5012,13783,0,11275
dual_pivot_sequential,int,ORGAN_PIPE,6310,17353,0,14197
dual_pivot_sequential,int,ORGAN_PIPE,7943,21844,0,17870
dual_pivot_sequential,int,ORGAN_PIPE,10000,27500,0,22498
dual_pivot_sequential,int,ORGAN_PIPE,12589,34621,0,28325
dual_pivot_sequential,int,ORGAN_PIPE,15849,43586,0,35660
dual_pivot_sequential,int,ORGAN_PIPE,19953,54872,0,44894
dual_pivot_sequential,int,ORGAN_PIPE,25119,69078,0,56516
dual_pivot_sequential,int,ORGAN_PIPE,31623,86964,0,71150
dual_pivot_sequential,int,ORGAN_PIPE,39811,109481,0,89573
dual_pivot_sequential,int,ORGAN_PIPE,50119,137828,0,112766
dual_pivot_sequential,int,ORGAN_PIPE,63096,173514,0,141964
dual_pivot_sequential,int,ORGAN_PIPE,79433,218442,0,178724
dual_pivot_sequential,int,ORGAN_PIPE,100000,275000,0,224998
dual_pivot_sequential,int,ORGAN_PIPE,125893,346207,0,283259
dual_pivot_sequential,int,ORGAN_PIPE,158489,435846,0,356600
dual_pivot_sequential,int,ORGAN_PIPE,199526,548697,0,448933
dual_pivot_sequential,int,ORGAN_PIPE,251189,690771,0,565175
dual_pivot_sequential,int,ORGAN_PIPE,316228,869627,0,711511
dual_pivot_sequential,int,ORGAN_PIPE,398107,1094795,0,895739
dual_pivot_sequential,int,ORGAN_PIPE,501187,1378265,0,1127669
dual_pivot_sequential,int,ORGAN_PIPE,630957,1735133,0,1419653
dual_pivot_sequential,int,ORGAN_PIPE,794328,2184402,0,1787236
dual_pivot_sequential,int,ORGAN_PIPE,1000000,2750000,0,2249998
dual_pivot_sequential,int,ORGAN_PIPE,1258925,3462045,0,2832581
dual_pivot_sequential,int,ORGAN_PIPE,1584893,4358457,0,3566009
dual_pivot_sequential,int,ORGAN_PIPE,1995262,5486971,0,4489339
dual_pivot_sequential,int,ORGAN_PIPE,2511886,6907687,0,5651743
dual_pivot_sequential,int,ORGAN_PIPE,3162277,8696263,0,7115123
dual_pivot_sequential,int,ORGAN_PIPE,3981071,10947946,0,8957408
dual_pivot_sequential,int,ORGAN_PIPE,5011872,13782648,0,11276710
dual_pivot_sequential,int,ORGAN_PIPE,6309573,17351327,0,14196539
dual_pivot_sequential,int,ORGAN_PIPE,7943282,21844026,0,17872384
dual_pivot_sequential,int,ORGAN_PIPE,10000000,27500000,0,22499998
dual_pivot_sequential,int,SAWTOOTH,1000,4529,0,3500
dual_pivot_sequential,int,SAWTOOTH,1259,5721,0,4545
dual_pivot_sequential,int,SAWTOOTH,1585,7178,0,5713
dual_pivot_sequential,int,SAWTOOTH,1995,9023,0,7189
dual_pivot_sequential,int,SAWTOOTH,2512,11342,0,9046
dual_pivot_sequential,int,SAWTOOTH,3162,14267,0,11386
dual_pivot_sequential,int,SAWTOOTH,3981,17948,0,14333
dual_pivot_sequential,int,SAWTOOTH,5012,22592,0,18046
dual_pivot_sequential,int,SAWTOOTH,6310,28424,0,22085
dual_pivot_sequential,int,SAWTOOTH,7943,35784,0,28599
dual_pivot_sequential,int,SAWTOOTH,10000,45029,0,35000
dual_pivot_sequential,int,SAWTOOTH,12589,56706,0,45333
dual_pivot_sequential,int,SAWTOOTH,15849,71376,0,57069
dual_pivot_sequential,int,SAWTOOTH,19953,89829,0,71835
dual_pivot_sequential,int,SAWTOOTH,25119,113091,0,90441
dual_pivot_sequential,int,SAWTOOTH,31623,142344,0,113847
dual_pivot_sequential,int,SAWTOOTH,39811,179183,0,143321
dual_pivot_sequential,int,SAWTOOTH,50119,225591,0,180441
dual_pivot_sequential,int,SAWTOOTH,63096,283980,0,227154
dual_pivot_sequential,int,SAWTOOTH,79433,357489,0,285963
dual_pivot_sequential,int,SAWTOOTH,100000,450029,0,350000
dual_pivot_sequential,int,SAWTOOTH,125893,566559,0,453219
dual_pivot_sequential,int,SAWTOOTH,158489,713256,0,570573
dual_pivot_sequential,int,SAWTOOTH,199526,897915,0,718302
dual_pivot_sequential,int,SAWTOOTH,251189,1130406,0,904293
dual_pivot_sequential,int,SAWTOOTH,316228,1423079,0,1138432
dual_pivot_sequential,int,SAWTOOTH,398107,1791532,0,1433195
dual_pivot_sequential,int,SAWTOOTH,501187,2255392,0,1804283
dual_pivot_sequential,int,SAWTOOTH,630957,2839357,0,2271455
dual_pivot_sequential,int,SAWTOOTH,794328,3574529,0,2859592
dual_pivot_sequential,int,SAWTOOTH,1000000,4500029,0,3500000
dual_pivot_sequential,int,SAWTOOTH,1258925,5665208,0,4532137
dual_pivot_sequential,int,SAWTOOTH,1584893,7132059,0,5705619
dual_pivot_sequential,int,SAWTOOTH,1995262,8978717,0,7182946
dual_pivot_sequential,int,SAWTOOTH,2511886,11303535,0,9042798
dual_pivot_sequential,int,SAWTOOTH,3162277,14230297,0,11384207
dual_pivot_sequential,int,SAWTOOTH,3981071,17914853,0,14331857
dual_pivot_sequential,int,SAWTOOTH,5011872,22553462,0,18042742
dual_pivot_sequential,int,SAWTOOTH,6309573,28393119,0,22714467
dual_pivot_sequential,int,SAWTOOTH,7943282,35744807,0,28595818
dual_pivot_sequential,int,SAWTOOTH,10000000,45000029,0,35000000
dual_pivot_sequential,double,RANDOM,1000,15784,1489,8667
dual_pivot_sequential,double,RANDOM,1259,22331,1811,10865
dual_pivot_sequential,double,RANDOM,1585,30730,2543,15370
dual_pivot_sequential,double,RANDOM,1995,40715,3084,18610
dual_pivot_sequential,double,RANDOM,2512,47280,4288,22077
dual_pivot_sequential,double,RANDOM,3162,60462,6003,27682
dual_pivot_sequential,double,RANDOM,3981,90848,6959,38409
dual_pivot_sequential,double,RANDOM,5012,110875,9893,45874
dual_pivot_sequential,double,RANDOM,6310,136865,12501,60950
dual_pivot_sequential,double,RANDOM,7943,187972,16383,77635
dual_pivot_sequential,double,RANDOM,10000,231447,21711,98899
dual_pivot_sequential,double,RANDOM,12589,284277,30983,116779
dual_pivot_sequential,double,RANDOM,15849,386219,37366,155995
dual_pivot_sequential,double,RANDOM,19953,480341,50375,197657
dual_pivot_sequential,double,RANDOM,25119,641118,68266,240987
dual_pivot_sequential,double,RANDOM,31623,778706,86019,308927
dual_pivot_sequential,double,RANDOM,39811,1066640,104788,395824
dual_pivot_sequential,double,RANDOM,50119,1407512,140619,497013
dual_pivot_sequential,double,RANDOM,63096,1749905,181847,639629
dual_pivot_sequential,double,RANDOM,79433,2223677,239153,796961
dual_pivot_sequential,double,RANDOM,100000,2923958,300044,1006691
dual_pivot_sequential,double,RANDOM,125893,4007098,397619,1312999
dual_pivot_sequential,double,RANDOM,158489,4783656,503863,1658714
dual_pivot_sequential,double,RANDOM,199526,6220378,676302,2066218
dual_pivot_sequential,double,RANDOM,251189,7901867,925770,2635404
dual_pivot_sequential,double,RANDOM,316228,9927827,1115769,3291746
dual_pivot_sequential,double,RANDOM,398107,13507157,1471842,4246283
dual_pivot_sequential,double,RANDOM,501187,17639602,1838308,5426470
dual_pivot_sequential,double,RANDOM,630957,21701925,2437545,6827205
dual_pivot_sequential,double,RANDOM,794328,28116675,3284251,8686771
dual_pivot_sequential,double,RANDOM,1000000,38520795,3691206,11229350
dual_pivot_sequential,double,RANDOM,1258925,47740781,4933739,14099030
dual_pivot_sequential,double,RANDOM,1584893,59297590,6265541,17638572
dual_pivot_sequential,double,RANDOM,1995262,75404432,8522439,22356099
dual_pivot_sequential,double,RANDOM,2511886,90818730,10991669,27704920
dual_pivot_sequential,double,RANDOM,3162277,123523063,14036696,35767962
dual_pivot_sequential,double,RANDOM,3981071,155211371,17647086,45135708
dual_pivot_sequential,double,RANDOM,5011872,215869823,22078310,59005301
dual_pivot_sequential,double,RANDOM,6309573,265933307,28317466,73759186
dual_pivot_sequential,double,RANDOM,7943282,329624262,36769620,92407186
dual_pivot_sequential,double,RANDOM,10000000,433011938,46674406,118356907
dual_pivot_sequential,double,NEARLY_SORTED,1000,10696,1475,6515
dual_pivot_sequential,double,NEARLY_SORTED,1259,12338,1778,6472
dual_pivot_sequential,double,NEARLY_SORTED,1585,17690,2092,8533
dual_pivot_sequential,double,NEARLY_SORTED,1995,22572,3206,11541
dual_pivot_sequential,double,NEARLY_SORTED,2512,30965,4518,16231
dual_pivot_sequential,double,NEARLY_SORTED,3162,41985,6230,22029
dual_pivot_sequential,double,NEARLY_SORTED,3981,56082,8635,29047
dual_pivot_sequential,double,NEARLY_SORTED,5012,71492,10663,35440
dual_pivot_sequential,double,NEARLY_SORTED,6310,91147,12830,43351
dual_pivot_sequential,double,NEARLY_SORTED,7943,121512,18498,57370
dual_pivot_sequential,double,NEARLY_SORTED,10000,154279,24474,69858
dual_pivot_sequential,double,NEARLY_SORTED,12589,206729,33453,91358
dual_pivot_sequential,double,NEARLY_SORTED,15849,265153,41986,114811
dual_pivot_sequential,double,NEARLY_SORTED,19953,341414,54264,145300
dual_pivot_sequential,double,NEARLY_SORTED,25119,454547,67791,191983
dual_pivot_sequential,double,NEARLY_SORTED,31623,567416,87632,233395
dual_pivot_sequential,double,NEARLY_SORTED,39811,757746,123328,307823
dual_pivot_sequential,double,NEARLY_SORTED,50119,971055,158654,386652
dual_pivot_sequential,double,NEARLY_SORTED,63096,1289030,211862,495866
dual_pivot_sequential,double,NEARLY_SORTED,79433,1654240,274310,633068
dual_pivot_sequential,double,NEARLY_SORTED,100000,2081396,351173,773215
dual_pivot_sequential,double,NEARLY_SORTED,125893,2766568,449622,995619
dual_pivot_sequential,double,NEARLY_SORTED,158489,3427019,579628,1262363
dual_pivot_sequential,double,NEARLY_SORTED,199526,4579808,776990,1603612
dual_pivot_sequential,double,NEARLY_SORTED,251189,5830902,973326,2055939
dual_pivot_sequential,double,NEARLY_SORTED,316228,7464891,1292595,2601245
dual_pivot_sequential,double,NEARLY_SORTED,398107,9612769,1673392,3301895
dual_pivot_sequential,double,NEARLY_SORTED,501187,12532108,2178913,4190710
dual_pivot_sequential,double,NEARLY_SORTED,630957,15882781,2691175,5245349
dual_pivot_sequential,double,NEARLY_SORTED,794328,20601852,3653455,6687473
dual_pivot_sequential,double,NEARLY_SORTED,1000000,26387935,4611823,8519342
dual_pivot_sequential,double,NEARLY_SORTED,1258925,33628294,5902394,10805309
dual_pivot_sequential,double,NEARLY_SORTED,1584893,45237405,7388263,13724745
dual_pivot_sequential,double,NEARLY_SORTED,1995262,54999152,9728381,17134265
dual_pivot_sequential,double,NEARLY_SORTED,2511886,71275921,12126715,22005142
dual_pivot_sequential,double,NEARLY_SORTED,3162277,91721152,15630057,27909117
dual_pivot_sequential,double,NEARLY_SORTED,3981071,118447221,19313602,35128708
dual_pivot_sequential,double,NEARLY_SORTED,5011872,149832810,26566738,44787379
dual_pivot_sequential,double,NEARLY_SORTED,6309573,191974772,33662351,56604636
dual_pivot_sequential,double,NEARLY_SORTED,7943282,244790075,43039881,71772526
dual_pivot_sequential,double,NEARLY_SORTED,10000000,320095687,55229364,91462933
dual_pivot_sequential,double,REVERSE_SORTED,1000,1501,0,1500
dual_pivot_sequential,double,REVERSE_SORTED,1259,1889,0,1887
dual_pivot_sequential,double,REVERSE_SORTED,1585,2378,0,2376
dual_pivot_sequential,double,REVERSE_SORTED,1995,2993,0,2991
dual_pivot_sequential,double,REVERSE_SORTED,2512,3769,0,3768
dual_pivot_sequential,double,REVERSE_SORTED,3162,4744,0,4743
dual_pivot_sequential,double,REVERSE_SORTED,3981,5972,0,5970
dual_pivot_sequential,double,REVERSE_SORTED,5012,7519,0,7518
dual_pivot_sequential,double,REVERSE_SORTED,6310,9466,0,9465
dual_pivot_sequential,double,REVERSE_SORTED,7943,11915,0,11913
dual_pivot_sequential,double,REVERSE_SORTED,10000,15001,0,15000
dual_pivot_sequential,double,REVERSE_SORTED,12589,18884,0,18882
dual_pivot_sequential,double,REVERSE_SORTED,15849,23774,0,23772
dual_pivot_sequential,double,REVERSE_SORTED,19953,29930,0,29928
dual_pivot_sequential,double,REVERSE_SORTED,25119,37679,0,37677
dual_pivot_sequential,double,REVERSE_SORTED,31623,47435,0,47433
dual_pivot_sequential,double,REVERSE_SORTED,39811,59717,0,59715
dual_pivot_sequential,double,REVERSE_SORTED,50119,75179,0,75177
dual_pivot_sequential,double,REVERSE_SORTED,63096,94645,0,94644
dual_pivot_sequential,double,REVERSE_SORTED,79433,119150,0,119148
dual_pivot_sequential,double,REVERSE_SORTED,100000,150001,0,150000
dual_pivot_sequential,double,REVERSE_SORTED,125893,188840,0,188838
dual_pivot_sequential,double,REVERSE_SORTED,158489,237734,0,237732
dual_pivot_sequential,double,REVERSE_SORTED,199526,299290,0,299289
dual_pivot_sequential,double,REVERSE_SORTED,251189,376784,0,376782
dual_pivot_sequential,double,REVERSE_SORTED,316228,474343,0,474342
dual_pivot_sequential,double,REVERSE_SORTED,398107,597161,0,597159
dual_pivot_sequential,double,REVERSE_SORTED,501187,751781,0,751779
dual_pivot_sequential,double,REVERSE_SORTED,630957,946436,0,946434
dual_pivot_sequential,double,REVERSE_SORTED,794328,1191493,0,1191492
dual_pivot_sequential,double,REVERSE_SORTED,1000000,1500001,0,1500000
dual_pivot_sequential,double,REVERSE_SORTED,1258925,1888388,0,1888386
dual_pivot_sequential,double,REVERSE_SORTED,1584893,2377340,0,2377338
dual_pivot_sequential,double,REVERSE_SORTED,1995262,2992894,0,2992893
dual_pivot_sequential,double,REVERSE_SORTED,2511886,3767830,0,3767829
dual_pivot_sequential,double,REVERSE_SORTED,3162277,4743416,0,4743414
dual_pivot_sequential,double,REVERSE_SORTED,3981071,5971607,0,5971605
dual_pivot_sequential,double,REVERSE_SORTED,5011872,7517809,0,7517808
dual_pivot_sequential,double,REVERSE_SORTED,6309573,9464360,0,9464358
dual_pivot_sequential,double,REVERSE_SORTED,7943282,11914924,0,11914923
dual_pivot_sequential,double,REVERSE_SORTED,10000000,15000001,0,15000000
dual_pivot_sequential,double,MANY_DUPLICATES_10,1000,15784,1489,8667
dual_pivot_sequential,double,MANY_DUPLICATES_10,1259,22331,1811,10865
dual_pivot_sequential,double,MANY_DUPLICATES_10,1585,30730,2543,15370
dual_pivot_sequential,double,MANY_DUPLICATES_10,1995,40715,3084,18610
dual_pivot_sequential,double,MANY_DUPLICATES_10,2512,47280,4288,22077
dual_pivot_sequential,double,MANY_DUPLICATES_10,3162,60462,6003,27682
dual_pivot_sequential,double,MANY_DUPLICATES_10,3981,90848,6959,38409
dual_pivot_sequential,double,MANY_DUPLICATES_10,5012,110875,9893,45874
dual_pivot_sequential,double,MANY_DUPLICATES_10,6310,136865,12501,60950
dual_pivot_sequential,double,MANY_DUPLICATES_10,7943,187972,16383,77635
dual_pivot_sequential,double,MANY_DUPLICATES_10,10000,231447,21711,98899
dual_pivot_sequential,double,MANY_DUPLICATES_10,12589,284277,30983,116779
dual_pivot_sequential,double,MANY_DUPLICATES_10,15849,386219,37366,155995
dual_pivot_sequential,double,MANY_DUPLICATES_10,19953,480341,50375,197657
dual_pivot_sequential,double,MANY_DUPLICATES_10,25119,641118,68266,240987
dual_pivot_sequential,double,MANY_DUPLICATES_10,31623,778706,86019,308927
dual_pivot_sequential,double,MANY_DUPLICATES_10,39811,1066640,104788,395824
dual_pivot_sequential,double,MANY_DUPLICATES_10,50119,1407512,140619,497013
dual_pivot_sequential,double,MANY_DUPLICATES_10,63096,1749905,181847,639629
dual_pivot_sequential,double,MANY_DUPLICATES_10,79433,2223677,239153,796961
dual_pivot_sequential,double,MANY_DUPLICATES_10,100000,2923958,300044,1006691
dual_pivot_sequential,double,MANY_DUPLICATES_10,125893,4007098,397619,1312999
dual_pivot_sequential,double,MANY_DUPLICATES_10,158489,4783656,503863,1658714
dual_pivot_sequential,double,MANY_DUPLICATES_10,199526,6220378,676302,2066218
dual_pivot_sequential,double,MANY_DUPLICATES_10,251189,7901867,925770,2635404
dual_pivot_sequential,double,MANY_DUPLICATES_10,316228,9927827,1115769,3291746
dual_pivot_sequential,double,MANY_DUPLICATES_10,398107,13507157,1471842,4246283
dual_pivot_sequential,double,MANY_DUPLICATES_10,501187,17639602,1838308,5426470
dual_pivot_sequential,double,MANY_DUPLICATES_10,630957,21701925,2437545,6827205
dual_pivot_sequential,double,MANY_DUPLICATES_10,794328,28116675,3284251,8686771
dual_pivot_sequential,double,MANY_DUPLICATES_10,1000000,38520795,3691206,11229350
dual_pivot_sequential,double,MANY_DUPLICATES_10,1258925,47740781,4933739,14099030
dual_pivot_sequential,double,MANY_DUPLICATES_10,1584893,59297590,6265541,17638572
dual_pivot_sequential,double,MANY_DUPLICATES_10,1995262,75404432,8522439,22356099
dual_pivot_sequential,double,MANY_DUPLICATES_10,2511886,90818730,10991669,27704920
dual_pivot_sequential,double,MANY_DUPLICATES_10,3162277,123523063,14036696,35767962
dual_pivot_sequential,double,MANY_DUPLICATES_10,3981071,155211371,17647086,45135708
dual_pivot_sequential,double,MANY_DUPLICATES_10,5011872,215869823,22078310,59005301
dual_pivot_sequential,double,MANY_DUPLICATES_10,6309573,265933307,28317466,73759186
dual_pivot_sequential,double,MANY_DUPLICATES_10,7943282,329624262,36769620,92407186
dual_pivot_sequential,double,MANY_DUPLICATES_10,10000000,433011938,46674406,118356907
dual_pivot_sequential,double,MANY_DUPLICATES_50,1000,15784,1489,8667
dual_pivot_sequential,double,MANY_DUPLICATES_50,1259,22331,1811,10865
dual_pivot_sequential,double,MANY_DUPLICATES_50,1585,30730,2543,15370
dual_pivot_sequential,double,MANY_DUPLICATES_50,1995,40715,3084,18610
dual_pivot_sequential,double,MANY_DUPLICATES_50,2512,47280,4288,22077
dual_pivot_sequential,double,MANY_DUPLICATES_50,3162,60462,6003,27682
dual_pivot_sequential,double,MANY_DUPLICATES_50,3981,90848,6959,38409
dual_pivot_sequential,double,MANY_DUPLICATES_50,5012,110875,9893,45874
dual_pivot_sequential,double,MANY_DUPLICATES_50,6310,136865,12501,60950
dual_pivot_sequential,double,MANY_DUPLICATES_50,7943,187972,16383,77635
dual_pivot_sequential,double,MANY_DUPLICATES_50,10000,231447,21711,98899
dual_pivot_sequential,double,MANY_DUPLICATES_50,12589,284277,30983,116779
dual_pivot_sequential,double,MANY_DUPLICATES_50,15849,386219,37366,155995
dual_pivot_sequential,double,MANY_DUPLICATES_50,19953,480341,50375,197657
dual_pivot_sequential,double,MANY_DUPLICATES_50,25119,641118,68266,240987
dual_pivot_sequential,double,MANY_DUPLICATES_50,31623,778706,86019,308927
dual_pivot_sequential,double,MANY_DUPLICATES_50,39811,1066640,104788,395824
dual_pivot_sequential,double,MANY_DUPLICATES_50,50119,1407512,140619,497013
dual_pivot_sequential,double,MANY_DUPLICATES_50,63096,1749905,181847,639629
dual_pivot_sequential,double,MANY_DUPLICATES_50,79433,2223677,239153,796961
dual_pivot_sequential,double,MANY_DUPLICATES_50,100000,2923958,300044,1006691
dual_pivot_sequential,double,MANY_DUPLICATES_50,125893,4007098,397619,1312999
dual_pivot_sequential,double,MANY_DUPLICATES_50,158489,4783656,503863,1658714
dual_pivot_sequential,double,MANY_DUPLICATES_50,199526,6220378,676302,2066218
dual_pivot_sequential,double,MANY_DUPLICATES_50,251189,7901867,925770,2635404
dual_pivot_sequential,double,MANY_DUPLICATES_50,316228,9927827,1115769,3291746
dual_pivot_sequential,double,MANY_DUPLICATES_50,398107,13507157,1471842,4246283
dual_pivot_sequential,double,MANY_DUPLICATES_50,501187,17639602,1838308,5426470
dual_pivot_sequential,double,MANY_DUPLICATES_50,630957,21701925,2437545,6827205
dual_pivot_sequential,double,MANY_DUPLICATES_50,794328,28116675,3284251,8686771
dual_pivot_sequential,double,MANY_DUPLICATES_50,1000000,38520795,3691206,11229350
dual_pivot_sequential,double,MANY_DUPLICATES_50,1258925,47740781,4933739,14099030
dual_pivot_sequential,double,MANY_DUPLICATES_50,1584893,59297590,6265541,17638572
dual_pivot_sequential,double,MANY_DUPLICATES_50,1995262,75404432,8522439,22356099
dual_pivot_sequential,double,MANY_DUPLICATES_50,2511886,90818730,10991669,27704920
dual_pivot_sequential,double,MANY_DUPLICATES_50,3162277,123523063,14036696,35767962
dual_pivot_sequential,double,MANY_DUPLICATES_50,3981071,155211371,17647086,45135708
dual_pivot_sequential,double,MANY_DUPLICATES_50,5011872,215869823,22078310,59005301
dual_pivot_sequential,double,MANY_DUPLICATES_50,6309573,265933307,28317466,73759186
dual_pivot_sequential,double,MANY_DUPLICATES_50,7943282,329624262,36769620,92407186
dual_pivot_sequential,double,MANY_DUPLICATES_50,10000000,433011938,46674406,118356907
dual_pivot_sequential,double,MANY_DUPLICATES_90,1000,15784,1489,8667
dual_pivot_sequential,double,MANY_DUPLICATES_90,1259,22331,1811,10865
dual_pivot_sequential,double,MANY_DUPLICATES_90,1585,30730,2543,15370
dual_pivot_sequential,double,MANY_DUPLICATES_90,1995,40715,3084,18610
dual_pivot_sequential,double,MANY_DUPLICATES_90,2512,47280,4288,22077
dual_pivot_sequential,double,MANY_DUPLICATES_90,3162,60462,6003,27682
dual_pivot_sequential,double,MANY_DUPLICATES_90,3981,90848,6959,38409
dual_pivot_sequential,double,MANY_DUPLICATES_90,5012,110875,9893,45874
dual_pivot_sequential,double,MANY_DUPLICATES_90,6310,136865,12501,60950
dual_pivot_sequential,double,MANY_DUPLICATES_90,7943,187972,16383,77635
dual_pivot_sequential,double,MANY_DUPLICATES_90,10000,231447,21711,98899
dual_pivot_sequential,double,MANY_DUPLICATES_90,12589,284277,30983,116779
dual_pivot_sequential,double,MANY_DUPLICATES_90,15849,386219,37366,155995
dual_pivot_sequential,double,MANY_DUPLICATES_90,19953,480341,50375,197657
dual_pivot_sequential,double,MANY_DUPLICATES_90,25119,641118,68266,240987
dual_pivot_sequential,double,MANY_DUPLICATES_90,31623,778706,86019,308927
dual_pivot_sequential,double,MANY_DUPLICATES_90,39811,1066640,104788,395824
dual_pivot_sequential,double,MANY_DUPLICATES_90,50119,1407512,140619,497013
dual_pivot_sequential,double,MANY_DUPLICATES_90,63096,1749905,181847,639629
dual_pivot_sequential,double,MANY_DUPLICATES_90,79433,2223677,239153,796961
dual_pivot_sequential,double,MANY_DUPLICATES_90,100000,2923958,300044,1006691
dual_pivot_sequential,double,MANY_DUPLICATES_90,125893,4007098,397619,1312999
dual_pivot_sequential,double,MANY_DUPLICATES_90,158489,4783656,503863,1658714
dual_pivot_sequential,double,MANY_DUPLICATES_90,199526,6220378,676302,2066218
dual_pivot_sequential,double,MANY_DUPLICATES_90,251189,7901867,925770,2635404
dual_pivot_sequential,double,MANY_DUPLICATES_90,316228,9927827,1115769,3291746
dual_pivot_sequential,double,MANY_DUPLICATES_90,398107,13507157,1471842,4246283
dual_pivot_sequential,double,MANY_DUPLICATES_90,501187,17639602,1838308,5426470
dual_pivot_sequential,double,MANY_DUPLICATES_90,630957,21701925,2437545,6827205
dual_pivot_sequential,double,MANY_DUPLICATES_90,794328,28116675,3284251,8686771
dual_pivot_sequential,double,MANY_DUPLICATES_90,1000000,38520795,3691206,11229350
dual_pivot_sequential,double,MANY_DUPLICATES_90,1258925,47740781,4933739,14099030
dual_pivot_sequential,double,MANY_DUPLICATES_90,1584893,59297590,6265541,17638572
dual_pivot_sequential,double,MANY_DUPLICATES_90,1995262,75404432,8522439,22356099
dual_pivot_sequential,double,MANY_DUPLICATES_90,2511886,90818730,10991669,27704920
dual_pivot_sequential,double,MANY_DUPLICATES_90,3162277,123523063,14036696,35767962
dual_pivot_sequential,double,MANY_DUPLICATES_90,3981071,155211371,17647086,45135708
dual_pivot_sequential,double,MANY_DUPLICATES_90,5011872,215869823,22078310,59005301
dual_pivot_sequential,double,MANY_DUPLICATES_90,6309573,265933307,28317466,73759186
dual_pivot_sequential,double,MANY_DUPLICATES_90,7943282,329624262,36769620,92407186
dual_pivot_sequential,double,MANY_DUPLICATES_90,10000000,433011938,46674406,118356907
dual_pivot_sequential,double,ORGAN_PIPE,1000,2750,0,2248
dual_pivot_sequential,double,ORGAN_PIPE,1259,3463,0,2831
dual_pivot_sequential,double,ORGAN_PIPE,1585,4360,0,3566
dual_pivot_sequential,double,ORGAN_PIPE,1995,5487,0,4487
dual_pivot_sequential,double,ORGAN_PIPE,2512,6908,0,5650
dual_pivot_sequential,double,ORGAN_PIPE,3162,8696,0,7114
dual_pivot_sequential,double,ORGAN_PIPE,3981,10949,0,8957
dual_pivot_sequential,double,ORGAN_PIPE,5012,13783,0,11275
dual_pivot_sequential,double,ORGAN_PIPE,6310,17353,0,14197
dual_pivot_sequential,double,ORGAN_PIPE,7943,21844,0,17870
dual_pivot_sequential,double,ORGAN_PIPE,10000,27500,0,22498
dual_pivot_sequential,double,ORGAN_PIPE,12589,34621,0,28325
dual_pivot_sequential,double,ORGAN_PIPE,15849,43586,0,35660
dual_pivot_sequential,double,ORGAN_PIPE,19953,54872,0,44894
dual_pivot_sequential,double,ORGAN_PIPE,25119,69078,0,56516
dual_pivot_sequential,double,ORGAN_PIPE,31623,86964,0,71150
dual_pivot_sequential,double,ORGAN_PIPE,39811,109481,0,89573
dual_pivot_sequential,double,ORGAN_PIPE,50119,137828,0,112766
dual_pivot_sequential,double,ORGAN_PIPE,63096,173514,0,141964
dual_pivot_sequential,double,ORGAN_PIPE,79433,218442,0,178724
dual_pivot_sequential,double,ORGAN_PIPE,100000,275000,0,224998
dual_pivot_sequential,double,ORGAN_PIPE,125893,346207,0,283259
dual_pivot_sequential,double,ORGAN_PIPE,158489,435846,0,356600
dual_pivot_sequential,double,ORGAN_PIPE,199526,548697,0,448933
dual_pivot_sequential,double,ORGAN_PIPE,251189,690771,0,565175
dual_pivot_sequential,double,ORGAN_PIPE,316228,869627,0,711511
dual_pivot_sequential,double,ORGAN_PIPE,398107,1094795,0,895739
dual_pivot_sequential,double,ORGAN_PIPE,501187,1378265,0,1127669
dual_pivot_sequential,double,ORGAN_PIPE,630957,1735133,0,1419653
dual_pivot_sequential,double,ORGAN_PIPE,794328,2184402,0,1787236
dual_pivot_sequential,double,ORGAN_PIPE,1000000,2750000,0,2249998
dual_pivot_sequential,double,ORGAN_PIPE,1258925,3462045,0,2832581
dual_pivot_sequential,double,ORGAN_PIPE,1584893,4358457,0,3566009
dual_pivot_sequential,double,ORGAN_PIPE,1995262,5486971,0,4489339
dual_pivot_sequential,double,ORGAN_PIPE,2511886,6907687,0,5651743
dual_pivot_sequential,double,ORGAN_PIPE,3162277,8696263,0,7115123
dual_pivot_sequential,double,ORGAN_PIPE,3981071,10947946,0,8957408
dual_pivot_sequential,double,ORGAN_PIPE,5011872,13782648,0,11276710
dual_pivot_sequential,double,ORGAN_PIPE,6309573,17351327,0,14196539
dual_pivot_sequential,double,ORGAN_PIPE,7943282,21844026,0,17872384
dual_pivot_sequential,double,ORGAN_PIPE,10000000,27500000,0,22499998
dual_pivot_sequential,double,SAWTOOTH,1000,4529,0,3500
dual_pivot_sequential,double,SAWTOOTH,1259,5721,0,4545
dual_pivot_sequential,double,SAWTOOTH,1585,7178,0,5713
dual_pivot_sequential,double,SAWTOOTH,1995,9023,0,7189
dual_pivot_sequential,double,SAWTOOTH,2512,11342,0,9046
dual_pivot_sequential,double,SAWTOOTH,3162,14267,0,11386
dual_pivot_sequential,double,SAWTOOTH,3981,17948,0,14333
dual_pivot_sequential,double,SAWTOOTH,5012,22592,0,18046
dual_pivot_sequential,double,SAWTOOTH,6310,28424,0,22085
dual_pivot_sequential,double,SAWTOOTH,7943,35784,0,28599
dual_pivot_sequential,double,SAWTOOTH,10000,45029,0,35000
dual_pivot_sequential,double,SAWTOOTH,12589,56706,0,45333
dual_pivot_sequential,double,SAWTOOTH,15849,71376,0,57069
dual_pivot_sequential,double,SAWTOOTH,19953,89829,0,71835
dual_pivot_sequential,double,SAWTOOTH,25119,113091,0,90441
dual_pivot_sequential,double,SAWTOOTH,31623,142344,0,113847
dual_pivot_sequential,double,SAWTOOTH,39811,179183,0,143321
dual_pivot_sequential,double,SAWTOOTH,50119,225591,0,180441
dual_pivot_sequential,double,SAWTOOTH,63096,283980,0,227154
dual_pivot_sequential,double,SAWTOOTH,79433,357489,0,285963
dual_pivot_sequential,double,SAWTOOTH,100000,450029,0,350000
dual_pivot_sequential,double,SAWTOOTH,125893,566559,0,453219
dual_pivot_sequential,double,SAWTOOTH,158489,713256,0,570573
dual_pivot_sequential,double,SAWTOOTH,199526,897915,0,718302
dual_pivot_sequential,double,SAWTOOTH,251189,1130406,0,904293
dual_pivot_sequential,double,SAWTOOTH,316228,1423079,0,1138432
dual_pivot_sequential,double,SAWTOOTH,398107,1791532,0,1433195
dual_pivot_sequential,double,SAWTOOTH,501187,2255392,0,1804283
dual_pivot_sequential,double,SAWTOOTH,630957,2839357,0,2271455
dual_pivot_sequential,double,SAWTOOTH,794328,3574529,0,2859592
dual_pivot_sequential,double,SAWTOOTH,1000000,4500029,0,3500000
dual_pivot_sequential,double,SAWTOOTH,1258925,5665208,0,4532137
dual_pivot_sequential,double,SAWTOOTH,1584893,7132059,0,5705619
dual_pivot_sequential,double,SAWTOOTH,1995262,8978717,0,7182946
dual_pivot_sequential,double,SAWTOOTH,2511886,11303535,0,9042798
dual_pivot_sequential,double,SAWTOOTH,3162277,14230297,0,11384207
dual_pivot_sequential,double,SAWTOOTH,3981071,17914853,0,14331857
dual_pivot_sequential,double,SAWTOOTH,5011872,22553462,0,18042742
dual_pivot_sequential,double,SAWTOOTH,6309573,28393119,0,22714467
dual_pivot_sequential,double,SAWTOOTH,7943282,35744807,0,28595818
dual_pivot_sequential,double,SAWTOOTH,10000000,45000029,0,35000000
