Algorithm,Type,Pattern,Size,Time(ms)
dual_pivot_parallel_16,double,MANY_DUPLICATES_10,1000,0.02189
dual_pivot_parallel_16,double,MANY_DUPLICATES_10,1259,0.02334
dual_pivot_parallel_16,double,MANY_DUPLICATES_10,1585,0.03924
dual_pivot_parallel_16,double,MANY_DUPLICATES_10,1995,0.03517
dual_pivot_parallel_16,double,MANY_DUPLICATES_10,2512,0.05896
dual_pivot_parallel_16,double,MANY_DUPLICATES_10,3162,0.07856
dual_pivot_parallel_16,double,MANY_DUPLICATES_10,3981,0.10027
dual_pivot_parallel_16,double,MANY_DUPLICATES_10,5012,0.14617
dual_pivot_parallel_16,double,MANY_DUPLICATES_10,6310,0.16711
dual_pivot_parallel_16,double,MANY_DUPLICATES_10,7943,0.16774
dual_pivot_parallel_16,double,MANY_DUPLICATES_10,10000,0.21432
dual_pivot_parallel_16,double,MANY_DUPLICATES_10,12589,0.23549
dual_pivot_parallel_16,double,MANY_DUPLICATES_10,15849,0.23915
dual_pivot_parallel_16,double,MANY_DUPLICATES_10,19953,0.30758
dual_pivot_parallel_16,double,MANY_DUPLICATES_10,25119,0.39659
dual_pivot_parallel_16,double,MANY_DUPLICATES_10,31623,0.40179
dual_pivot_parallel_16,double,MANY_DUPLICATES_10,39811,0.51590
dual_pivot_parallel_16,double,MANY_DUPLICATES_10,50119,0.66485
dual_pivot_parallel_16,double,MANY_DUPLICATES_10,63096,0.75451
dual_pivot_parallel_16,double,MANY_DUPLICATES_10,79433,0.87893
dual_pivot_parallel_16,double,MANY_DUPLICATES_10,100000,1.14584
dual_pivot_parallel_16,double,MANY_DUPLICATES_10,125893,1.49487
dual_pivot_parallel_16,double,MANY_DUPLICATES_10,158489,1.67403
dual_pivot_parallel_16,double,MANY_DUPLICATES_10,199526,2.21553
dual_pivot_parallel_16,double,MANY_DUPLICATES_10,251189,2.96180
dual_pivot_parallel_16,double,MANY_DUPLICATES_10,316228,3.38996
dual_pivot_parallel_16,double,MANY_DUPLICATES_10,398107,4.41505
dual_pivot_parallel_16,double,MANY_DUPLICATES_10,501187,5.82253
dual_pivot_parallel_16,double,MANY_DUPLICATES_10,630957,6.56100
dual_pivot_parallel_16,double,MANY_DUPLICATES_10,794328,7.94110
dual_pivot_parallel_16,double,MANY_DUPLICATES_10,1000000,11.28380
dual_pivot_parallel_16,double,MANY_DUPLICATES_10,1258925,13.83840
dual_pivot_parallel_16,double,MANY_DUPLICATES_10,1584893,17.19310
dual_pivot_parallel_16,double,MANY_DUPLICATES_10,1995262,22.47050
dual_pivot_parallel_16,double,MANY_DUPLICATES_10,2511886,26.88040
dual_pivot_parallel_16,double,MANY_DUPLICATES_10,3162277,34.89090
dual_pivot_parallel_16,double,MANY_DUPLICATES_10,3981071,41.71220
dual_pivot_parallel_16,double,MANY_DUPLICATES_10,5011872,59.14490
dual_pivot_parallel_16,double,MANY_DUPLICATES_10,6309573,67.66160
dual_pivot_parallel_16,double,MANY_DUPLICATES_10,7943282,86.59460
dual_pivot_parallel_16,double,MANY_DUPLICATES_10,10000000,118.88600
dual_pivot_parallel_16,double,MANY_DUPLICATES_50,1000,0.01476
dual_pivot_parallel_16,double,MANY_DUPLICATES_50,1259,0.02058
dual_pivot_parallel_16,double,MANY_DUPLICATES_50,1585,0.03624
dual_pivot_parallel_16,double,MANY_DUPLICATES_50,1995,0.04714
dual_pivot_parallel_16,double,MANY_DUPLICATES_50,2512,0.06071
dual_pivot_parallel_16,double,MANY_DUPLICATES_50,3162,0.08560
dual_pivot_parallel_16,double,MANY_DUPLICATES_50,3981,0.10282
dual_pivot_parallel_16,double,MANY_DUPLICATES_50,5012,0.14026
dual_pivot_parallel_16,double,MANY_DUPLICATES_50,6310,0.16700
dual_pivot_parallel_16,double,MANY_DUPLICATES_50,7943,0.16373
dual_pivot_parallel_16,double,MANY_DUPLICATES_50,10000,0.20514
dual_pivot_parallel_16,double,MANY_DUPLICATES_50,12589,0.22361
dual_pivot_parallel_16,double,MANY_DUPLICATES_50,15849,0.23069
dual_pivot_parallel_16,double,MANY_DUPLICATES_50,19953,0.30101
dual_pivot_parallel_16,double,MANY_DUPLICATES_50,25119,0.38175
dual_pivot_parallel_16,double,MANY_DUPLICATES_50,31623,0.38548
dual_pivot_parallel_16,double,MANY_DUPLICATES_50,39811,0.50486
dual_pivot_parallel_16,double,MANY_DUPLICATES_50,50119,0.65432
dual_pivot_parallel_16,double,MANY_DUPLICATES_50,63096,0.73077
dual_pivot_parallel_16,double,MANY_DUPLICATES_50,79433,0.87212
dual_pivot_parallel_16,double,MANY_DUPLICATES_50,100000,1.13208
dual_pivot_parallel_16,double,MANY_DUPLICATES_50,125893,1.49349
dual_pivot_parallel_16,double,MANY_DUPLICATES_50,158489,1.64570
dual_pivot_parallel_16,double,MANY_DUPLICATES_50,199526,2.15609
dual_pivot_parallel_16,double,MANY_DUPLICATES_50,251189,2.89315
dual_pivot_parallel_16,double,MANY_DUPLICATES_50,316228,3.36959
dual_pivot_parallel_16,double,MANY_DUPLICATES_50,398107,4.38645
dual_pivot_parallel_16,double,MANY_DUPLICATES_50,501187,5.85226
dual_pivot_parallel_16,double,MANY_DUPLICATES_50,630957,6.69967
dual_pivot_parallel_16,double,MANY_DUPLICATES_50,794328,7.96430
dual_pivot_parallel_16,double,MANY_DUPLICATES_50,1000000,11.69480
dual_pivot_parallel_16,double,MANY_DUPLICATES_50,1258925,14.07200
dual_pivot_parallel_16,double,MANY_DUPLICATES_50,1584893,16.42940
dual_pivot_parallel_16,double,MANY_DUPLICATES_50,1995262,22.93210
dual_pivot_parallel_16,double,MANY_DUPLICATES_50,2511886,27.24750
dual_pivot_parallel_16,double,MANY_DUPLICATES_50,3162277,34.68640
dual_pivot_parallel_16,double,MANY_DUPLICATES_50,3981071,44.54200
dual_pivot_parallel_16,double,MANY_DUPLICATES_50,5011872,68.67610
dual_pivot_parallel_16,double,MANY_DUPLICATES_50,6309573,75.37510
dual_pivot_parallel_16,double,MANY_DUPLICATES_50,7943282,92.97050
dual_pivot_parallel_16,double,MANY_DUPLICATES_50,10000000,124.58100
dual_pivot_parallel_16,double,MANY_DUPLICATES_90,1000,0.01508
dual_pivot_parallel_16,double,MANY_DUPLICATES_90,1259,0.02245
dual_pivot_parallel_16,double,MANY_DUPLICATES_90,1585,0.03668
dual_pivot_parallel_16,double,MANY_DUPLICATES_90,1995,0.04587
dual_pivot_parallel_16,double,MANY_DUPLICATES_90,2512,0.05467
dual_pivot_parallel_16,double,MANY_DUPLICATES_90,3162,0.08691
dual_pivot_parallel_16,double,MANY_DUPLICATES_90,3981,0.10605
dual_pivot_parallel_16,double,MANY_DUPLICATES_90,5012,0.15196
dual_pivot_parallel_16,double,MANY_DUPLICATES_90,6310,0.16405
dual_pivot_parallel_16,double,MANY_DUPLICATES_90,7943,0.16815
dual_pivot_parallel_16,double,MANY_DUPLICATES_90,10000,0.21029
dual_pivot_parallel_16,double,MANY_DUPLICATES_90,12589,0.22858
dual_pivot_parallel_16,double,MANY_DUPLICATES_90,15849,0.24007
dual_pivot_parallel_16,double,MANY_DUPLICATES_90,19953,0.33435
dual_pivot_parallel_16,double,MANY_DUPLICATES_90,25119,0.39530
dual_pivot_parallel_16,double,MANY_DUPLICATES_90,31623,0.41192
dual_pivot_parallel_16,double,MANY_DUPLICATES_90,39811,0.52254
dual_pivot_parallel_16,double,MANY_DUPLICATES_90,50119,0.67015
dual_pivot_parallel_16,double,MANY_DUPLICATES_90,63096,0.77241
dual_pivot_parallel_16,double,MANY_DUPLICATES_90,79433,0.87181
dual_pivot_parallel_16,double,MANY_DUPLICATES_90,100000,1.12710
dual_pivot_parallel_16,double,MANY_DUPLICATES_90,125893,1.51453
dual_pivot_parallel_16,double,MANY_DUPLICATES_90,158489,1.67893
dual_pivot_parallel_16,double,MANY_DUPLICATES_90,199526,2.34681
dual_pivot_parallel_16,double,MANY_DUPLICATES_90,251189,2.89612
dual_pivot_parallel_16,double,MANY_DUPLICATES_90,316228,3.35146
dual_pivot_parallel_16,double,MANY_DUPLICATES_90,398107,4.26763
dual_pivot_parallel_16,double,MANY_DUPLICATES_90,501187,5.75333
dual_pivot_parallel_16,double,MANY_DUPLICATES_90,630957,6.64018
dual_pivot_parallel_16,double,MANY_DUPLICATES_90,794328,7.82872
dual_pivot_parallel_16,double,MANY_DUPLICATES_90,1000000,11.93640
dual_pivot_parallel_16,double,MANY_DUPLICATES_90,1258925,14.57070
dual_pivot_parallel_16,double,MANY_DUPLICATES_90,1584893,16.91760
dual_pivot_parallel_16,double,MANY_DUPLICATES_90,1995262,22.54740
dual_pivot_parallel_16,double,MANY_DUPLICATES_90,2511886,26.62940
dual_pivot_parallel_16,double,MANY_DUPLICATES_90,3162277,33.80610
dual_pivot_parallel_16,double,MANY_DUPLICATES_90,3981071,41.14700
dual_pivot_parallel_16,double,MANY_DUPLICATES_90,5011872,61.41870
dual_pivot_parallel_16,double,MANY_DUPLICATES_90,6309573,68.24520
dual_pivot_parallel_16,double,MANY_DUPLICATES_90,7943282,85.70540
dual_pivot_parallel_16,double,MANY_DUPLICATES_90,10000000,120.47500
dual_pivot_parallel_16,double,NEARLY_SORTED,1000,0.01087
dual_pivot_parallel_16,double,NEARLY_SORTED,1259,0.01255
dual_pivot_parallel_16,double,NEARLY_SORTED,1585,0.01661
dual_pivot_parallel_16,double,NEARLY_SORTED,1995,0.02081
dual_pivot_parallel_16,double,NEARLY_SORTED,2512,0.02878
dual_pivot_parallel_16,double,NEARLY_SORTED,3162,0.03732
dual_pivot_parallel_16,double,NEARLY_SORTED,3981,0.05983
dual_pivot_parallel_16,double,NEARLY_SORTED,5012,0.06476
dual_pivot_parallel_16,double,NEARLY_SORTED,6310,0.08791
dual_pivot_parallel_16,double,NEARLY_SORTED,7943,0.09403
dual_pivot_parallel_16,double,NEARLY_SORTED,10000,0.12119
dual_pivot_parallel_16,double,NEARLY_SORTED,12589,0.09292
dual_pivot_parallel_16,double,NEARLY_SORTED,15849,0.12154
dual_pivot_parallel_16,double,NEARLY_SORTED,19953,0.15404
dual_pivot_parallel_16,double,NEARLY_SORTED,25119,0.17891
dual_pivot_parallel_16,double,NEARLY_SORTED,31623,0.17207
dual_pivot_parallel_16,double,NEARLY_SORTED,39811,0.22128
dual_pivot_parallel_16,double,NEARLY_SORTED,50119,0.28639
dual_pivot_parallel_16,double,NEARLY_SORTED,63096,0.33795
dual_pivot_parallel_16,double,NEARLY_SORTED,79433,0.42608
dual_pivot_parallel_16,double,NEARLY_SORTED,100000,0.51514
dual_pivot_parallel_16,double,NEARLY_SORTED,125893,0.66046
dual_pivot_parallel_16,double,NEARLY_SORTED,158489,0.76182
dual_pivot_parallel_16,double,NEARLY_SORTED,199526,0.97334
dual_pivot_parallel_16,double,NEARLY_SORTED,251189,1.23602
dual_pivot_parallel_16,double,NEARLY_SORTED,316228,1.50869
dual_pivot_parallel_16,double,NEARLY_SORTED,398107,1.95647
dual_pivot_parallel_16,double,NEARLY_SORTED,501187,2.41211
dual_pivot_parallel_16,double,NEARLY_SORTED,630957,3.03301
dual_pivot_parallel_16,double,NEARLY_SORTED,794328,3.86592
dual_pivot_parallel_16,double,NEARLY_SORTED,1000000,5.08961
dual_pivot_parallel_16,double,NEARLY_SORTED,1258925,5.98359
dual_pivot_parallel_16,double,NEARLY_SORTED,1584893,7.62593
dual_pivot_parallel_16,double,NEARLY_SORTED,1995262,9.79688
dual_pivot_parallel_16,double,NEARLY_SORTED,2511886,12.54860
dual_pivot_parallel_16,double,NEARLY_SORTED,3162277,15.91250
dual_pivot_parallel_16,double,NEARLY_SORTED,3981071,20.39190
dual_pivot_parallel_16,double,NEARLY_SORTED,5011872,25.65830
dual_pivot_parallel_16,double,NEARLY_SORTED,6309573,32.61680
dual_pivot_parallel_16,double,NEARLY_SORTED,7943282,39.64270
dual_pivot_parallel_16,double,NEARLY_SORTED,10000000,51.94820
dual_pivot_parallel_16,double,ORGAN_PIPE,1000,0.00199
dual_pivot_parallel_16,double,ORGAN_PIPE,1259,0.00272
dual_pivot_parallel_16,double,ORGAN_PIPE,1585,0.00384
dual_pivot_parallel_16,double,ORGAN_PIPE,1995,0.00438
dual_pivot_parallel_16,double,ORGAN_PIPE,2512,0.00458
dual_pivot_parallel_16,double,ORGAN_PIPE,3162,0.00692
dual_pivot_parallel_16,double,ORGAN_PIPE,3981,0.00713
dual_pivot_parallel_16,double,ORGAN_PIPE,5012,0.01029
dual_pivot_parallel_16,double,ORGAN_PIPE,6310,0.01244
dual_pivot_parallel_16,double,ORGAN_PIPE,7943,0.01583
dual_pivot_parallel_16,double,ORGAN_PIPE,10000,0.10431
dual_pivot_parallel_16,double,ORGAN_PIPE,12589,0.11304
dual_pivot_parallel_16,double,ORGAN_PIPE,15849,0.14366
dual_pivot_parallel_16,double,ORGAN_PIPE,19953,0.14052
dual_pivot_parallel_16,double,ORGAN_PIPE,25119,0.14748
dual_pivot_parallel_16,double,ORGAN_PIPE,31623,0.18203
dual_pivot_parallel_16,double,ORGAN_PIPE,39811,0.21272
dual_pivot_parallel_16,double,ORGAN_PIPE,50119,0.25808
dual_pivot_parallel_16,double,ORGAN_PIPE,63096,0.28939
dual_pivot_parallel_16,double,ORGAN_PIPE,79433,0.34099
dual_pivot_parallel_16,double,ORGAN_PIPE,100000,0.40708
dual_pivot_parallel_16,double,ORGAN_PIPE,125893,0.47791
dual_pivot_parallel_16,double,ORGAN_PIPE,158489,0.60760
dual_pivot_parallel_16,double,ORGAN_PIPE,199526,0.70864
dual_pivot_parallel_16,double,ORGAN_PIPE,251189,0.87884
dual_pivot_parallel_16,double,ORGAN_PIPE,316228,1.18380
dual_pivot_parallel_16,double,ORGAN_PIPE,398107,1.49241
dual_pivot_parallel_16,double,ORGAN_PIPE,501187,1.76032
dual_pivot_parallel_16,double,ORGAN_PIPE,630957,2.29730
dual_pivot_parallel_16,double,ORGAN_PIPE,794328,2.74835
dual_pivot_parallel_16,double,ORGAN_PIPE,1000000,3.44665
dual_pivot_parallel_16,double,ORGAN_PIPE,1258925,4.59809
dual_pivot_parallel_16,double,ORGAN_PIPE,1584893,5.40313
dual_pivot_parallel_16,double,ORGAN_PIPE,1995262,6.60260
dual_pivot_parallel_16,double,ORGAN_PIPE,2511886,10.44590
dual_pivot_parallel_16,double,ORGAN_PIPE,3162277,11.91360
dual_pivot_parallel_16,double,ORGAN_PIPE,3981071,16.10680
dual_pivot_parallel_16,double,ORGAN_PIPE,5011872,19.68390
dual_pivot_parallel_16,double,ORGAN_PIPE,6309573,26.69380
dual_pivot_parallel_16,double,ORGAN_PIPE,7943282,34.13920
dual_pivot_parallel_16,double,ORGAN_PIPE,10000000,44.22340
dual_pivot_parallel_16,double,RANDOM,1000,0.02028
dual_pivot_parallel_16,double,RANDOM,1259,0.02102
dual_pivot_parallel_16,double,RANDOM,1585,0.02354
dual_pivot_parallel_16,double,RANDOM,1995,0.04045
dual_pivot_parallel_16,double,RANDOM,2512,0.05928
dual_pivot_parallel_16,double,RANDOM,3162,0.08156
dual_pivot_parallel_16,double,RANDOM,3981,0.09705
dual_pivot_parallel_16,double,RANDOM,5012,0.12811
dual_pivot_parallel_16,double,RANDOM,6310,0.16896
dual_pivot_parallel_16,double,RANDOM,7943,0.16267
dual_pivot_parallel_16,double,RANDOM,10000,0.20387
dual_pivot_parallel_16,double,RANDOM,12589,0.22801
dual_pivot_parallel_16,double,RANDOM,15849,0.22958
dual_pivot_parallel_16,double,RANDOM,19953,0.30087
dual_pivot_parallel_16,double,RANDOM,25119,0.37710
dual_pivot_parallel_16,double,RANDOM,31623,0.40729
dual_pivot_parallel_16,double,RANDOM,39811,0.52245
dual_pivot_parallel_16,double,RANDOM,50119,0.68076
dual_pivot_parallel_16,double,RANDOM,63096,0.75055
dual_pivot_parallel_16,double,RANDOM,79433,0.86949
dual_pivot_parallel_16,double,RANDOM,100000,1.13353
dual_pivot_parallel_16,double,RANDOM,125893,1.49195
dual_pivot_parallel_16,double,RANDOM,158489,1.65562
dual_pivot_parallel_16,double,RANDOM,199526,2.16004
dual_pivot_parallel_16,double,RANDOM,251189,2.89636
dual_pivot_parallel_16,double,RANDOM,316228,3.35677
dual_pivot_parallel_16,double,RANDOM,398107,4.33200
dual_pivot_parallel_16,double,RANDOM,501187,5.79949
dual_pivot_parallel_16,double,RANDOM,630957,6.63680
dual_pivot_parallel_16,double,RANDOM,794328,8.20560
dual_pivot_parallel_16,double,RANDOM,1000000,11.88900
dual_pivot_parallel_16,double,RANDOM,1258925,14.66560
dual_pivot_parallel_16,double,RANDOM,1584893,17.51660
dual_pivot_parallel_16,double,RANDOM,1995262,24.31270
dual_pivot_parallel_16,double,RANDOM,2511886,28.10660
dual_pivot_parallel_16,double,RANDOM,3162277,36.54210
dual_pivot_parallel_16,double,RANDOM,3981071,42.36360
dual_pivot_parallel_16,double,RANDOM,5011872,63.30320
dual_pivot_parallel_16,double,RANDOM,6309573,71.21370
dual_pivot_parallel_16,double,RANDOM,7943282,87.55660
dual_pivot_parallel_16,double,RANDOM,10000000,122.26500
dual_pivot_parallel_16,double,REVERSE_SORTED,1000,0.00148
dual_pivot_parallel_16,double,REVERSE_SORTED,1259,0.00171
dual_pivot_parallel_16,double,REVERSE_SORTED,1585,0.00214
dual_pivot_parallel_16,double,REVERSE_SORTED,1995,0.00285
dual_pivot_parallel_16,double,REVERSE_SORTED,2512,0.00328
dual_pivot_parallel_16,double,REVERSE_SORTED,3162,0.00400
dual_pivot_parallel_16,double,REVERSE_SORTED,3981,0.00475
dual_pivot_parallel_16,double,REVERSE_SORTED,5012,0.00573
dual_pivot_parallel_16,double,REVERSE_SORTED,6310,0.00719
dual_pivot_parallel_16,double,REVERSE_SORTED,7943,0.00885
dual_pivot_parallel_16,double,REVERSE_SORTED,10000,0.03604
dual_pivot_parallel_16,double,REVERSE_SORTED,12589,0.03551
dual_pivot_parallel_16,double,REVERSE_SORTED,15849,0.03819
dual_pivot_parallel_16,double,REVERSE_SORTED,19953,0.04771
dual_pivot_parallel_16,double,REVERSE_SORTED,25119,0.05683
dual_pivot_parallel_16,double,REVERSE_SORTED,31623,0.05906
dual_pivot_parallel_16,double,REVERSE_SORTED,39811,0.08048
dual_pivot_parallel_16,double,REVERSE_SORTED,50119,0.09481
dual_pivot_parallel_16,double,REVERSE_SORTED,63096,0.12069
dual_pivot_parallel_16,double,REVERSE_SORTED,79433,0.12373
dual_pivot_parallel_16,double,REVERSE_SORTED,100000,0.16311
dual_pivot_parallel_16,double,REVERSE_SORTED,125893,0.16705
dual_pivot_parallel_16,double,REVERSE_SORTED,158489,0.22201
dual_pivot_parallel_16,double,REVERSE_SORTED,199526,0.26123
dual_pivot_parallel_16,double,REVERSE_SORTED,251189,0.32808
dual_pivot_parallel_16,double,REVERSE_SORTED,316228,0.37629
dual_pivot_parallel_16,double,REVERSE_SORTED,398107,0.49200
dual_pivot_parallel_16,double,REVERSE_SORTED,501187,0.60023
dual_pivot_parallel_16,double,REVERSE_SORTED,630957,0.73746
dual_pivot_parallel_16,double,REVERSE_SORTED,794328,1.00997
dual_pivot_parallel_16,double,REVERSE_SORTED,1000000,1.27397
dual_pivot_parallel_16,double,REVERSE_SORTED,1258925,1.55894
dual_pivot_parallel_16,double,REVERSE_SORTED,1584893,2.00145
dual_pivot_parallel_16,double,REVERSE_SORTED,1995262,2.57288
dual_pivot_parallel_16,double,REVERSE_SORTED,2511886,3.43659
dual_pivot_parallel_16,double,REVERSE_SORTED,3162277,4.31601
dual_pivot_parallel_16,double,REVERSE_SORTED,3981071,5.72604
dual_pivot_parallel_16,double,REVERSE_SORTED,5011872,7.09313
dual_pivot_parallel_16,double,REVERSE_SORTED,6309573,9.67811
dual_pivot_parallel_16,double,REVERSE_SORTED,7943282,12.08940
dual_pivot_parallel_16,double,REVERSE_SORTED,10000000,15.72870
dual_pivot_parallel_16,double,SAWTOOTH,1000,0.00398
dual_pivot_parallel_16,double,SAWTOOTH,1259,0.00492
dual_pivot_parallel_16,double,SAWTOOTH,1585,0.00617
dual_pivot_parallel_16,double,SAWTOOTH,1995,0.00629
dual_pivot_parallel_16,double,SAWTOOTH,2512,0.00681
dual_pivot_parallel_16,double,SAWTOOTH,3162,0.00877
dual_pivot_parallel_16,double,SAWTOOTH,3981,0.01245
dual_pivot_parallel_16,double,SAWTOOTH,5012,0.01531
dual_pivot_parallel_16,double,SAWTOOTH,6310,0.01734
dual_pivot_parallel_16,double,SAWTOOTH,7943,0.02061
dual_pivot_parallel_16,double,SAWTOOTH,10000,0.08892
dual_pivot_parallel_16,double,SAWTOOTH,12589,0.09682
dual_pivot_parallel_16,double,SAWTOOTH,15849,0.09810
dual_pivot_parallel_16,double,SAWTOOTH,19953,0.10959
dual_pivot_parallel_16,double,SAWTOOTH,25119,0.13915
dual_pivot_parallel_16,double,SAWTOOTH,31623,0.14771
dual_pivot_parallel_16,double,SAWTOOTH,39811,0.22683
dual_pivot_parallel_16,double,SAWTOOTH,50119,0.27245
dual_pivot_parallel_16,double,SAWTOOTH,63096,0.28353
dual_pivot_parallel_16,double,SAWTOOTH,79433,0.32404
dual_pivot_parallel_16,double,SAWTOOTH,100000,0.44289
dual_pivot_parallel_16,double,SAWTOOTH,125893,0.52761
dual_pivot_parallel_16,double,SAWTOOTH,158489,0.66368
dual_pivot_parallel_16,double,SAWTOOTH,199526,0.80083
dual_pivot_parallel_16,double,SAWTOOTH,251189,0.89498
dual_pivot_parallel_16,double,SAWTOOTH,316228,0.95889
dual_pivot_parallel_16,double,SAWTOOTH,398107,1.42749
dual_pivot_parallel_16,double,SAWTOOTH,501187,1.75773
dual_pivot_parallel_16,double,SAWTOOTH,630957,2.13236
dual_pivot_parallel_16,double,SAWTOOTH,794328,2.66952
dual_pivot_parallel_16,double,SAWTOOTH,1000000,3.70152
dual_pivot_parallel_16,double,SAWTOOTH,1258925,3.95382
dual_pivot_parallel_16,double,SAWTOOTH,1584893,5.02119
dual_pivot_parallel_16,double,SAWTOOTH,1995262,7.53625
dual_pivot_parallel_16,double,SAWTOOTH,2511886,8.14753
dual_pivot_parallel_16,double,SAWTOOTH,3162277,11.04310
dual_pivot_parallel_16,double,SAWTOOTH,3981071,15.54270
dual_pivot_parallel_16,double,SAWTOOTH,5011872,18.26900
dual_pivot_parallel_16,double,SAWTOOTH,6309573,23.43040
dual_pivot_parallel_16,double,SAWTOOTH,7943282,29.99430
dual_pivot_parallel_16,double,SAWTOOTH,10000000,39.04390
dual_pivot_parallel_16,int,MANY_DUPLICATES_10,1000,0.01654
dual_pivot_parallel_16,int,MANY_DUPLICATES_10,1259,0.02266
dual_pivot_parallel_16,int,MANY_DUPLICATES_10,1585,0.03302
dual_pivot_parallel_16,int,MANY_DUPLICATES_10,1995,0.03871
dual_pivot_parallel_16,int,MANY_DUPLICATES_10,2512,0.05301
dual_pivot_parallel_16,int,MANY_DUPLICATES_10,3162,0.07509
dual_pivot_parallel_16,int,MANY_DUPLICATES_10,3981,0.09383
dual_pivot_parallel_16,int,MANY_DUPLICATES_10,5012,0.11229
dual_pivot_parallel_16,int,MANY_DUPLICATES_10,6310,0.13390
dual_pivot_parallel_16,int,MANY_DUPLICATES_10,7943,0.13790
dual_pivot_parallel_16,int,MANY_DUPLICATES_10,10000,0.17588
dual_pivot_parallel_16,int,MANY_DUPLICATES_10,12589,0.17123
dual_pivot_parallel_16,int,MANY_DUPLICATES_10,15849,0.22620
dual_pivot_parallel_16,int,MANY_DUPLICATES_10,19953,0.30967
dual_pivot_parallel_16,int,MANY_DUPLICATES_10,25119,0.31028
dual_pivot_parallel_16,int,MANY_DUPLICATES_10,31623,0.37422
dual_pivot_parallel_16,int,MANY_DUPLICATES_10,39811,0.43796
dual_pivot_parallel_16,int,MANY_DUPLICATES_10,50119,0.55076
dual_pivot_parallel_16,int,MANY_DUPLICATES_10,63096,0.69251
dual_pivot_parallel_16,int,MANY_DUPLICATES_10,79433,0.82472
dual_pivot_parallel_16,int,MANY_DUPLICATES_10,100000,1.03032
dual_pivot_parallel_16,int,MANY_DUPLICATES_10,125893,1.13628
dual_pivot_parallel_16,int,MANY_DUPLICATES_10,158489,1.53745
dual_pivot_parallel_16,int,MANY_DUPLICATES_10,199526,1.88518
dual_pivot_parallel_16,int,MANY_DUPLICATES_10,251189,2.31453
dual_pivot_parallel_16,int,MANY_DUPLICATES_10,316228,3.28131
dual_pivot_parallel_16,int,MANY_DUPLICATES_10,398107,3.78630
dual_pivot_parallel_16,int,MANY_DUPLICATES_10,501187,4.53479
dual_pivot_parallel_16,int,MANY_DUPLICATES_10,630957,6.11868
dual_pivot_parallel_16,int,MANY_DUPLICATES_10,794328,6.98778
dual_pivot_parallel_16,int,MANY_DUPLICATES_10,1000000,9.30039
dual_pivot_parallel_16,int,MANY_DUPLICATES_10,1258925,12.33870
dual_pivot_parallel_16,int,MANY_DUPLICATES_10,1584893,14.74210
dual_pivot_parallel_16,int,MANY_DUPLICATES_10,1995262,18.38240
dual_pivot_parallel_16,int,MANY_DUPLICATES_10,2511886,23.64300
dual_pivot_parallel_16,int,MANY_DUPLICATES_10,3162277,31.25300
dual_pivot_parallel_16,int,MANY_DUPLICATES_10,3981071,38.99040
dual_pivot_parallel_16,int,MANY_DUPLICATES_10,5011872,48.66690
dual_pivot_parallel_16,int,MANY_DUPLICATES_10,6309573,59.05710
dual_pivot_parallel_16,int,MANY_DUPLICATES_10,7943282,73.91310
dual_pivot_parallel_16,int,MANY_DUPLICATES_10,10000000,95.93640
dual_pivot_parallel_16,int,MANY_DUPLICATES_50,1000,0.01482
dual_pivot_parallel_16,int,MANY_DUPLICATES_50,1259,0.01305
dual_pivot_parallel_16,int,MANY_DUPLICATES_50,1585,0.02660
dual_pivot_parallel_16,int,MANY_DUPLICATES_50,1995,0.03990
dual_pivot_parallel_16,int,MANY_DUPLICATES_50,2512,0.05713
dual_pivot_parallel_16,int,MANY_DUPLICATES_50,3162,0.06660
dual_pivot_parallel_16,int,MANY_DUPLICATES_50,3981,0.08437
dual_pivot_parallel_16,int,MANY_DUPLICATES_50,5012,0.11160
dual_pivot_parallel_16,int,MANY_DUPLICATES_50,6310,0.14071
dual_pivot_parallel_16,int,MANY_DUPLICATES_50,7943,0.13924
dual_pivot_parallel_16,int,MANY_DUPLICATES_50,10000,0.18406
dual_pivot_parallel_16,int,MANY_DUPLICATES_50,12589,0.22695
dual_pivot_parallel_16,int,MANY_DUPLICATES_50,15849,0.25505
dual_pivot_parallel_16,int,MANY_DUPLICATES_50,19953,0.24928
dual_pivot_parallel_16,int,MANY_DUPLICATES_50,25119,0.31825
dual_pivot_parallel_16,int,MANY_DUPLICATES_50,31623,0.37133
dual_pivot_parallel_16,int,MANY_DUPLICATES_50,39811,0.43749
dual_pivot_parallel_16,int,MANY_DUPLICATES_50,50119,0.53761
dual_pivot_parallel_16,int,MANY_DUPLICATES_50,63096,0.71254
dual_pivot_parallel_16,int,MANY_DUPLICATES_50,79433,0.79812
dual_pivot_parallel_16,int,MANY_DUPLICATES_50,100000,1.04030
dual_pivot_parallel_16,int,MANY_DUPLICATES_50,125893,1.20335
dual_pivot_parallel_16,int,MANY_DUPLICATES_50,158489,1.61994
dual_pivot_parallel_16,int,MANY_DUPLICATES_50,199526,1.91073
dual_pivot_parallel_16,int,MANY_DUPLICATES_50,251189,2.48117
dual_pivot_parallel_16,int,MANY_DUPLICATES_50,316228,2.94904
dual_pivot_parallel_16,int,MANY_DUPLICATES_50,398107,3.68665
dual_pivot_parallel_16,int,MANY_DUPLICATES_50,501187,4.72322
dual_pivot_parallel_16,int,MANY_DUPLICATES_50,630957,5.54508
dual_pivot_parallel_16,int,MANY_DUPLICATES_50,794328,7.71243
dual_pivot_parallel_16,int,MANY_DUPLICATES_50,1000000,9.50975
dual_pivot_parallel_16,int,MANY_DUPLICATES_50,1258925,12.57560
dual_pivot_parallel_16,int,MANY_DUPLICATES_50,1584893,14.50600
dual_pivot_parallel_16,int,MANY_DUPLICATES_50,1995262,18.22830
dual_pivot_parallel_16,int,MANY_DUPLICATES_50,2511886,23.31170
dual_pivot_parallel_16,int,MANY_DUPLICATES_50,3162277,28.77450
dual_pivot_parallel_16,int,MANY_DUPLICATES_50,3981071,40.40250
dual_pivot_parallel_16,int,MANY_DUPLICATES_50,5011872,49.66260
dual_pivot_parallel_16,int,MANY_DUPLICATES_50,6309573,60.51690
dual_pivot_parallel_16,int,MANY_DUPLICATES_50,7943282,77.20050
dual_pivot_parallel_16,int,MANY_DUPLICATES_50,10000000,93.13680
dual_pivot_parallel_16,int,MANY_DUPLICATES_90,1000,0.01756
dual_pivot_parallel_16,int,MANY_DUPLICATES_90,1259,0.02432
dual_pivot_parallel_16,int,MANY_DUPLICATES_90,1585,0.02975
dual_pivot_parallel_16,int,MANY_DUPLICATES_90,1995,0.03846
dual_pivot_parallel_16,int,MANY_DUPLICATES_90,2512,0.05776
dual_pivot_parallel_16,int,MANY_DUPLICATES_90,3162,0.07526
dual_pivot_parallel_16,int,MANY_DUPLICATES_90,3981,0.08788
dual_pivot_parallel_16,int,MANY_DUPLICATES_90,5012,0.12395
dual_pivot_parallel_16,int,MANY_DUPLICATES_90,6310,0.14877
dual_pivot_parallel_16,int,MANY_DUPLICATES_90,7943,0.13151
dual_pivot_parallel_16,int,MANY_DUPLICATES_90,10000,0.18008
dual_pivot_parallel_16,int,MANY_DUPLICATES_90,12589,0.23048
dual_pivot_parallel_16,int,MANY_DUPLICATES_90,15849,0.22633
dual_pivot_parallel_16,int,MANY_DUPLICATES_90,19953,0.26093
dual_pivot_parallel_16,int,MANY_DUPLICATES_90,25119,0.31177
dual_pivot_parallel_16,int,MANY_DUPLICATES_90,31623,0.39742
dual_pivot_parallel_16,int,MANY_DUPLICATES_90,39811,0.44799
dual_pivot_parallel_16,int,MANY_DUPLICATES_90,50119,0.54121
dual_pivot_parallel_16,int,MANY_DUPLICATES_90,63096,0.70440
dual_pivot_parallel_16,int,MANY_DUPLICATES_90,79433,0.80980
dual_pivot_parallel_16,int,MANY_DUPLICATES_90,100000,0.95331
dual_pivot_parallel_16,int,MANY_DUPLICATES_90,125893,1.36198
dual_pivot_parallel_16,int,MANY_DUPLICATES_90,158489,1.48886
dual_pivot_parallel_16,int,MANY_DUPLICATES_90,199526,1.98553
dual_pivot_parallel_16,int,MANY_DUPLICATES_90,251189,2.24349
dual_pivot_parallel_16,int,MANY_DUPLICATES_90,316228,2.92894
dual_pivot_parallel_16,int,MANY_DUPLICATES_90,398107,3.69201
dual_pivot_parallel_16,int,MANY_DUPLICATES_90,501187,4.43868
dual_pivot_parallel_16,int,MANY_DUPLICATES_90,630957,5.99756
dual_pivot_parallel_16,int,MANY_DUPLICATES_90,794328,7.48389
dual_pivot_parallel_16,int,MANY_DUPLICATES_90,1000000,9.13313
dual_pivot_parallel_16,int,MANY_DUPLICATES_90,1258925,11.50320
dual_pivot_parallel_16,int,MANY_DUPLICATES_90,1584893,14.62890
dual_pivot_parallel_16,int,MANY_DUPLICATES_90,1995262,19.34690
dual_pivot_parallel_16,int,MANY_DUPLICATES_90,2511886,24.07660
dual_pivot_parallel_16,int,MANY_DUPLICATES_90,3162277,29.84860
dual_pivot_parallel_16,int,MANY_DUPLICATES_90,3981071,38.04730
dual_pivot_parallel_16,int,MANY_DUPLICATES_90,5011872,46.53820
dual_pivot_parallel_16,int,MANY_DUPLICATES_90,6309573,63.71650
dual_pivot_parallel_16,int,MANY_DUPLICATES_90,7943282,76.74550
dual_pivot_parallel_16,int,MANY_DUPLICATES_90,10000000,97.83640
dual_pivot_parallel_16,int,NEARLY_SORTED,1000,0.00911
dual_pivot_parallel_16,int,NEARLY_SORTED,1259,0.00950
dual_pivot_parallel_16,int,NEARLY_SORTED,1585,0.01612
dual_pivot_parallel_16,int,NEARLY_SORTED,1995,0.02256
dual_pivot_parallel_16,int,NEARLY_SORTED,2512,0.02353
dual_pivot_parallel_16,int,NEARLY_SORTED,3162,0.03694
dual_pivot_parallel_16,int,NEARLY_SORTED,3981,0.05674
dual_pivot_parallel_16,int,NEARLY_SORTED,5012,0.06081
dual_pivot_parallel_16,int,NEARLY_SORTED,6310,0.07911
dual_pivot_parallel_16,int,NEARLY_SORTED,7943,0.07878
dual_pivot_parallel_16,int,NEARLY_SORTED,10000,0.10288
dual_pivot_parallel_16,int,NEARLY_SORTED,12589,0.08773
dual_pivot_parallel_16,int,NEARLY_SORTED,15849,0.11017
dual_pivot_parallel_16,int,NEARLY_SORTED,19953,0.13278
dual_pivot_parallel_16,int,NEARLY_SORTED,25119,0.15489
dual_pivot_parallel_16,int,NEARLY_SORTED,31623,0.15027
dual_pivot_parallel_16,int,NEARLY_SORTED,39811,0.19043
dual_pivot_parallel_16,int,NEARLY_SORTED,50119,0.24297
dual_pivot_parallel_16,int,NEARLY_SORTED,63096,0.28796
dual_pivot_parallel_16,int,NEARLY_SORTED,79433,0.36181
dual_pivot_parallel_16,int,NEARLY_SORTED,100000,0.43366
dual_pivot_parallel_16,int,NEARLY_SORTED,125893,0.57449
dual_pivot_parallel_16,int,NEARLY_SORTED,158489,0.66326
dual_pivot_parallel_16,int,NEARLY_SORTED,199526,0.81943
dual_pivot_parallel_16,int,NEARLY_SORTED,251189,1.05712
dual_pivot_parallel_16,int,NEARLY_SORTED,316228,1.32537
dual_pivot_parallel_16,int,NEARLY_SORTED,398107,1.65627
dual_pivot_parallel_16,int,NEARLY_SORTED,501187,2.07857
dual_pivot_parallel_16,int,NEARLY_SORTED,630957,2.60623
dual_pivot_parallel_16,int,NEARLY_SORTED,794328,3.34087
dual_pivot_parallel_16,int,NEARLY_SORTED,1000000,4.30223
dual_pivot_parallel_16,int,NEARLY_SORTED,1258925,5.06942
dual_pivot_parallel_16,int,NEARLY_SORTED,1584893,6.33254
dual_pivot_parallel_16,int,NEARLY_SORTED,1995262,8.33100
dual_pivot_parallel_16,int,NEARLY_SORTED,2511886,10.66180
dual_pivot_parallel_16,int,NEARLY_SORTED,3162277,13.84510
dual_pivot_parallel_16,int,NEARLY_SORTED,3981071,16.83530
dual_pivot_parallel_16,int,NEARLY_SORTED,5011872,23.09440
dual_pivot_parallel_16,int,NEARLY_SORTED,6309573,28.74680
dual_pivot_parallel_16,int,NEARLY_SORTED,7943282,35.94420
dual_pivot_parallel_16,int,NEARLY_SORTED,10000000,45.45400
dual_pivot_parallel_16,int,ORGAN_PIPE,1000,0.00166
dual_pivot_parallel_16,int,ORGAN_PIPE,1259,0.00203
dual_pivot_parallel_16,int,ORGAN_PIPE,1585,0.00231
dual_pivot_parallel_16,int,ORGAN_PIPE,1995,0.00233
dual_pivot_parallel_16,int,ORGAN_PIPE,2512,0.00294
dual_pivot_parallel_16,int,ORGAN_PIPE,3162,0.00362
dual_pivot_parallel_16,int,ORGAN_PIPE,3981,0.00364
dual_pivot_parallel_16,int,ORGAN_PIPE,5012,0.00475
dual_pivot_parallel_16,int,ORGAN_PIPE,6310,0.00574
dual_pivot_parallel_16,int,ORGAN_PIPE,7943,0.00720
dual_pivot_parallel_16,int,ORGAN_PIPE,10000,0.09073
dual_pivot_parallel_16,int,ORGAN_PIPE,12589,0.09356
dual_pivot_parallel_16,int,ORGAN_PIPE,15849,0.12302
dual_pivot_parallel_16,int,ORGAN_PIPE,19953,0.12230
dual_pivot_parallel_16,int,ORGAN_PIPE,25119,0.13794
dual_pivot_parallel_16,int,ORGAN_PIPE,31623,0.15190
dual_pivot_parallel_16,int,ORGAN_PIPE,39811,0.18296
dual_pivot_parallel_16,int,ORGAN_PIPE,50119,0.18869
dual_pivot_parallel_16,int,ORGAN_PIPE,63096,0.23571
dual_pivot_parallel_16,int,ORGAN_PIPE,79433,0.27412
dual_pivot_parallel_16,int,ORGAN_PIPE,100000,0.29463
dual_pivot_parallel_16,int,ORGAN_PIPE,125893,0.40630
dual_pivot_parallel_16,int,ORGAN_PIPE,158489,0.44637
dual_pivot_parallel_16,int,ORGAN_PIPE,199526,0.55574
dual_pivot_parallel_16,int,ORGAN_PIPE,251189,0.69130
dual_pivot_parallel_16,int,ORGAN_PIPE,316228,0.84065
dual_pivot_parallel_16,int,ORGAN_PIPE,398107,1.11213
dual_pivot_parallel_16,int,ORGAN_PIPE,501187,1.46717
dual_pivot_parallel_16,int,ORGAN_PIPE,630957,1.64434
dual_pivot_parallel_16,int,ORGAN_PIPE,794328,2.20916
dual_pivot_parallel_16,int,ORGAN_PIPE,1000000,2.59739
dual_pivot_parallel_16,int,ORGAN_PIPE,1258925,3.40485
dual_pivot_parallel_16,int,ORGAN_PIPE,1584893,4.19766
dual_pivot_parallel_16,int,ORGAN_PIPE,1995262,5.34959
dual_pivot_parallel_16,int,ORGAN_PIPE,2511886,6.46267
dual_pivot_parallel_16,int,ORGAN_PIPE,3162277,9.00203
dual_pivot_parallel_16,int,ORGAN_PIPE,3981071,10.76050
dual_pivot_parallel_16,int,ORGAN_PIPE,5011872,13.55750
dual_pivot_parallel_16,int,ORGAN_PIPE,6309573,17.55890
dual_pivot_parallel_16,int,ORGAN_PIPE,7943282,20.50200
dual_pivot_parallel_16,int,ORGAN_PIPE,10000000,28.23960
dual_pivot_parallel_16,int,RANDOM,1000,0.01262
dual_pivot_parallel_16,int,RANDOM,1259,0.02528
dual_pivot_parallel_16,int,RANDOM,1585,0.02996
dual_pivot_parallel_16,int,RANDOM,1995,0.04241
dual_pivot_parallel_16,int,RANDOM,2512,0.04349
dual_pivot_parallel_16,int,RANDOM,3162,0.06725
dual_pivot_parallel_16,int,RANDOM,3981,0.08173
dual_pivot_parallel_16,int,RANDOM,5012,0.11378
dual_pivot_parallel_16,int,RANDOM,6310,0.14275
dual_pivot_parallel_16,int,RANDOM,7943,0.13223
dual_pivot_parallel_16,int,RANDOM,10000,0.17513
dual_pivot_parallel_16,int,RANDOM,12589,0.22648
dual_pivot_parallel_16,int,RANDOM,15849,0.21168
dual_pivot_parallel_16,int,RANDOM,19953,0.27661
dual_pivot_parallel_16,int,RANDOM,25119,0.30575
dual_pivot_parallel_16,int,RANDOM,31623,0.38359
dual_pivot_parallel_16,int,RANDOM,39811,0.47510
dual_pivot_parallel_16,int,RANDOM,50119,0.52891
dual_pivot_parallel_16,int,RANDOM,63096,0.74029
dual_pivot_parallel_16,int,RANDOM,79433,0.85633
dual_pivot_parallel_16,int,RANDOM,100000,1.10019
dual_pivot_parallel_16,int,RANDOM,125893,1.22790
dual_pivot_parallel_16,int,RANDOM,158489,1.52891
dual_pivot_parallel_16,int,RANDOM,199526,1.89762
dual_pivot_parallel_16,int,RANDOM,251189,2.35182
dual_pivot_parallel_16,int,RANDOM,316228,3.08099
dual_pivot_parallel_16,int,RANDOM,398107,3.79106
dual_pivot_parallel_16,int,RANDOM,501187,4.34717
dual_pivot_parallel_16,int,RANDOM,630957,5.95993
dual_pivot_parallel_16,int,RANDOM,794328,6.86890
dual_pivot_parallel_16,int,RANDOM,1000000,10.11750
dual_pivot_parallel_16,int,RANDOM,1258925,11.75060
dual_pivot_parallel_16,int,RANDOM,1584893,15.34090
dual_pivot_parallel_16,int,RANDOM,1995262,18.39760
dual_pivot_parallel_16,int,RANDOM,2511886,23.71480
dual_pivot_parallel_16,int,RANDOM,3162277,31.72460
dual_pivot_parallel_16,int,RANDOM,3981071,35.68360
dual_pivot_parallel_16,int,RANDOM,5011872,48.70910
dual_pivot_parallel_16,int,RANDOM,6309573,59.74340
dual_pivot_parallel_16,int,RANDOM,7943282,71.47720
dual_pivot_parallel_16,int,RANDOM,10000000,92.68740
dual_pivot_parallel_16,int,REVERSE_SORTED,1000,0.00059
dual_pivot_parallel_16,int,REVERSE_SORTED,1259,0.00065
dual_pivot_parallel_16,int,REVERSE_SORTED,1585,0.00070
dual_pivot_parallel_16,int,REVERSE_SORTED,1995,0.00115
dual_pivot_parallel_16,int,REVERSE_SORTED,2512,0.00130
dual_pivot_parallel_16,int,REVERSE_SORTED,3162,0.00164
dual_pivot_parallel_16,int,REVERSE_SORTED,3981,0.00181
dual_pivot_parallel_16,int,REVERSE_SORTED,5012,0.00205
dual_pivot_parallel_16,int,REVERSE_SORTED,6310,0.00320
dual_pivot_parallel_16,int,REVERSE_SORTED,7943,0.00339
dual_pivot_parallel_16,int,REVERSE_SORTED,10000,0.03208
dual_pivot_parallel_16,int,REVERSE_SORTED,12589,0.03206
dual_pivot_parallel_16,int,REVERSE_SORTED,15849,0.04118
dual_pivot_parallel_16,int,REVERSE_SORTED,19953,0.03809
dual_pivot_parallel_16,int,REVERSE_SORTED,25119,0.04319
dual_pivot_parallel_16,int,REVERSE_SORTED,31623,0.05308
dual_pivot_parallel_16,int,REVERSE_SORTED,39811,0.05493
dual_pivot_parallel_16,int,REVERSE_SORTED,50119,0.06771
dual_pivot_parallel_16,int,REVERSE_SORTED,63096,0.08787
dual_pivot_parallel_16,int,REVERSE_SORTED,79433,0.10409
dual_pivot_parallel_16,int,REVERSE_SORTED,100000,0.11456
dual_pivot_parallel_16,int,REVERSE_SORTED,125893,0.13938
dual_pivot_parallel_16,int,REVERSE_SORTED,158489,0.18846
dual_pivot_parallel_16,int,REVERSE_SORTED,199526,0.20570
dual_pivot_parallel_16,int,REVERSE_SORTED,251189,0.26572
dual_pivot_parallel_16,int,REVERSE_SORTED,316228,0.31282
dual_pivot_parallel_16,int,REVERSE_SORTED,398107,0.37090
dual_pivot_parallel_16,int,REVERSE_SORTED,501187,0.45912
dual_pivot_parallel_16,int,REVERSE_SORTED,630957,0.58573
dual_pivot_parallel_16,int,REVERSE_SORTED,794328,0.71848
dual_pivot_parallel_16,int,REVERSE_SORTED,1000000,0.87828
dual_pivot_parallel_16,int,REVERSE_SORTED,1258925,1.03341
dual_pivot_parallel_16,int,REVERSE_SORTED,1584893,1.37703
dual_pivot_parallel_16,int,REVERSE_SORTED,1995262,1.74370
dual_pivot_parallel_16,int,REVERSE_SORTED,2511886,2.23435
dual_pivot_parallel_16,int,REVERSE_SORTED,3162277,2.84761
dual_pivot_parallel_16,int,REVERSE_SORTED,3981071,3.59396
dual_pivot_parallel_16,int,REVERSE_SORTED,5011872,4.91847
dual_pivot_parallel_16,int,REVERSE_SORTED,6309573,6.00897
dual_pivot_parallel_16,int,REVERSE_SORTED,7943282,7.33340
dual_pivot_parallel_16,int,REVERSE_SORTED,10000000,9.52753
dual_pivot_parallel_16,int,SAWTOOTH,1000,0.00266
dual_pivot_parallel_16,int,SAWTOOTH,1259,0.00256
dual_pivot_parallel_16,int,SAWTOOTH,1585,0.00326
dual_pivot_parallel_16,int,SAWTOOTH,1995,0.00455
dual_pivot_parallel_16,int,SAWTOOTH,2512,0.00393
dual_pivot_parallel_16,int,SAWTOOTH,3162,0.00595
dual_pivot_parallel_16,int,SAWTOOTH,3981,0.00731
dual_pivot_parallel_16,int,SAWTOOTH,5012,0.00755
dual_pivot_parallel_16,int,SAWTOOTH,6310,0.01061
dual_pivot_parallel_16,int,SAWTOOTH,7943,0.01355
dual_pivot_parallel_16,int,SAWTOOTH,10000,0.08567
dual_pivot_parallel_16,int,SAWTOOTH,12589,0.07432
dual_pivot_parallel_16,int,SAWTOOTH,15849,0.09823
dual_pivot_parallel_16,int,SAWTOOTH,19953,0.09635
dual_pivot_parallel_16,int,SAWTOOTH,25119,0.11730
dual_pivot_parallel_16,int,SAWTOOTH,31623,0.10369
dual_pivot_parallel_16,int,SAWTOOTH,39811,0.18015
dual_pivot_parallel_16,int,SAWTOOTH,50119,0.21565
dual_pivot_parallel_16,int,SAWTOOTH,63096,0.25201
dual_pivot_parallel_16,int,SAWTOOTH,79433,0.25579
dual_pivot_parallel_16,int,SAWTOOTH,100000,0.35342
dual_pivot_parallel_16,int,SAWTOOTH,125893,0.35547
dual_pivot_parallel_16,int,SAWTOOTH,158489,0.52621
dual_pivot_parallel_16,int,SAWTOOTH,199526,0.66986
dual_pivot_parallel_16,int,SAWTOOTH,251189,0.62024
dual_pivot_parallel_16,int,SAWTOOTH,316228,0.77728
dual_pivot_parallel_16,int,SAWTOOTH,398107,0.94983
dual_pivot_parallel_16,int,SAWTOOTH,501187,1.28711
dual_pivot_parallel_16,int,SAWTOOTH,630957,1.62768
dual_pivot_parallel_16,int,SAWTOOTH,794328,1.76499
dual_pivot_parallel_16,int,SAWTOOTH,1000000,2.84330
dual_pivot_parallel_16,int,SAWTOOTH,1258925,3.01485
dual_pivot_parallel_16,int,SAWTOOTH,1584893,3.33111
dual_pivot_parallel_16,int,SAWTOOTH,1995262,4.68394
dual_pivot_parallel_16,int,SAWTOOTH,2511886,5.49081
dual_pivot_parallel_16,int,SAWTOOTH,3162277,6.65837
dual_pivot_parallel_16,int,SAWTOOTH,3981071,9.75956
dual_pivot_parallel_16,int,SAWTOOTH,5011872,13.14930
dual_pivot_parallel_16,int,SAWTOOTH,6309573,15.54490
dual_pivot_parallel_16,int,SAWTOOTH,7943282,20.07810
dual_pivot_parallel_16,int,SAWTOOTH,10000000,24.15780
dual_pivot_parallel_2,double,MANY_DUPLICATES_10,1000,0.01990
dual_pivot_parallel_2,double,MANY_DUPLICATES_10,1259,0.02648
dual_pivot_parallel_2,double,MANY_DUPLICATES_10,1585,0.03435
dual_pivot_parallel_2,double,MANY_DUPLICATES_10,1995,0.04599
dual_pivot_parallel_2,double,MANY_DUPLICATES_10,2512,0.05797
dual_pivot_parallel_2,double,MANY_DUPLICATES_10,3162,0.08700
dual_pivot_parallel_2,double,MANY_DUPLICATES_10,3981,0.10324
dual_pivot_parallel_2,double,MANY_DUPLICATES_10,5012,0.13276
dual_pivot_parallel_2,double,MANY_DUPLICATES_10,6310,0.14271
dual_pivot_parallel_2,double,MANY_DUPLICATES_10,7943,0.16047
dual_pivot_parallel_2,double,MANY_DUPLICATES_10,10000,0.22450
dual_pivot_parallel_2,double,MANY_DUPLICATES_10,12589,0.22640
dual_pivot_parallel_2,double,MANY_DUPLICATES_10,15849,0.31631
dual_pivot_parallel_2,double,MANY_DUPLICATES_10,19953,0.34336
dual_pivot_parallel_2,double,MANY_DUPLICATES_10,25119,0.49929
dual_pivot_parallel_2,double,MANY_DUPLICATES_10,31623,0.59552
dual_pivot_parallel_2,double,MANY_DUPLICATES_10,39811,0.73411
dual_pivot_parallel_2,double,MANY_DUPLICATES_10,50119,0.95407
dual_pivot_parallel_2,double,MANY_DUPLICATES_10,63096,1.20965
dual_pivot_parallel_2,double,MANY_DUPLICATES_10,79433,1.56614
dual_pivot_parallel_2,double,MANY_DUPLICATES_10,100000,1.94795
dual_pivot_parallel_2,double,MANY_DUPLICATES_10,125893,2.40931
dual_pivot_parallel_2,double,MANY_DUPLICATES_10,158489,3.28766
dual_pivot_parallel_2,double,MANY_DUPLICATES_10,199526,4.11552
dual_pivot_parallel_2,double,MANY_DUPLICATES_10,251189,5.16431
dual_pivot_parallel_2,double,MANY_DUPLICATES_10,316228,6.77372
dual_pivot_parallel_2,double,MANY_DUPLICATES_10,398107,8.47081
dual_pivot_parallel_2,double,MANY_DUPLICATES_10,501187,11.39070
dual_pivot_parallel_2,double,MANY_DUPLICATES_10,630957,13.91250
dual_pivot_parallel_2,double,MANY_DUPLICATES_10,794328,18.03700
dual_pivot_parallel_2,double,MANY_DUPLICATES_10,1000000,22.72630
dual_pivot_parallel_2,double,MANY_DUPLICATES_10,1258925,28.98590
dual_pivot_parallel_2,double,MANY_DUPLICATES_10,1584893,36.94540
dual_pivot_parallel_2,double,MANY_DUPLICATES_10,1995262,49.10510
dual_pivot_parallel_2,double,MANY_DUPLICATES_10,2511886,64.86420
dual_pivot_parallel_2,double,MANY_DUPLICATES_10,3162277,80.26410
dual_pivot_parallel_2,double,MANY_DUPLICATES_10,3981071,101.99900
dual_pivot_parallel_2,double,MANY_DUPLICATES_10,5011872,126.46600
dual_pivot_parallel_2,double,MANY_DUPLICATES_10,6309573,170.50500
dual_pivot_parallel_2,double,MANY_DUPLICATES_10,7943282,209.61000
dual_pivot_parallel_2,double,MANY_DUPLICATES_10,10000000,274.53400
dual_pivot_parallel_2,double,MANY_DUPLICATES_50,1000,0.01833
dual_pivot_parallel_2,double,MANY_DUPLICATES_50,1259,0.02503
dual_pivot_parallel_2,double,MANY_DUPLICATES_50,1585,0.04011
dual_pivot_parallel_2,double,MANY_DUPLICATES_50,1995,0.04844
dual_pivot_parallel_2,double,MANY_DUPLICATES_50,2512,0.04301
dual_pivot_parallel_2,double,MANY_DUPLICATES_50,3162,0.07360
dual_pivot_parallel_2,double,MANY_DUPLICATES_50,3981,0.10274
dual_pivot_parallel_2,double,MANY_DUPLICATES_50,5012,0.14383
dual_pivot_parallel_2,double,MANY_DUPLICATES_50,6310,0.16606
dual_pivot_parallel_2,double,MANY_DUPLICATES_50,7943,0.17034
dual_pivot_parallel_2,double,MANY_DUPLICATES_50,10000,0.22041
dual_pivot_parallel_2,double,MANY_DUPLICATES_50,12589,0.22779
dual_pivot_parallel_2,double,MANY_DUPLICATES_50,15849,0.33242
dual_pivot_parallel_2,double,MANY_DUPLICATES_50,19953,0.34148
dual_pivot_parallel_2,double,MANY_DUPLICATES_50,25119,0.50007
dual_pivot_parallel_2,double,MANY_DUPLICATES_50,31623,0.59062
dual_pivot_parallel_2,double,MANY_DUPLICATES_50,39811,0.73140
dual_pivot_parallel_2,double,MANY_DUPLICATES_50,50119,0.95149
dual_pivot_parallel_2,double,MANY_DUPLICATES_50,63096,1.21170
dual_pivot_parallel_2,double,MANY_DUPLICATES_50,79433,1.58447
dual_pivot_parallel_2,double,MANY_DUPLICATES_50,100000,1.97689
dual_pivot_parallel_2,double,MANY_DUPLICATES_50,125893,2.43133
dual_pivot_parallel_2,double,MANY_DUPLICATES_50,158489,3.27647
dual_pivot_parallel_2,double,MANY_DUPLICATES_50,199526,4.10886
dual_pivot_parallel_2,double,MANY_DUPLICATES_50,251189,5.23347
dual_pivot_parallel_2,double,MANY_DUPLICATES_50,316228,6.82185
dual_pivot_parallel_2,double,MANY_DUPLICATES_50,398107,8.56592
dual_pivot_parallel_2,double,MANY_DUPLICATES_50,501187,11.15210
dual_pivot_parallel_2,double,MANY_DUPLICATES_50,630957,14.19930
dual_pivot_parallel_2,double,MANY_DUPLICATES_50,794328,18.02060
dual_pivot_parallel_2,double,MANY_DUPLICATES_50,1000000,23.02390
dual_pivot_parallel_2,double,MANY_DUPLICATES_50,1258925,29.02330
dual_pivot_parallel_2,double,MANY_DUPLICATES_50,1584893,36.97020
dual_pivot_parallel_2,double,MANY_DUPLICATES_50,1995262,49.66310
dual_pivot_parallel_2,double,MANY_DUPLICATES_50,2511886,65.34880
dual_pivot_parallel_2,double,MANY_DUPLICATES_50,3162277,81.73680
dual_pivot_parallel_2,double,MANY_DUPLICATES_50,3981071,102.12600
dual_pivot_parallel_2,double,MANY_DUPLICATES_50,5011872,127.26100
dual_pivot_parallel_2,double,MANY_DUPLICATES_50,6309573,168.64700
dual_pivot_parallel_2,double,MANY_DUPLICATES_50,7943282,208.11100
dual_pivot_parallel_2,double,MANY_DUPLICATES_50,10000000,273.77800
dual_pivot_parallel_2,double,MANY_DUPLICATES_90,1000,0.01873
dual_pivot_parallel_2,double,MANY_DUPLICATES_90,1259,0.02340
dual_pivot_parallel_2,double,MANY_DUPLICATES_90,1585,0.03949
dual_pivot_parallel_2,double,MANY_DUPLICATES_90,1995,0.04920
dual_pivot_parallel_2,double,MANY_DUPLICATES_90,2512,0.06434
dual_pivot_parallel_2,double,MANY_DUPLICATES_90,3162,0.08614
dual_pivot_parallel_2,double,MANY_DUPLICATES_90,3981,0.10567
dual_pivot_parallel_2,double,MANY_DUPLICATES_90,5012,0.13415
dual_pivot_parallel_2,double,MANY_DUPLICATES_90,6310,0.16313
dual_pivot_parallel_2,double,MANY_DUPLICATES_90,7943,0.22869
dual_pivot_parallel_2,double,MANY_DUPLICATES_90,10000,0.21728
dual_pivot_parallel_2,double,MANY_DUPLICATES_90,12589,0.22219
dual_pivot_parallel_2,double,MANY_DUPLICATES_90,15849,0.32306
dual_pivot_parallel_2,double,MANY_DUPLICATES_90,19953,0.34636
dual_pivot_parallel_2,double,MANY_DUPLICATES_90,25119,0.49247
dual_pivot_parallel_2,double,MANY_DUPLICATES_90,31623,0.60066
dual_pivot_parallel_2,double,MANY_DUPLICATES_90,39811,0.74120
dual_pivot_parallel_2,double,MANY_DUPLICATES_90,50119,0.94473
dual_pivot_parallel_2,double,MANY_DUPLICATES_90,63096,1.22155
dual_pivot_parallel_2,double,MANY_DUPLICATES_90,79433,1.56832
dual_pivot_parallel_2,double,MANY_DUPLICATES_90,100000,1.96715
dual_pivot_parallel_2,double,MANY_DUPLICATES_90,125893,2.44441
dual_pivot_parallel_2,double,MANY_DUPLICATES_90,158489,3.27743
dual_pivot_parallel_2,double,MANY_DUPLICATES_90,199526,4.09814
dual_pivot_parallel_2,double,MANY_DUPLICATES_90,251189,5.35293
dual_pivot_parallel_2,double,MANY_DUPLICATES_90,316228,6.87985
dual_pivot_parallel_2,double,MANY_DUPLICATES_90,398107,8.52367
dual_pivot_parallel_2,double,MANY_DUPLICATES_90,501187,11.45260
dual_pivot_parallel_2,double,MANY_DUPLICATES_90,630957,14.11610
dual_pivot_parallel_2,double,MANY_DUPLICATES_90,794328,18.04230
dual_pivot_parallel_2,double,MANY_DUPLICATES_90,1000000,22.67600
dual_pivot_parallel_2,double,MANY_DUPLICATES_90,1258925,29.05830
dual_pivot_parallel_2,double,MANY_DUPLICATES_90,1584893,36.98130
dual_pivot_parallel_2,double,MANY_DUPLICATES_90,1995262,51.11190
dual_pivot_parallel_2,double,MANY_DUPLICATES_90,2511886,65.70540
dual_pivot_parallel_2,double,MANY_DUPLICATES_90,3162277,81.02100
dual_pivot_parallel_2,double,MANY_DUPLICATES_90,3981071,103.12000
dual_pivot_parallel_2,double,MANY_DUPLICATES_90,5011872,129.53900
dual_pivot_parallel_2,double,MANY_DUPLICATES_90,6309573,169.27800
dual_pivot_parallel_2,double,MANY_DUPLICATES_90,7943282,207.52800
dual_pivot_parallel_2,double,MANY_DUPLICATES_90,10000000,274.46000
dual_pivot_parallel_2,double,NEARLY_SORTED,1000,0.01179
dual_pivot_parallel_2,double,NEARLY_SORTED,1259,0.01718
dual_pivot_parallel_2,double,NEARLY_SORTED,1585,0.01428
dual_pivot_parallel_2,double,NEARLY_SORTED,1995,0.02669
dual_pivot_parallel_2,double,NEARLY_SORTED,2512,0.03829
dual_pivot_parallel_2,double,NEARLY_SORTED,3162,0.04259
dual_pivot_parallel_2,double,NEARLY_SORTED,3981,0.06463
dual_pivot_parallel_2,double,NEARLY_SORTED,5012,0.08871
dual_pivot_parallel_2,double,NEARLY_SORTED,6310,0.10082
dual_pivot_parallel_2,double,NEARLY_SORTED,7943,0.13722
dual_pivot_parallel_2,double,NEARLY_SORTED,10000,0.10368
dual_pivot_parallel_2,double,NEARLY_SORTED,12589,0.14003
dual_pivot_parallel_2,double,NEARLY_SORTED,15849,0.18358
dual_pivot_parallel_2,double,NEARLY_SORTED,19953,0.21867
dual_pivot_parallel_2,double,NEARLY_SORTED,25119,0.29175
dual_pivot_parallel_2,double,NEARLY_SORTED,31623,0.34429
dual_pivot_parallel_2,double,NEARLY_SORTED,39811,0.45077
dual_pivot_parallel_2,double,NEARLY_SORTED,50119,0.56749
dual_pivot_parallel_2,double,NEARLY_SORTED,63096,0.67945
dual_pivot_parallel_2,double,NEARLY_SORTED,79433,0.89273
dual_pivot_parallel_2,double,NEARLY_SORTED,100000,1.14139
dual_pivot_parallel_2,double,NEARLY_SORTED,125893,1.49106
dual_pivot_parallel_2,double,NEARLY_SORTED,158489,1.86898
dual_pivot_parallel_2,double,NEARLY_SORTED,199526,2.37360
dual_pivot_parallel_2,double,NEARLY_SORTED,251189,3.01531
dual_pivot_parallel_2,double,NEARLY_SORTED,316228,3.88061
dual_pivot_parallel_2,double,NEARLY_SORTED,398107,5.05194
dual_pivot_parallel_2,double,NEARLY_SORTED,501187,6.43056
dual_pivot_parallel_2,double,NEARLY_SORTED,630957,8.13785
dual_pivot_parallel_2,double,NEARLY_SORTED,794328,10.52900
dual_pivot_parallel_2,double,NEARLY_SORTED,1000000,13.30150
dual_pivot_parallel_2,double,NEARLY_SORTED,1258925,17.05530
dual_pivot_parallel_2,double,NEARLY_SORTED,1584893,21.60940
dual_pivot_parallel_2,double,NEARLY_SORTED,1995262,27.50440
dual_pivot_parallel_2,double,NEARLY_SORTED,2511886,35.84070
dual_pivot_parallel_2,double,NEARLY_SORTED,3162277,45.94280
dual_pivot_parallel_2,double,NEARLY_SORTED,3981071,57.77470
dual_pivot_parallel_2,double,NEARLY_SORTED,5011872,75.96530
dual_pivot_parallel_2,double,NEARLY_SORTED,6309573,96.23950
dual_pivot_parallel_2,double,NEARLY_SORTED,7943282,123.34200
dual_pivot_parallel_2,double,NEARLY_SORTED,10000000,157.49200
dual_pivot_parallel_2,double,ORGAN_PIPE,1000,0.00221
dual_pivot_parallel_2,double,ORGAN_PIPE,1259,0.00274
dual_pivot_parallel_2,double,ORGAN_PIPE,1585,0.00358
dual_pivot_parallel_2,double,ORGAN_PIPE,1995,0.00383
dual_pivot_parallel_2,double,ORGAN_PIPE,2512,0.00624
dual_pivot_parallel_2,double,ORGAN_PIPE,3162,0.00603
dual_pivot_parallel_2,double,ORGAN_PIPE,3981,0.00747
dual_pivot_parallel_2,double,ORGAN_PIPE,5012,0.01019
dual_pivot_parallel_2,double,ORGAN_PIPE,6310,0.01326
dual_pivot_parallel_2,double,ORGAN_PIPE,7943,0.01531
dual_pivot_parallel_2,double,ORGAN_PIPE,10000,0.06442
dual_pivot_parallel_2,double,ORGAN_PIPE,12589,0.06586
dual_pivot_parallel_2,double,ORGAN_PIPE,15849,0.08451
dual_pivot_parallel_2,double,ORGAN_PIPE,19953,0.09778
dual_pivot_parallel_2,double,ORGAN_PIPE,25119,0.10215
dual_pivot_parallel_2,double,ORGAN_PIPE,31623,0.11614
dual_pivot_parallel_2,double,ORGAN_PIPE,39811,0.14696
dual_pivot_parallel_2,double,ORGAN_PIPE,50119,0.17619
dual_pivot_parallel_2,double,ORGAN_PIPE,63096,0.22989
dual_pivot_parallel_2,double,ORGAN_PIPE,79433,0.29523
dual_pivot_parallel_2,double,ORGAN_PIPE,100000,0.39577
dual_pivot_parallel_2,double,ORGAN_PIPE,125893,0.51261
dual_pivot_parallel_2,double,ORGAN_PIPE,158489,0.64436
dual_pivot_parallel_2,double,ORGAN_PIPE,199526,0.83540
dual_pivot_parallel_2,double,ORGAN_PIPE,251189,1.15201
dual_pivot_parallel_2,double,ORGAN_PIPE,316228,1.39437
dual_pivot_parallel_2,double,ORGAN_PIPE,398107,1.79879
dual_pivot_parallel_2,double,ORGAN_PIPE,501187,2.33041
dual_pivot_parallel_2,double,ORGAN_PIPE,630957,2.88872
dual_pivot_parallel_2,double,ORGAN_PIPE,794328,3.54655
dual_pivot_parallel_2,double,ORGAN_PIPE,1000000,4.44913
dual_pivot_parallel_2,double,ORGAN_PIPE,1258925,5.77294
dual_pivot_parallel_2,double,ORGAN_PIPE,1584893,7.41257
dual_pivot_parallel_2,double,ORGAN_PIPE,1995262,9.60925
dual_pivot_parallel_2,double,ORGAN_PIPE,2511886,12.56210
dual_pivot_parallel_2,double,ORGAN_PIPE,3162277,16.62300
dual_pivot_parallel_2,double,ORGAN_PIPE,3981071,21.42440
dual_pivot_parallel_2,double,ORGAN_PIPE,5011872,27.69720
dual_pivot_parallel_2,double,ORGAN_PIPE,6309573,37.53020
dual_pivot_parallel_2,double,ORGAN_PIPE,7943282,48.64630
dual_pivot_parallel_2,double,ORGAN_PIPE,10000000,62.27750
dual_pivot_parallel_2,double,RANDOM,1000,0.01998
dual_pivot_parallel_2,double,RANDOM,1259,0.02537
dual_pivot_parallel_2,double,RANDOM,1585,0.03814
dual_pivot_parallel_2,double,RANDOM,1995,0.04453
dual_pivot_parallel_2,double,RANDOM,2512,0.05224
dual_pivot_parallel_2,double,RANDOM,3162,0.07218
dual_pivot_parallel_2,double,RANDOM,3981,0.09834
dual_pivot_parallel_2,double,RANDOM,5012,0.13240
dual_pivot_parallel_2,double,RANDOM,6310,0.17187
dual_pivot_parallel_2,double,RANDOM,7943,0.22755
dual_pivot_parallel_2,double,RANDOM,10000,0.22556
dual_pivot_parallel_2,double,RANDOM,12589,0.22084
dual_pivot_parallel_2,double,RANDOM,15849,0.32256
dual_pivot_parallel_2,double,RANDOM,19953,0.33627
dual_pivot_parallel_2,double,RANDOM,25119,0.48286
dual_pivot_parallel_2,double,RANDOM,31623,0.58650
dual_pivot_parallel_2,double,RANDOM,39811,0.72403
dual_pivot_parallel_2,double,RANDOM,50119,0.93820
dual_pivot_parallel_2,double,RANDOM,63096,1.21826
dual_pivot_parallel_2,double,RANDOM,79433,1.57122
dual_pivot_parallel_2,double,RANDOM,100000,1.95881
dual_pivot_parallel_2,double,RANDOM,125893,2.42219
dual_pivot_parallel_2,double,RANDOM,158489,3.25869
dual_pivot_parallel_2,double,RANDOM,199526,4.11449
dual_pivot_parallel_2,double,RANDOM,251189,5.17141
dual_pivot_parallel_2,double,RANDOM,316228,6.74900
dual_pivot_parallel_2,double,RANDOM,398107,8.49329
dual_pivot_parallel_2,double,RANDOM,501187,11.18330
dual_pivot_parallel_2,double,RANDOM,630957,13.97300
dual_pivot_parallel_2,double,RANDOM,794328,18.01570
dual_pivot_parallel_2,double,RANDOM,1000000,22.64670
dual_pivot_parallel_2,double,RANDOM,1258925,28.73310
dual_pivot_parallel_2,double,RANDOM,1584893,37.08560
dual_pivot_parallel_2,double,RANDOM,1995262,51.51360
dual_pivot_parallel_2,double,RANDOM,2511886,67.41050
dual_pivot_parallel_2,double,RANDOM,3162277,85.86930
dual_pivot_parallel_2,double,RANDOM,3981071,107.90300
dual_pivot_parallel_2,double,RANDOM,5011872,126.97800
dual_pivot_parallel_2,double,RANDOM,6309573,168.93200
dual_pivot_parallel_2,double,RANDOM,7943282,206.42100
dual_pivot_parallel_2,double,RANDOM,10000000,271.89900
dual_pivot_parallel_2,double,REVERSE_SORTED,1000,0.00154
dual_pivot_parallel_2,double,REVERSE_SORTED,1259,0.00185
dual_pivot_parallel_2,double,REVERSE_SORTED,1585,0.00227
dual_pivot_parallel_2,double,REVERSE_SORTED,1995,0.00255
dual_pivot_parallel_2,double,REVERSE_SORTED,2512,0.00312
dual_pivot_parallel_2,double,REVERSE_SORTED,3162,0.00427
dual_pivot_parallel_2,double,REVERSE_SORTED,3981,0.00475
dual_pivot_parallel_2,double,REVERSE_SORTED,5012,0.00566
dual_pivot_parallel_2,double,REVERSE_SORTED,6310,0.00709
dual_pivot_parallel_2,double,REVERSE_SORTED,7943,0.00917
dual_pivot_parallel_2,double,REVERSE_SORTED,10000,0.02454
dual_pivot_parallel_2,double,REVERSE_SORTED,12589,0.02404
dual_pivot_parallel_2,double,REVERSE_SORTED,15849,0.02931
dual_pivot_parallel_2,double,REVERSE_SORTED,19953,0.03475
dual_pivot_parallel_2,double,REVERSE_SORTED,25119,0.04296
dual_pivot_parallel_2,double,REVERSE_SORTED,31623,0.05216
dual_pivot_parallel_2,double,REVERSE_SORTED,39811,0.05728
dual_pivot_parallel_2,double,REVERSE_SORTED,50119,0.07164
dual_pivot_parallel_2,double,REVERSE_SORTED,63096,0.08922
dual_pivot_parallel_2,double,REVERSE_SORTED,79433,0.10062
dual_pivot_parallel_2,double,REVERSE_SORTED,100000,0.13820
dual_pivot_parallel_2,double,REVERSE_SORTED,125893,0.16336
dual_pivot_parallel_2,double,REVERSE_SORTED,158489,0.20897
dual_pivot_parallel_2,double,REVERSE_SORTED,199526,0.26678
dual_pivot_parallel_2,double,REVERSE_SORTED,251189,0.34782
dual_pivot_parallel_2,double,REVERSE_SORTED,316228,0.44348
dual_pivot_parallel_2,double,REVERSE_SORTED,398107,0.54952
dual_pivot_parallel_2,double,REVERSE_SORTED,501187,0.71110
dual_pivot_parallel_2,double,REVERSE_SORTED,630957,0.94778
dual_pivot_parallel_2,double,REVERSE_SORTED,794328,1.17966
dual_pivot_parallel_2,double,REVERSE_SORTED,1000000,1.51716
dual_pivot_parallel_2,double,REVERSE_SORTED,1258925,1.95288
dual_pivot_parallel_2,double,REVERSE_SORTED,1584893,2.51836
dual_pivot_parallel_2,double,REVERSE_SORTED,1995262,3.29517
dual_pivot_parallel_2,double,REVERSE_SORTED,2511886,4.54278
dual_pivot_parallel_2,double,REVERSE_SORTED,3162277,5.76966
dual_pivot_parallel_2,double,REVERSE_SORTED,3981071,7.43083
dual_pivot_parallel_2,double,REVERSE_SORTED,5011872,10.31990
dual_pivot_parallel_2,double,REVERSE_SORTED,6309573,12.90710
dual_pivot_parallel_2,double,REVERSE_SORTED,7943282,17.04590
dual_pivot_parallel_2,double,REVERSE_SORTED,10000000,22.03450
dual_pivot_parallel_2,double,SAWTOOTH,1000,0.00389
dual_pivot_parallel_2,double,SAWTOOTH,1259,0.00557
dual_pivot_parallel_2,double,SAWTOOTH,1585,0.00700
dual_pivot_parallel_2,double,SAWTOOTH,1995,0.00546
dual_pivot_parallel_2,double,SAWTOOTH,2512,0.00858
dual_pivot_parallel_2,double,SAWTOOTH,3162,0.00978
dual_pivot_parallel_2,double,SAWTOOTH,3981,0.01091
dual_pivot_parallel_2,double,SAWTOOTH,5012,0.01410
dual_pivot_parallel_2,double,SAWTOOTH,6310,0.01817
dual_pivot_parallel_2,double,SAWTOOTH,7943,0.01981
dual_pivot_parallel_2,double,SAWTOOTH,10000,0.05160
dual_pivot_parallel_2,double,SAWTOOTH,12589,0.06636
dual_pivot_parallel_2,double,SAWTOOTH,15849,0.09224
dual_pivot_parallel_2,double,SAWTOOTH,19953,0.07532
dual_pivot_parallel_2,double,SAWTOOTH,25119,0.12039
dual_pivot_parallel_2,double,SAWTOOTH,31623,0.11818
dual_pivot_parallel_2,double,SAWTOOTH,39811,0.25543
dual_pivot_parallel_2,double,SAWTOOTH,50119,0.27245
dual_pivot_parallel_2,double,SAWTOOTH,63096,0.29325
dual_pivot_parallel_2,double,SAWTOOTH,79433,0.41988
dual_pivot_parallel_2,double,SAWTOOTH,100000,0.61835
dual_pivot_parallel_2,double,SAWTOOTH,125893,0.62615
dual_pivot_parallel_2,double,SAWTOOTH,158489,0.98597
dual_pivot_parallel_2,double,SAWTOOTH,199526,1.28295
dual_pivot_parallel_2,double,SAWTOOTH,251189,1.34846
dual_pivot_parallel_2,double,SAWTOOTH,316228,1.72164
dual_pivot_parallel_2,double,SAWTOOTH,398107,2.49802
dual_pivot_parallel_2,double,SAWTOOTH,501187,2.80230
dual_pivot_parallel_2,double,SAWTOOTH,630957,4.07236
dual_pivot_parallel_2,double,SAWTOOTH,794328,4.35154
dual_pivot_parallel_2,double,SAWTOOTH,1000000,6.27524
dual_pivot_parallel_2,double,SAWTOOTH,1258925,7.51322
dual_pivot_parallel_2,double,SAWTOOTH,1584893,9.81478
dual_pivot_parallel_2,double,SAWTOOTH,1995262,12.31370
dual_pivot_parallel_2,double,SAWTOOTH,2511886,16.30580
dual_pivot_parallel_2,double,SAWTOOTH,3162277,20.16130
dual_pivot_parallel_2,double,SAWTOOTH,3981071,26.82800
dual_pivot_parallel_2,double,SAWTOOTH,5011872,32.68860
dual_pivot_parallel_2,double,SAWTOOTH,6309573,44.05980
dual_pivot_parallel_2,double,SAWTOOTH,7943282,53.81110
dual_pivot_parallel_2,double,SAWTOOTH,10000000,67.15730
dual_pivot_parallel_2,int,MANY_DUPLICATES_10,1000,0.01622
dual_pivot_parallel_2,int,MANY_DUPLICATES_10,1259,0.02291
dual_pivot_parallel_2,int,MANY_DUPLICATES_10,1585,0.03141
dual_pivot_parallel_2,int,MANY_DUPLICATES_10,1995,0.04829
dual_pivot_parallel_2,int,MANY_DUPLICATES_10,2512,0.04649
dual_pivot_parallel_2,int,MANY_DUPLICATES_10,3162,0.07755
dual_pivot_parallel_2,int,MANY_DUPLICATES_10,3981,0.10115
dual_pivot_parallel_2,int,MANY_DUPLICATES_10,5012,0.11911
dual_pivot_parallel_2,int,MANY_DUPLICATES_10,6310,0.15093
dual_pivot_parallel_2,int,MANY_DUPLICATES_10,7943,0.20021
dual_pivot_parallel_2,int,MANY_DUPLICATES_10,10000,0.16284
dual_pivot_parallel_2,int,MANY_DUPLICATES_10,12589,0.23401
dual_pivot_parallel_2,int,MANY_DUPLICATES_10,15849,0.26204
dual_pivot_parallel_2,int,MANY_DUPLICATES_10,19953,0.36562
dual_pivot_parallel_2,int,MANY_DUPLICATES_10,25119,0.48265
dual_pivot_parallel_2,int,MANY_DUPLICATES_10,31623,0.56808
dual_pivot_parallel_2,int,MANY_DUPLICATES_10,39811,0.71308
dual_pivot_parallel_2,int,MANY_DUPLICATES_10,50119,0.94440
dual_pivot_parallel_2,int,MANY_DUPLICATES_10,63096,1.12760
dual_pivot_parallel_2,int,MANY_DUPLICATES_10,79433,1.45400
dual_pivot_parallel_2,int,MANY_DUPLICATES_10,100000,1.81559
dual_pivot_parallel_2,int,MANY_DUPLICATES_10,125893,2.43607
dual_pivot_parallel_2,int,MANY_DUPLICATES_10,158489,2.89327
dual_pivot_parallel_2,int,MANY_DUPLICATES_10,199526,4.08802
dual_pivot_parallel_2,int,MANY_DUPLICATES_10,251189,5.19950
dual_pivot_parallel_2,int,MANY_DUPLICATES_10,316228,6.22261
dual_pivot_parallel_2,int,MANY_DUPLICATES_10,398107,8.34627
dual_pivot_parallel_2,int,MANY_DUPLICATES_10,501187,10.10900
dual_pivot_parallel_2,int,MANY_DUPLICATES_10,630957,13.36440
dual_pivot_parallel_2,int,MANY_DUPLICATES_10,794328,17.55900
dual_pivot_parallel_2,int,MANY_DUPLICATES_10,1000000,22.73040
dual_pivot_parallel_2,int,MANY_DUPLICATES_10,1258925,27.70340
dual_pivot_parallel_2,int,MANY_DUPLICATES_10,1584893,35.91620
dual_pivot_parallel_2,int,MANY_DUPLICATES_10,1995262,45.42370
dual_pivot_parallel_2,int,MANY_DUPLICATES_10,2511886,59.78480
dual_pivot_parallel_2,int,MANY_DUPLICATES_10,3162277,72.77560
dual_pivot_parallel_2,int,MANY_DUPLICATES_10,3981071,94.32710
dual_pivot_parallel_2,int,MANY_DUPLICATES_10,5011872,122.35500
dual_pivot_parallel_2,int,MANY_DUPLICATES_10,6309573,158.99900
dual_pivot_parallel_2,int,MANY_DUPLICATES_10,7943282,204.81500
dual_pivot_parallel_2,int,MANY_DUPLICATES_10,10000000,271.38500
dual_pivot_parallel_2,int,MANY_DUPLICATES_50,1000,0.02122
dual_pivot_parallel_2,int,MANY_DUPLICATES_50,1259,0.02328
dual_pivot_parallel_2,int,MANY_DUPLICATES_50,1585,0.03442
dual_pivot_parallel_2,int,MANY_DUPLICATES_50,1995,0.04749
dual_pivot_parallel_2,int,MANY_DUPLICATES_50,2512,0.05931
dual_pivot_parallel_2,int,MANY_DUPLICATES_50,3162,0.07956
dual_pivot_parallel_2,int,MANY_DUPLICATES_50,3981,0.09603
dual_pivot_parallel_2,int,MANY_DUPLICATES_50,5012,0.12075
dual_pivot_parallel_2,int,MANY_DUPLICATES_50,6310,0.15988
dual_pivot_parallel_2,int,MANY_DUPLICATES_50,7943,0.22167
dual_pivot_parallel_2,int,MANY_DUPLICATES_50,10000,0.17594
dual_pivot_parallel_2,int,MANY_DUPLICATES_50,12589,0.22381
dual_pivot_parallel_2,int,MANY_DUPLICATES_50,15849,0.27487
dual_pivot_parallel_2,int,MANY_DUPLICATES_50,19953,0.38786
dual_pivot_parallel_2,int,MANY_DUPLICATES_50,25119,0.45133
dual_pivot_parallel_2,int,MANY_DUPLICATES_50,31623,0.56769
dual_pivot_parallel_2,int,MANY_DUPLICATES_50,39811,0.74242
dual_pivot_parallel_2,int,MANY_DUPLICATES_50,50119,0.94287
dual_pivot_parallel_2,int,MANY_DUPLICATES_50,63096,1.11111
dual_pivot_parallel_2,int,MANY_DUPLICATES_50,79433,1.56868
dual_pivot_parallel_2,int,MANY_DUPLICATES_50,100000,1.83093
dual_pivot_parallel_2,int,MANY_DUPLICATES_50,125893,2.38012
dual_pivot_parallel_2,int,MANY_DUPLICATES_50,158489,3.01214
dual_pivot_parallel_2,int,MANY_DUPLICATES_50,199526,4.13208
dual_pivot_parallel_2,int,MANY_DUPLICATES_50,251189,5.06976
dual_pivot_parallel_2,int,MANY_DUPLICATES_50,316228,6.40819
dual_pivot_parallel_2,int,MANY_DUPLICATES_50,398107,8.41914
dual_pivot_parallel_2,int,MANY_DUPLICATES_50,501187,10.03750
dual_pivot_parallel_2,int,MANY_DUPLICATES_50,630957,13.59820
dual_pivot_parallel_2,int,MANY_DUPLICATES_50,794328,17.32290
dual_pivot_parallel_2,int,MANY_DUPLICATES_50,1000000,21.59810
dual_pivot_parallel_2,int,MANY_DUPLICATES_50,1258925,27.52210
dual_pivot_parallel_2,int,MANY_DUPLICATES_50,1584893,36.91780
dual_pivot_parallel_2,int,MANY_DUPLICATES_50,1995262,45.85240
dual_pivot_parallel_2,int,MANY_DUPLICATES_50,2511886,58.99770
dual_pivot_parallel_2,int,MANY_DUPLICATES_50,3162277,78.00450
dual_pivot_parallel_2,int,MANY_DUPLICATES_50,3981071,99.36550
dual_pivot_parallel_2,int,MANY_DUPLICATES_50,5011872,127.15400
dual_pivot_parallel_2,int,MANY_DUPLICATES_50,6309573,165.17600
dual_pivot_parallel_2,int,MANY_DUPLICATES_50,7943282,203.12300
dual_pivot_parallel_2,int,MANY_DUPLICATES_50,10000000,260.98800
dual_pivot_parallel_2,int,MANY_DUPLICATES_90,1000,0.01700
dual_pivot_parallel_2,int,MANY_DUPLICATES_90,1259,0.02578
dual_pivot_parallel_2,int,MANY_DUPLICATES_90,1585,0.02449
dual_pivot_parallel_2,int,MANY_DUPLICATES_90,1995,0.04654
dual_pivot_parallel_2,int,MANY_DUPLICATES_90,2512,0.05529
dual_pivot_parallel_2,int,MANY_DUPLICATES_90,3162,0.07666
dual_pivot_parallel_2,int,MANY_DUPLICATES_90,3981,0.09120
dual_pivot_parallel_2,int,MANY_DUPLICATES_90,5012,0.11854
dual_pivot_parallel_2,int,MANY_DUPLICATES_90,6310,0.15484
dual_pivot_parallel_2,int,MANY_DUPLICATES_90,7943,0.21447
dual_pivot_parallel_2,int,MANY_DUPLICATES_90,10000,0.16220
dual_pivot_parallel_2,int,MANY_DUPLICATES_90,12589,0.24349
dual_pivot_parallel_2,int,MANY_DUPLICATES_90,15849,0.27811
dual_pivot_parallel_2,int,MANY_DUPLICATES_90,19953,0.36040
dual_pivot_parallel_2,int,MANY_DUPLICATES_90,25119,0.45998
dual_pivot_parallel_2,int,MANY_DUPLICATES_90,31623,0.56428
dual_pivot_parallel_2,int,MANY_DUPLICATES_90,39811,0.71074
dual_pivot_parallel_2,int,MANY_DUPLICATES_90,50119,0.88591
dual_pivot_parallel_2,int,MANY_DUPLICATES_90,63096,1.10593
dual_pivot_parallel_2,int,MANY_DUPLICATES_90,79433,1.47703
dual_pivot_parallel_2,int,MANY_DUPLICATES_90,100000,1.85767
dual_pivot_parallel_2,int,MANY_DUPLICATES_90,125893,2.55944
dual_pivot_parallel_2,int,MANY_DUPLICATES_90,158489,2.93197
dual_pivot_parallel_2,int,MANY_DUPLICATES_90,199526,3.80527
dual_pivot_parallel_2,int,MANY_DUPLICATES_90,251189,5.26288
dual_pivot_parallel_2,int,MANY_DUPLICATES_90,316228,6.39936
dual_pivot_parallel_2,int,MANY_DUPLICATES_90,398107,7.97827
dual_pivot_parallel_2,int,MANY_DUPLICATES_90,501187,11.21960
dual_pivot_parallel_2,int,MANY_DUPLICATES_90,630957,13.32970
dual_pivot_parallel_2,int,MANY_DUPLICATES_90,794328,16.68440
dual_pivot_parallel_2,int,MANY_DUPLICATES_90,1000000,21.76010
dual_pivot_parallel_2,int,MANY_DUPLICATES_90,1258925,27.87380
dual_pivot_parallel_2,int,MANY_DUPLICATES_90,1584893,37.33850
dual_pivot_parallel_2,int,MANY_DUPLICATES_90,1995262,47.25100
dual_pivot_parallel_2,int,MANY_DUPLICATES_90,2511886,57.86230
dual_pivot_parallel_2,int,MANY_DUPLICATES_90,3162277,77.01190
dual_pivot_parallel_2,int,MANY_DUPLICATES_90,3981071,98.47650
dual_pivot_parallel_2,int,MANY_DUPLICATES_90,5011872,125.88100
dual_pivot_parallel_2,int,MANY_DUPLICATES_90,6309573,153.83400
dual_pivot_parallel_2,int,MANY_DUPLICATES_90,7943282,195.58900
dual_pivot_parallel_2,int,MANY_DUPLICATES_90,10000000,248.12300
dual_pivot_parallel_2,int,NEARLY_SORTED,1000,0.00871
dual_pivot_parallel_2,int,NEARLY_SORTED,1259,0.01257
dual_pivot_parallel_2,int,NEARLY_SORTED,1585,0.01504
dual_pivot_parallel_2,int,NEARLY_SORTED,1995,0.02186
dual_pivot_parallel_2,int,NEARLY_SORTED,2512,0.03301
dual_pivot_parallel_2,int,NEARLY_SORTED,3162,0.04075
dual_pivot_parallel_2,int,NEARLY_SORTED,3981,0.05623
dual_pivot_parallel_2,int,NEARLY_SORTED,5012,0.07284
dual_pivot_parallel_2,int,NEARLY_SORTED,6310,0.08695
dual_pivot_parallel_2,int,NEARLY_SORTED,7943,0.11024
dual_pivot_parallel_2,int,NEARLY_SORTED,10000,0.10686
dual_pivot_parallel_2,int,NEARLY_SORTED,12589,0.16473
dual_pivot_parallel_2,int,NEARLY_SORTED,15849,0.17867
dual_pivot_parallel_2,int,NEARLY_SORTED,19953,0.21927
dual_pivot_parallel_2,int,NEARLY_SORTED,25119,0.26974
dual_pivot_parallel_2,int,NEARLY_SORTED,31623,0.32092
dual_pivot_parallel_2,int,NEARLY_SORTED,39811,0.40884
dual_pivot_parallel_2,int,NEARLY_SORTED,50119,0.52234
dual_pivot_parallel_2,int,NEARLY_SORTED,63096,0.63437
dual_pivot_parallel_2,int,NEARLY_SORTED,79433,0.85870
dual_pivot_parallel_2,int,NEARLY_SORTED,100000,1.03911
dual_pivot_parallel_2,int,NEARLY_SORTED,125893,1.38618
dual_pivot_parallel_2,int,NEARLY_SORTED,158489,1.71339
dual_pivot_parallel_2,int,NEARLY_SORTED,199526,2.16175
dual_pivot_parallel_2,int,NEARLY_SORTED,251189,2.77823
dual_pivot_parallel_2,int,NEARLY_SORTED,316228,3.62511
dual_pivot_parallel_2,int,NEARLY_SORTED,398107,4.56840
dual_pivot_parallel_2,int,NEARLY_SORTED,501187,5.79281
dual_pivot_parallel_2,int,NEARLY_SORTED,630957,7.41012
dual_pivot_parallel_2,int,NEARLY_SORTED,794328,9.71185
dual_pivot_parallel_2,int,NEARLY_SORTED,1000000,12.34200
dual_pivot_parallel_2,int,NEARLY_SORTED,1258925,15.44610
dual_pivot_parallel_2,int,NEARLY_SORTED,1584893,19.69600
dual_pivot_parallel_2,int,NEARLY_SORTED,1995262,24.88690
dual_pivot_parallel_2,int,NEARLY_SORTED,2511886,32.46370
dual_pivot_parallel_2,int,NEARLY_SORTED,3162277,41.77080
dual_pivot_parallel_2,int,NEARLY_SORTED,3981071,52.00130
dual_pivot_parallel_2,int,NEARLY_SORTED,5011872,68.88010
dual_pivot_parallel_2,int,NEARLY_SORTED,6309573,87.55900
dual_pivot_parallel_2,int,NEARLY_SORTED,7943282,112.32500
dual_pivot_parallel_2,int,NEARLY_SORTED,10000000,143.32100
dual_pivot_parallel_2,int,ORGAN_PIPE,1000,0.00119
dual_pivot_parallel_2,int,ORGAN_PIPE,1259,0.00182
dual_pivot_parallel_2,int,ORGAN_PIPE,1585,0.00227
dual_pivot_parallel_2,int,ORGAN_PIPE,1995,0.00248
dual_pivot_parallel_2,int,ORGAN_PIPE,2512,0.00262
dual_pivot_parallel_2,int,ORGAN_PIPE,3162,0.00258
dual_pivot_parallel_2,int,ORGAN_PIPE,3981,0.00449
dual_pivot_parallel_2,int,ORGAN_PIPE,5012,0.00490
dual_pivot_parallel_2,int,ORGAN_PIPE,6310,0.00598
dual_pivot_parallel_2,int,ORGAN_PIPE,7943,0.00772
dual_pivot_parallel_2,int,ORGAN_PIPE,10000,0.06363
dual_pivot_parallel_2,int,ORGAN_PIPE,12589,0.06487
dual_pivot_parallel_2,int,ORGAN_PIPE,15849,0.07804
dual_pivot_parallel_2,int,ORGAN_PIPE,19953,0.08146
dual_pivot_parallel_2,int,ORGAN_PIPE,25119,0.08967
dual_pivot_parallel_2,int,ORGAN_PIPE,31623,0.11441
dual_pivot_parallel_2,int,ORGAN_PIPE,39811,0.12898
dual_pivot_parallel_2,int,ORGAN_PIPE,50119,0.15339
dual_pivot_parallel_2,int,ORGAN_PIPE,63096,0.17262
dual_pivot_parallel_2,int,ORGAN_PIPE,79433,0.23465
dual_pivot_parallel_2,int,ORGAN_PIPE,100000,0.30904
dual_pivot_parallel_2,int,ORGAN_PIPE,125893,0.40128
dual_pivot_parallel_2,int,ORGAN_PIPE,158489,0.49101
dual_pivot_parallel_2,int,ORGAN_PIPE,199526,0.62589
dual_pivot_parallel_2,int,ORGAN_PIPE,251189,0.78516
dual_pivot_parallel_2,int,ORGAN_PIPE,316228,1.01279
dual_pivot_parallel_2,int,ORGAN_PIPE,398107,1.35371
dual_pivot_parallel_2,int,ORGAN_PIPE,501187,1.61469
dual_pivot_parallel_2,int,ORGAN_PIPE,630957,2.04887
dual_pivot_parallel_2,int,ORGAN_PIPE,794328,2.76559
dual_pivot_parallel_2,int,ORGAN_PIPE,1000000,3.21525
dual_pivot_parallel_2,int,ORGAN_PIPE,1258925,4.16057
dual_pivot_parallel_2,int,ORGAN_PIPE,1584893,5.34098
dual_pivot_parallel_2,int,ORGAN_PIPE,1995262,6.76269
dual_pivot_parallel_2,int,ORGAN_PIPE,2511886,8.65775
dual_pivot_parallel_2,int,ORGAN_PIPE,3162277,11.03540
dual_pivot_parallel_2,int,ORGAN_PIPE,3981071,13.98170
dual_pivot_parallel_2,int,ORGAN_PIPE,5011872,18.36070
dual_pivot_parallel_2,int,ORGAN_PIPE,6309573,22.96650
dual_pivot_parallel_2,int,ORGAN_PIPE,7943282,30.16210
dual_pivot_parallel_2,int,ORGAN_PIPE,10000000,37.99210
dual_pivot_parallel_2,int,RANDOM,1000,0.01593
dual_pivot_parallel_2,int,RANDOM,1259,0.02281
dual_pivot_parallel_2,int,RANDOM,1585,0.03064
dual_pivot_parallel_2,int,RANDOM,1995,0.03768
dual_pivot_parallel_2,int,RANDOM,2512,0.05196
dual_pivot_parallel_2,int,RANDOM,3162,0.07097
dual_pivot_parallel_2,int,RANDOM,3981,0.10116
dual_pivot_parallel_2,int,RANDOM,5012,0.11826
dual_pivot_parallel_2,int,RANDOM,6310,0.15323
dual_pivot_parallel_2,int,RANDOM,7943,0.20270
dual_pivot_parallel_2,int,RANDOM,10000,0.16182
dual_pivot_parallel_2,int,RANDOM,12589,0.24718
dual_pivot_parallel_2,int,RANDOM,15849,0.27093
dual_pivot_parallel_2,int,RANDOM,19953,0.38714
dual_pivot_parallel_2,int,RANDOM,25119,0.44678
dual_pivot_parallel_2,int,RANDOM,31623,0.57555
dual_pivot_parallel_2,int,RANDOM,39811,0.74615
dual_pivot_parallel_2,int,RANDOM,50119,0.89232
dual_pivot_parallel_2,int,RANDOM,63096,1.21036
dual_pivot_parallel_2,int,RANDOM,79433,1.42388
dual_pivot_parallel_2,int,RANDOM,100000,1.87723
dual_pivot_parallel_2,int,RANDOM,125893,2.43121
dual_pivot_parallel_2,int,RANDOM,158489,3.11060
dual_pivot_parallel_2,int,RANDOM,199526,4.05758
dual_pivot_parallel_2,int,RANDOM,251189,4.99847
dual_pivot_parallel_2,int,RANDOM,316228,6.53854
dual_pivot_parallel_2,int,RANDOM,398107,7.86606
dual_pivot_parallel_2,int,RANDOM,501187,10.82830
dual_pivot_parallel_2,int,RANDOM,630957,13.50930
dual_pivot_parallel_2,int,RANDOM,794328,17.55240
dual_pivot_parallel_2,int,RANDOM,1000000,23.67120
dual_pivot_parallel_2,int,RANDOM,1258925,28.84440
dual_pivot_parallel_2,int,RANDOM,1584893,37.12280
dual_pivot_parallel_2,int,RANDOM,1995262,50.65710
dual_pivot_parallel_2,int,RANDOM,2511886,60.62920
dual_pivot_parallel_2,int,RANDOM,3162277,79.50400
dual_pivot_parallel_2,int,RANDOM,3981071,101.22900
dual_pivot_parallel_2,int,RANDOM,5011872,128.29400
dual_pivot_parallel_2,int,RANDOM,6309573,166.15700
dual_pivot_parallel_2,int,RANDOM,7943282,221.73200
dual_pivot_parallel_2,int,RANDOM,10000000,296.28000
dual_pivot_parallel_2,int,REVERSE_SORTED,1000,0.00073
dual_pivot_parallel_2,int,REVERSE_SORTED,1259,0.00090
dual_pivot_parallel_2,int,REVERSE_SORTED,1585,0.00103
dual_pivot_parallel_2,int,REVERSE_SORTED,1995,0.00134
dual_pivot_parallel_2,int,REVERSE_SORTED,2512,0.00140
dual_pivot_parallel_2,int,REVERSE_SORTED,3162,0.00137
dual_pivot_parallel_2,int,REVERSE_SORTED,3981,0.00225
dual_pivot_parallel_2,int,REVERSE_SORTED,5012,0.00228
dual_pivot_parallel_2,int,REVERSE_SORTED,6310,0.00280
dual_pivot_parallel_2,int,REVERSE_SORTED,7943,0.00317
dual_pivot_parallel_2,int,REVERSE_SORTED,10000,0.02192
dual_pivot_parallel_2,int,REVERSE_SORTED,12589,0.02136
dual_pivot_parallel_2,int,REVERSE_SORTED,15849,0.02539
dual_pivot_parallel_2,int,REVERSE_SORTED,19953,0.02844
dual_pivot_parallel_2,int,REVERSE_SORTED,25119,0.03390
dual_pivot_parallel_2,int,REVERSE_SORTED,31623,0.04038
dual_pivot_parallel_2,int,REVERSE_SORTED,39811,0.04527
dual_pivot_parallel_2,int,REVERSE_SORTED,50119,0.05039
dual_pivot_parallel_2,int,REVERSE_SORTED,63096,0.06760
dual_pivot_parallel_2,int,REVERSE_SORTED,79433,0.07599
dual_pivot_parallel_2,int,REVERSE_SORTED,100000,0.09751
dual_pivot_parallel_2,int,REVERSE_SORTED,125893,0.12503
dual_pivot_parallel_2,int,REVERSE_SORTED,158489,0.14944
dual_pivot_parallel_2,int,REVERSE_SORTED,199526,0.17515
dual_pivot_parallel_2,int,REVERSE_SORTED,251189,0.22834
dual_pivot_parallel_2,int,REVERSE_SORTED,316228,0.29746
dual_pivot_parallel_2,int,REVERSE_SORTED,398107,0.37685
dual_pivot_parallel_2,int,REVERSE_SORTED,501187,0.47959
dual_pivot_parallel_2,int,REVERSE_SORTED,630957,0.63940
dual_pivot_parallel_2,int,REVERSE_SORTED,794328,0.80166
dual_pivot_parallel_2,int,REVERSE_SORTED,1000000,1.03275
dual_pivot_parallel_2,int,REVERSE_SORTED,1258925,1.31152
dual_pivot_parallel_2,int,REVERSE_SORTED,1584893,1.68673
dual_pivot_parallel_2,int,REVERSE_SORTED,1995262,2.22159
dual_pivot_parallel_2,int,REVERSE_SORTED,2511886,2.86601
dual_pivot_parallel_2,int,REVERSE_SORTED,3162277,3.66610
dual_pivot_parallel_2,int,REVERSE_SORTED,3981071,4.70429
dual_pivot_parallel_2,int,REVERSE_SORTED,5011872,6.33979
dual_pivot_parallel_2,int,REVERSE_SORTED,6309573,8.04440
dual_pivot_parallel_2,int,REVERSE_SORTED,7943282,10.52090
dual_pivot_parallel_2,int,REVERSE_SORTED,10000000,14.03530
dual_pivot_parallel_2,int,SAWTOOTH,1000,0.00283
dual_pivot_parallel_2,int,SAWTOOTH,1259,0.00364
dual_pivot_parallel_2,int,SAWTOOTH,1585,0.00426
dual_pivot_parallel_2,int,SAWTOOTH,1995,0.00362
dual_pivot_parallel_2,int,SAWTOOTH,2512,0.00490
dual_pivot_parallel_2,int,SAWTOOTH,3162,0.00571
dual_pivot_parallel_2,int,SAWTOOTH,3981,0.00594
dual_pivot_parallel_2,int,SAWTOOTH,5012,0.00887
dual_pivot_parallel_2,int,SAWTOOTH,6310,0.00882
dual_pivot_parallel_2,int,SAWTOOTH,7943,0.01327
dual_pivot_parallel_2,int,SAWTOOTH,10000,0.05659
dual_pivot_parallel_2,int,SAWTOOTH,12589,0.05636
dual_pivot_parallel_2,int,SAWTOOTH,15849,0.08157
dual_pivot_parallel_2,int,SAWTOOTH,19953,0.06223
dual_pivot_parallel_2,int,SAWTOOTH,25119,0.09326
dual_pivot_parallel_2,int,SAWTOOTH,31623,0.08673
dual_pivot_parallel_2,int,SAWTOOTH,39811,0.22369
dual_pivot_parallel_2,int,SAWTOOTH,50119,0.22626
dual_pivot_parallel_2,int,SAWTOOTH,63096,0.23794
dual_pivot_parallel_2,int,SAWTOOTH,79433,0.35147
dual_pivot_parallel_2,int,SAWTOOTH,100000,0.50324
dual_pivot_parallel_2,int,SAWTOOTH,125893,0.46980
dual_pivot_parallel_2,int,SAWTOOTH,158489,0.80633
dual_pivot_parallel_2,int,SAWTOOTH,199526,1.01106
dual_pivot_parallel_2,int,SAWTOOTH,251189,1.07870
dual_pivot_parallel_2,int,SAWTOOTH,316228,1.38591
dual_pivot_parallel_2,int,SAWTOOTH,398107,1.99657
dual_pivot_parallel_2,int,SAWTOOTH,501187,2.21247
dual_pivot_parallel_2,int,SAWTOOTH,630957,3.20780
dual_pivot_parallel_2,int,SAWTOOTH,794328,3.33244
dual_pivot_parallel_2,int,SAWTOOTH,1000000,4.92770
dual_pivot_parallel_2,int,SAWTOOTH,1258925,5.81328
dual_pivot_parallel_2,int,SAWTOOTH,1584893,7.43780
dual_pivot_parallel_2,int,SAWTOOTH,1995262,9.28132
dual_pivot_parallel_2,int,SAWTOOTH,2511886,12.03330
dual_pivot_parallel_2,int,SAWTOOTH,3162277,15.22720
dual_pivot_parallel_2,int,SAWTOOTH,3981071,20.30930
dual_pivot_parallel_2,int,SAWTOOTH,5011872,24.34930
dual_pivot_parallel_2,int,SAWTOOTH,6309573,30.02330
dual_pivot_parallel_2,int,SAWTOOTH,7943282,39.02570
dual_pivot_parallel_2,int,SAWTOOTH,10000000,48.79860
dual_pivot_parallel_4,double,MANY_DUPLICATES_10,1000,0.02268
dual_pivot_parallel_4,double,MANY_DUPLICATES_10,1259,0.01745
dual_pivot_parallel_4,double,MANY_DUPLICATES_10,1585,0.03429
dual_pivot_parallel_4,double,MANY_DUPLICATES_10,1995,0.04642
dual_pivot_parallel_4,double,MANY_DUPLICATES_10,2512,0.04195
dual_pivot_parallel_4,double,MANY_DUPLICATES_10,3162,0.06900
dual_pivot_parallel_4,double,MANY_DUPLICATES_10,3981,0.09965
dual_pivot_parallel_4,double,MANY_DUPLICATES_10,5012,0.13291
dual_pivot_parallel_4,double,MANY_DUPLICATES_10,6310,0.16771
dual_pivot_parallel_4,double,MANY_DUPLICATES_10,7943,0.21779
dual_pivot_parallel_4,double,MANY_DUPLICATES_10,10000,0.22173
dual_pivot_parallel_4,double,MANY_DUPLICATES_10,12589,0.23251
dual_pivot_parallel_4,double,MANY_DUPLICATES_10,15849,0.25471
dual_pivot_parallel_4,double,MANY_DUPLICATES_10,19953,0.26379
dual_pivot_parallel_4,double,MANY_DUPLICATES_10,25119,0.40640
dual_pivot_parallel_4,double,MANY_DUPLICATES_10,31623,0.46433
dual_pivot_parallel_4,double,MANY_DUPLICATES_10,39811,0.51937
dual_pivot_parallel_4,double,MANY_DUPLICATES_10,50119,0.66170
dual_pivot_parallel_4,double,MANY_DUPLICATES_10,63096,0.79469
dual_pivot_parallel_4,double,MANY_DUPLICATES_10,79433,1.02813
dual_pivot_parallel_4,double,MANY_DUPLICATES_10,100000,1.16614
dual_pivot_parallel_4,double,MANY_DUPLICATES_10,125893,1.60512
dual_pivot_parallel_4,double,MANY_DUPLICATES_10,158489,2.03188
dual_pivot_parallel_4,double,MANY_DUPLICATES_10,199526,2.61139
dual_pivot_parallel_4,double,MANY_DUPLICATES_10,251189,3.36807
dual_pivot_parallel_4,double,MANY_DUPLICATES_10,316228,3.94655
dual_pivot_parallel_4,double,MANY_DUPLICATES_10,398107,5.36492
dual_pivot_parallel_4,double,MANY_DUPLICATES_10,501187,7.38079
dual_pivot_parallel_4,double,MANY_DUPLICATES_10,630957,8.60066
dual_pivot_parallel_4,double,MANY_DUPLICATES_10,794328,11.28210
dual_pivot_parallel_4,double,MANY_DUPLICATES_10,1000000,14.04860
dual_pivot_parallel_4,double,MANY_DUPLICATES_10,1258925,18.22460
dual_pivot_parallel_4,double,MANY_DUPLICATES_10,1584893,22.83400
dual_pivot_parallel_4,double,MANY_DUPLICATES_10,1995262,32.80310
dual_pivot_parallel_4,double,MANY_DUPLICATES_10,2511886,42.19380
dual_pivot_parallel_4,double,MANY_DUPLICATES_10,3162277,53.06060
dual_pivot_parallel_4,double,MANY_DUPLICATES_10,3981071,62.31500
dual_pivot_parallel_4,double,MANY_DUPLICATES_10,5011872,77.03650
dual_pivot_parallel_4,double,MANY_DUPLICATES_10,6309573,102.83000
dual_pivot_parallel_4,double,MANY_DUPLICATES_10,7943282,124.26900
dual_pivot_parallel_4,double,MANY_DUPLICATES_10,10000000,168.71100
dual_pivot_parallel_4,double,MANY_DUPLICATES_50,1000,0.02043
dual_pivot_parallel_4,double,MANY_DUPLICATES_50,1259,0.02758
dual_pivot_parallel_4,double,MANY_DUPLICATES_50,1585,0.03216
dual_pivot_parallel_4,double,MANY_DUPLICATES_50,1995,0.04671
dual_pivot_parallel_4,double,MANY_DUPLICATES_50,2512,0.05452
dual_pivot_parallel_4,double,MANY_DUPLICATES_50,3162,0.08168
dual_pivot_parallel_4,double,MANY_DUPLICATES_50,3981,0.09716
dual_pivot_parallel_4,double,MANY_DUPLICATES_50,5012,0.14292
dual_pivot_parallel_4,double,MANY_DUPLICATES_50,6310,0.17213
dual_pivot_parallel_4,double,MANY_DUPLICATES_50,7943,0.22719
dual_pivot_parallel_4,double,MANY_DUPLICATES_50,10000,0.22417
dual_pivot_parallel_4,double,MANY_DUPLICATES_50,12589,0.23453
dual_pivot_parallel_4,double,MANY_DUPLICATES_50,15849,0.26540
dual_pivot_parallel_4,double,MANY_DUPLICATES_50,19953,0.25473
dual_pivot_parallel_4,double,MANY_DUPLICATES_50,25119,0.43045
dual_pivot_parallel_4,double,MANY_DUPLICATES_50,31623,0.46834
dual_pivot_parallel_4,double,MANY_DUPLICATES_50,39811,0.50690
dual_pivot_parallel_4,double,MANY_DUPLICATES_50,50119,0.74931
dual_pivot_parallel_4,double,MANY_DUPLICATES_50,63096,0.78254
dual_pivot_parallel_4,double,MANY_DUPLICATES_50,79433,1.05136
dual_pivot_parallel_4,double,MANY_DUPLICATES_50,100000,1.17637
dual_pivot_parallel_4,double,MANY_DUPLICATES_50,125893,1.62778
dual_pivot_parallel_4,double,MANY_DUPLICATES_50,158489,2.04702
dual_pivot_parallel_4,double,MANY_DUPLICATES_50,199526,2.63436
dual_pivot_parallel_4,double,MANY_DUPLICATES_50,251189,3.61079
dual_pivot_parallel_4,double,MANY_DUPLICATES_50,316228,4.09891
dual_pivot_parallel_4,double,MANY_DUPLICATES_50,398107,5.55163
dual_pivot_parallel_4,double,MANY_DUPLICATES_50,501187,7.21500
dual_pivot_parallel_4,double,MANY_DUPLICATES_50,630957,8.25144
dual_pivot_parallel_4,double,MANY_DUPLICATES_50,794328,11.89340
dual_pivot_parallel_4,double,MANY_DUPLICATES_50,1000000,14.64200
dual_pivot_parallel_4,double,MANY_DUPLICATES_50,1258925,18.52210
dual_pivot_parallel_4,double,MANY_DUPLICATES_50,1584893,23.76900
dual_pivot_parallel_4,double,MANY_DUPLICATES_50,1995262,35.24490
dual_pivot_parallel_4,double,MANY_DUPLICATES_50,2511886,41.88710
dual_pivot_parallel_4,double,MANY_DUPLICATES_50,3162277,53.68190
dual_pivot_parallel_4,double,MANY_DUPLICATES_50,3981071,62.68880
dual_pivot_parallel_4,double,MANY_DUPLICATES_50,5011872,77.02710
dual_pivot_parallel_4,double,MANY_DUPLICATES_50,6309573,103.41900
dual_pivot_parallel_4,double,MANY_DUPLICATES_50,7943282,123.50800
dual_pivot_parallel_4,double,MANY_DUPLICATES_50,10000000,166.19300
dual_pivot_parallel_4,double,MANY_DUPLICATES_90,1000,0.01697
dual_pivot_parallel_4,double,MANY_DUPLICATES_90,1259,0.03030
dual_pivot_parallel_4,double,MANY_DUPLICATES_90,1585,0.03826
dual_pivot_parallel_4,double,MANY_DUPLICATES_90,1995,0.04970
dual_pivot_parallel_4,double,MANY_DUPLICATES_90,2512,0.05608
dual_pivot_parallel_4,double,MANY_DUPLICATES_90,3162,0.07932
dual_pivot_parallel_4,double,MANY_DUPLICATES_90,3981,0.10316
dual_pivot_parallel_4,double,MANY_DUPLICATES_90,5012,0.14157
dual_pivot_parallel_4,double,MANY_DUPLICATES_90,6310,0.17325
dual_pivot_parallel_4,double,MANY_DUPLICATES_90,7943,0.23586
dual_pivot_parallel_4,double,MANY_DUPLICATES_90,10000,0.22728
dual_pivot_parallel_4,double,MANY_DUPLICATES_90,12589,0.22545
dual_pivot_parallel_4,double,MANY_DUPLICATES_90,15849,0.24161
dual_pivot_parallel_4,double,MANY_DUPLICATES_90,19953,0.26506
dual_pivot_parallel_4,double,MANY_DUPLICATES_90,25119,0.40223
dual_pivot_parallel_4,double,MANY_DUPLICATES_90,31623,0.45843
dual_pivot_parallel_4,double,MANY_DUPLICATES_90,39811,0.50690
dual_pivot_parallel_4,double,MANY_DUPLICATES_90,50119,0.63756
dual_pivot_parallel_4,double,MANY_DUPLICATES_90,63096,0.74310
dual_pivot_parallel_4,double,MANY_DUPLICATES_90,79433,1.03217
dual_pivot_parallel_4,double,MANY_DUPLICATES_90,100000,1.17853
dual_pivot_parallel_4,double,MANY_DUPLICATES_90,125893,1.57145
dual_pivot_parallel_4,double,MANY_DUPLICATES_90,158489,2.01630
dual_pivot_parallel_4,double,MANY_DUPLICATES_90,199526,2.54863
dual_pivot_parallel_4,double,MANY_DUPLICATES_90,251189,3.29729
dual_pivot_parallel_4,double,MANY_DUPLICATES_90,316228,3.92662
dual_pivot_parallel_4,double,MANY_DUPLICATES_90,398107,5.28195
dual_pivot_parallel_4,double,MANY_DUPLICATES_90,501187,6.74509
dual_pivot_parallel_4,double,MANY_DUPLICATES_90,630957,8.00870
dual_pivot_parallel_4,double,MANY_DUPLICATES_90,794328,10.58340
dual_pivot_parallel_4,double,MANY_DUPLICATES_90,1000000,13.83640
dual_pivot_parallel_4,double,MANY_DUPLICATES_90,1258925,17.77810
dual_pivot_parallel_4,double,MANY_DUPLICATES_90,1584893,21.85490
dual_pivot_parallel_4,double,MANY_DUPLICATES_90,1995262,33.04580
dual_pivot_parallel_4,double,MANY_DUPLICATES_90,2511886,41.56530
dual_pivot_parallel_4,double,MANY_DUPLICATES_90,3162277,53.05870
dual_pivot_parallel_4,double,MANY_DUPLICATES_90,3981071,64.24420
dual_pivot_parallel_4,double,MANY_DUPLICATES_90,5011872,78.13300
dual_pivot_parallel_4,double,MANY_DUPLICATES_90,6309573,104.65900
dual_pivot_parallel_4,double,MANY_DUPLICATES_90,7943282,123.25000
dual_pivot_parallel_4,double,MANY_DUPLICATES_90,10000000,166.65000
dual_pivot_parallel_4,double,NEARLY_SORTED,1000,0.00968
dual_pivot_parallel_4,double,NEARLY_SORTED,1259,0.01508
dual_pivot_parallel_4,double,NEARLY_SORTED,1585,0.01343
dual_pivot_parallel_4,double,NEARLY_SORTED,1995,0.01704
dual_pivot_parallel_4,double,NEARLY_SORTED,2512,0.03397
dual_pivot_parallel_4,double,NEARLY_SORTED,3162,0.04593
dual_pivot_parallel_4,double,NEARLY_SORTED,3981,0.05792
dual_pivot_parallel_4,double,NEARLY_SORTED,5012,0.07261
dual_pivot_parallel_4,double,NEARLY_SORTED,6310,0.09659
dual_pivot_parallel_4,double,NEARLY_SORTED,7943,0.12791
dual_pivot_parallel_4,double,NEARLY_SORTED,10000,0.10238
dual_pivot_parallel_4,double,NEARLY_SORTED,12589,0.12620
dual_pivot_parallel_4,double,NEARLY_SORTED,15849,0.14910
dual_pivot_parallel_4,double,NEARLY_SORTED,19953,0.19537
dual_pivot_parallel_4,double,NEARLY_SORTED,25119,0.21895
dual_pivot_parallel_4,double,NEARLY_SORTED,31623,0.26703
dual_pivot_parallel_4,double,NEARLY_SORTED,39811,0.28899
dual_pivot_parallel_4,double,NEARLY_SORTED,50119,0.36731
dual_pivot_parallel_4,double,NEARLY_SORTED,63096,0.46285
dual_pivot_parallel_4,double,NEARLY_SORTED,79433,0.58695
dual_pivot_parallel_4,double,NEARLY_SORTED,100000,0.71835
dual_pivot_parallel_4,double,NEARLY_SORTED,125893,0.97109
dual_pivot_parallel_4,double,NEARLY_SORTED,158489,1.19699
dual_pivot_parallel_4,double,NEARLY_SORTED,199526,1.52460
dual_pivot_parallel_4,double,NEARLY_SORTED,251189,1.98431
dual_pivot_parallel_4,double,NEARLY_SORTED,316228,2.50498
dual_pivot_parallel_4,double,NEARLY_SORTED,398107,3.17837
dual_pivot_parallel_4,double,NEARLY_SORTED,501187,3.99131
dual_pivot_parallel_4,double,NEARLY_SORTED,630957,5.23734
dual_pivot_parallel_4,double,NEARLY_SORTED,794328,6.40848
dual_pivot_parallel_4,double,NEARLY_SORTED,1000000,8.42952
dual_pivot_parallel_4,double,NEARLY_SORTED,1258925,10.42050
dual_pivot_parallel_4,double,NEARLY_SORTED,1584893,13.15410
dual_pivot_parallel_4,double,NEARLY_SORTED,1995262,17.29740
dual_pivot_parallel_4,double,NEARLY_SORTED,2511886,22.62360
dual_pivot_parallel_4,double,NEARLY_SORTED,3162277,28.72380
dual_pivot_parallel_4,double,NEARLY_SORTED,3981071,36.38090
dual_pivot_parallel_4,double,NEARLY_SORTED,5011872,47.20000
dual_pivot_parallel_4,double,NEARLY_SORTED,6309573,59.80370
dual_pivot_parallel_4,double,NEARLY_SORTED,7943282,76.99940
dual_pivot_parallel_4,double,NEARLY_SORTED,10000000,98.92940
dual_pivot_parallel_4,double,ORGAN_PIPE,1000,0.00230
dual_pivot_parallel_4,double,ORGAN_PIPE,1259,0.00321
dual_pivot_parallel_4,double,ORGAN_PIPE,1585,0.00381
dual_pivot_parallel_4,double,ORGAN_PIPE,1995,0.00448
dual_pivot_parallel_4,double,ORGAN_PIPE,2512,0.00572
dual_pivot_parallel_4,double,ORGAN_PIPE,3162,0.00707
dual_pivot_parallel_4,double,ORGAN_PIPE,3981,0.00881
dual_pivot_parallel_4,double,ORGAN_PIPE,5012,0.01044
dual_pivot_parallel_4,double,ORGAN_PIPE,6310,0.01285
dual_pivot_parallel_4,double,ORGAN_PIPE,7943,0.01696
dual_pivot_parallel_4,double,ORGAN_PIPE,10000,0.07864
dual_pivot_parallel_4,double,ORGAN_PIPE,12589,0.08394
dual_pivot_parallel_4,double,ORGAN_PIPE,15849,0.10489
dual_pivot_parallel_4,double,ORGAN_PIPE,19953,0.09950
dual_pivot_parallel_4,double,ORGAN_PIPE,25119,0.11299
dual_pivot_parallel_4,double,ORGAN_PIPE,31623,0.13714
dual_pivot_parallel_4,double,ORGAN_PIPE,39811,0.15781
dual_pivot_parallel_4,double,ORGAN_PIPE,50119,0.18531
dual_pivot_parallel_4,double,ORGAN_PIPE,63096,0.21801
dual_pivot_parallel_4,double,ORGAN_PIPE,79433,0.25931
dual_pivot_parallel_4,double,ORGAN_PIPE,100000,0.33083
dual_pivot_parallel_4,double,ORGAN_PIPE,125893,0.43086
dual_pivot_parallel_4,double,ORGAN_PIPE,158489,0.49137
dual_pivot_parallel_4,double,ORGAN_PIPE,199526,0.59522
dual_pivot_parallel_4,double,ORGAN_PIPE,251189,0.75684
dual_pivot_parallel_4,double,ORGAN_PIPE,316228,0.95205
dual_pivot_parallel_4,double,ORGAN_PIPE,398107,1.22248
dual_pivot_parallel_4,double,ORGAN_PIPE,501187,1.50021
dual_pivot_parallel_4,double,ORGAN_PIPE,630957,1.92762
dual_pivot_parallel_4,double,ORGAN_PIPE,794328,2.30973
dual_pivot_parallel_4,double,ORGAN_PIPE,1000000,2.95485
dual_pivot_parallel_4,double,ORGAN_PIPE,1258925,3.95643
dual_pivot_parallel_4,double,ORGAN_PIPE,1584893,5.10901
dual_pivot_parallel_4,double,ORGAN_PIPE,1995262,6.43443
dual_pivot_parallel_4,double,ORGAN_PIPE,2511886,8.69515
dual_pivot_parallel_4,double,ORGAN_PIPE,3162277,11.19160
dual_pivot_parallel_4,double,ORGAN_PIPE,3981071,14.34660
dual_pivot_parallel_4,double,ORGAN_PIPE,5011872,18.95310
dual_pivot_parallel_4,double,ORGAN_PIPE,6309573,23.67740
dual_pivot_parallel_4,double,ORGAN_PIPE,7943282,31.07270
dual_pivot_parallel_4,double,ORGAN_PIPE,10000000,40.73910
dual_pivot_parallel_4,double,RANDOM,1000,0.01775
dual_pivot_parallel_4,double,RANDOM,1259,0.02965
dual_pivot_parallel_4,double,RANDOM,1585,0.03948
dual_pivot_parallel_4,double,RANDOM,1995,0.04782
dual_pivot_parallel_4,double,RANDOM,2512,0.06348
dual_pivot_parallel_4,double,RANDOM,3162,0.08217
dual_pivot_parallel_4,double,RANDOM,3981,0.09711
dual_pivot_parallel_4,double,RANDOM,5012,0.14453
dual_pivot_parallel_4,double,RANDOM,6310,0.17511
dual_pivot_parallel_4,double,RANDOM,7943,0.21994
dual_pivot_parallel_4,double,RANDOM,10000,0.23251
dual_pivot_parallel_4,double,RANDOM,12589,0.25694
dual_pivot_parallel_4,double,RANDOM,15849,0.26672
dual_pivot_parallel_4,double,RANDOM,19953,0.25979
dual_pivot_parallel_4,double,RANDOM,25119,0.42231
dual_pivot_parallel_4,double,RANDOM,31623,0.47485
dual_pivot_parallel_4,double,RANDOM,39811,0.50103
dual_pivot_parallel_4,double,RANDOM,50119,0.64362
dual_pivot_parallel_4,double,RANDOM,63096,0.79617
dual_pivot_parallel_4,double,RANDOM,79433,1.08362
dual_pivot_parallel_4,double,RANDOM,100000,1.19680
dual_pivot_parallel_4,double,RANDOM,125893,1.61812
dual_pivot_parallel_4,double,RANDOM,158489,2.12935
dual_pivot_parallel_4,double,RANDOM,199526,2.58665
dual_pivot_parallel_4,double,RANDOM,251189,3.39941
dual_pivot_parallel_4,double,RANDOM,316228,3.97303
dual_pivot_parallel_4,double,RANDOM,398107,5.41491
dual_pivot_parallel_4,double,RANDOM,501187,7.03545
dual_pivot_parallel_4,double,RANDOM,630957,8.20026
dual_pivot_parallel_4,double,RANDOM,794328,11.31580
dual_pivot_parallel_4,double,RANDOM,1000000,14.13430
dual_pivot_parallel_4,double,RANDOM,1258925,17.93110
dual_pivot_parallel_4,double,RANDOM,1584893,22.66070
dual_pivot_parallel_4,double,RANDOM,1995262,32.91420
dual_pivot_parallel_4,double,RANDOM,2511886,41.34740
dual_pivot_parallel_4,double,RANDOM,3162277,52.74830
dual_pivot_parallel_4,double,RANDOM,3981071,61.97850
dual_pivot_parallel_4,double,RANDOM,5011872,75.63780
dual_pivot_parallel_4,double,RANDOM,6309573,104.91100
dual_pivot_parallel_4,double,RANDOM,7943282,125.69600
dual_pivot_parallel_4,double,RANDOM,10000000,171.86700
dual_pivot_parallel_4,double,REVERSE_SORTED,1000,0.00146
dual_pivot_parallel_4,double,REVERSE_SORTED,1259,0.00179
dual_pivot_parallel_4,double,REVERSE_SORTED,1585,0.00208
dual_pivot_parallel_4,double,REVERSE_SORTED,1995,0.00267
dual_pivot_parallel_4,double,REVERSE_SORTED,2512,0.00333
dual_pivot_parallel_4,double,REVERSE_SORTED,3162,0.00388
dual_pivot_parallel_4,double,REVERSE_SORTED,3981,0.00475
dual_pivot_parallel_4,double,REVERSE_SORTED,5012,0.00620
dual_pivot_parallel_4,double,REVERSE_SORTED,6310,0.00741
dual_pivot_parallel_4,double,REVERSE_SORTED,7943,0.00934
dual_pivot_parallel_4,double,REVERSE_SORTED,10000,0.02182
dual_pivot_parallel_4,double,REVERSE_SORTED,12589,0.02638
dual_pivot_parallel_4,double,REVERSE_SORTED,15849,0.03357
dual_pivot_parallel_4,double,REVERSE_SORTED,19953,0.03691
dual_pivot_parallel_4,double,REVERSE_SORTED,25119,0.03766
dual_pivot_parallel_4,double,REVERSE_SORTED,31623,0.05085
dual_pivot_parallel_4,double,REVERSE_SORTED,39811,0.05080
dual_pivot_parallel_4,double,REVERSE_SORTED,50119,0.06241
dual_pivot_parallel_4,double,REVERSE_SORTED,63096,0.07586
dual_pivot_parallel_4,double,REVERSE_SORTED,79433,0.09281
dual_pivot_parallel_4,double,REVERSE_SORTED,100000,0.12563
dual_pivot_parallel_4,double,REVERSE_SORTED,125893,0.14672
dual_pivot_parallel_4,double,REVERSE_SORTED,158489,0.18922
dual_pivot_parallel_4,double,REVERSE_SORTED,199526,0.22076
dual_pivot_parallel_4,double,REVERSE_SORTED,251189,0.26051
dual_pivot_parallel_4,double,REVERSE_SORTED,316228,0.36467
dual_pivot_parallel_4,double,REVERSE_SORTED,398107,0.42799
dual_pivot_parallel_4,double,REVERSE_SORTED,501187,0.58134
dual_pivot_parallel_4,double,REVERSE_SORTED,630957,0.72328
dual_pivot_parallel_4,double,REVERSE_SORTED,794328,0.90302
dual_pivot_parallel_4,double,REVERSE_SORTED,1000000,1.16345
dual_pivot_parallel_4,double,REVERSE_SORTED,1258925,1.55668
dual_pivot_parallel_4,double,REVERSE_SORTED,1584893,1.98498
dual_pivot_parallel_4,double,REVERSE_SORTED,1995262,2.59250
dual_pivot_parallel_4,double,REVERSE_SORTED,2511886,3.51419
dual_pivot_parallel_4,double,REVERSE_SORTED,3162277,4.42998
dual_pivot_parallel_4,double,REVERSE_SORTED,3981071,5.73983
dual_pivot_parallel_4,double,REVERSE_SORTED,5011872,8.03028
dual_pivot_parallel_4,double,REVERSE_SORTED,6309573,10.16250
dual_pivot_parallel_4,double,REVERSE_SORTED,7943282,13.60730
dual_pivot_parallel_4,double,REVERSE_SORTED,10000000,17.42000
dual_pivot_parallel_4,double,SAWTOOTH,1000,0.00378
dual_pivot_parallel_4,double,SAWTOOTH,1259,0.00428
dual_pivot_parallel_4,double,SAWTOOTH,1585,0.00532
dual_pivot_parallel_4,double,SAWTOOTH,1995,0.00762
dual_pivot_parallel_4,double,SAWTOOTH,2512,0.00828
dual_pivot_parallel_4,double,SAWTOOTH,3162,0.01032
dual_pivot_parallel_4,double,SAWTOOTH,3981,0.00999
dual_pivot_parallel_4,double,SAWTOOTH,5012,0.01363
dual_pivot_parallel_4,double,SAWTOOTH,6310,0.01612
dual_pivot_parallel_4,double,SAWTOOTH,7943,0.02191
dual_pivot_parallel_4,double,SAWTOOTH,10000,0.07056
dual_pivot_parallel_4,double,SAWTOOTH,12589,0.07214
dual_pivot_parallel_4,double,SAWTOOTH,15849,0.06839
dual_pivot_parallel_4,double,SAWTOOTH,19953,0.07942
dual_pivot_parallel_4,double,SAWTOOTH,25119,0.09651
dual_pivot_parallel_4,double,SAWTOOTH,31623,0.10633
dual_pivot_parallel_4,double,SAWTOOTH,39811,0.24393
dual_pivot_parallel_4,double,SAWTOOTH,50119,0.25306
dual_pivot_parallel_4,double,SAWTOOTH,63096,0.23816
dual_pivot_parallel_4,double,SAWTOOTH,79433,0.26778
dual_pivot_parallel_4,double,SAWTOOTH,100000,0.43428
dual_pivot_parallel_4,double,SAWTOOTH,125893,0.42110
dual_pivot_parallel_4,double,SAWTOOTH,158489,0.70898
dual_pivot_parallel_4,double,SAWTOOTH,199526,0.87864
dual_pivot_parallel_4,double,SAWTOOTH,251189,0.93119
dual_pivot_parallel_4,double,SAWTOOTH,316228,1.10358
dual_pivot_parallel_4,double,SAWTOOTH,398107,1.64881
dual_pivot_parallel_4,double,SAWTOOTH,501187,1.96289
dual_pivot_parallel_4,double,SAWTOOTH,630957,2.61912
dual_pivot_parallel_4,double,SAWTOOTH,794328,2.98408
dual_pivot_parallel_4,double,SAWTOOTH,1000000,4.12744
dual_pivot_parallel_4,double,SAWTOOTH,1258925,4.89116
dual_pivot_parallel_4,double,SAWTOOTH,1584893,6.21279
dual_pivot_parallel_4,double,SAWTOOTH,1995262,8.43152
dual_pivot_parallel_4,double,SAWTOOTH,2511886,10.65910
dual_pivot_parallel_4,double,SAWTOOTH,3162277,13.40760
dual_pivot_parallel_4,double,SAWTOOTH,3981071,17.70970
dual_pivot_parallel_4,double,SAWTOOTH,5011872,21.38280
dual_pivot_parallel_4,double,SAWTOOTH,6309573,28.05630
dual_pivot_parallel_4,double,SAWTOOTH,7943282,35.51110
dual_pivot_parallel_4,double,SAWTOOTH,10000000,44.78840
dual_pivot_parallel_4,int,MANY_DUPLICATES_10,1000,0.01414
dual_pivot_parallel_4,int,MANY_DUPLICATES_10,1259,0.02485
dual_pivot_parallel_4,int,MANY_DUPLICATES_10,1585,0.03176
dual_pivot_parallel_4,int,MANY_DUPLICATES_10,1995,0.04290
dual_pivot_parallel_4,int,MANY_DUPLICATES_10,2512,0.05859
dual_pivot_parallel_4,int,MANY_DUPLICATES_10,3162,0.07554
dual_pivot_parallel_4,int,MANY_DUPLICATES_10,3981,0.09832
dual_pivot_parallel_4,int,MANY_DUPLICATES_10,5012,0.12880
dual_pivot_parallel_4,int,MANY_DUPLICATES_10,6310,0.14343
dual_pivot_parallel_4,int,MANY_DUPLICATES_10,7943,0.21449
dual_pivot_parallel_4,int,MANY_DUPLICATES_10,10000,0.16146
dual_pivot_parallel_4,int,MANY_DUPLICATES_10,12589,0.19297
dual_pivot_parallel_4,int,MANY_DUPLICATES_10,15849,0.25179
dual_pivot_parallel_4,int,MANY_DUPLICATES_10,19953,0.25470
dual_pivot_parallel_4,int,MANY_DUPLICATES_10,25119,0.37562
dual_pivot_parallel_4,int,MANY_DUPLICATES_10,31623,0.41890
dual_pivot_parallel_4,int,MANY_DUPLICATES_10,39811,0.51303
dual_pivot_parallel_4,int,MANY_DUPLICATES_10,50119,0.64396
dual_pivot_parallel_4,int,MANY_DUPLICATES_10,63096,0.77054
dual_pivot_parallel_4,int,MANY_DUPLICATES_10,79433,0.95054
dual_pivot_parallel_4,int,MANY_DUPLICATES_10,100000,1.18464
dual_pivot_parallel_4,int,MANY_DUPLICATES_10,125893,1.56651
dual_pivot_parallel_4,int,MANY_DUPLICATES_10,158489,1.81049
dual_pivot_parallel_4,int,MANY_DUPLICATES_10,199526,2.71501
dual_pivot_parallel_4,int,MANY_DUPLICATES_10,251189,3.17637
dual_pivot_parallel_4,int,MANY_DUPLICATES_10,316228,3.62759
dual_pivot_parallel_4,int,MANY_DUPLICATES_10,398107,5.03275
dual_pivot_parallel_4,int,MANY_DUPLICATES_10,501187,5.96420
dual_pivot_parallel_4,int,MANY_DUPLICATES_10,630957,7.85988
dual_pivot_parallel_4,int,MANY_DUPLICATES_10,794328,11.06840
dual_pivot_parallel_4,int,MANY_DUPLICATES_10,1000000,14.62220
dual_pivot_parallel_4,int,MANY_DUPLICATES_10,1258925,17.19390
dual_pivot_parallel_4,int,MANY_DUPLICATES_10,1584893,22.43990
dual_pivot_parallel_4,int,MANY_DUPLICATES_10,1995262,27.57910
dual_pivot_parallel_4,int,MANY_DUPLICATES_10,2511886,36.33320
dual_pivot_parallel_4,int,MANY_DUPLICATES_10,3162277,43.24890
dual_pivot_parallel_4,int,MANY_DUPLICATES_10,3981071,59.32140
dual_pivot_parallel_4,int,MANY_DUPLICATES_10,5011872,72.76100
dual_pivot_parallel_4,int,MANY_DUPLICATES_10,6309573,98.63630
dual_pivot_parallel_4,int,MANY_DUPLICATES_10,7943282,126.67500
dual_pivot_parallel_4,int,MANY_DUPLICATES_10,10000000,173.89000
dual_pivot_parallel_4,int,MANY_DUPLICATES_50,1000,0.01732
dual_pivot_parallel_4,int,MANY_DUPLICATES_50,1259,0.02555
dual_pivot_parallel_4,int,MANY_DUPLICATES_50,1585,0.02827
dual_pivot_parallel_4,int,MANY_DUPLICATES_50,1995,0.04301
dual_pivot_parallel_4,int,MANY_DUPLICATES_50,2512,0.05659
dual_pivot_parallel_4,int,MANY_DUPLICATES_50,3162,0.06889
dual_pivot_parallel_4,int,MANY_DUPLICATES_50,3981,0.09540
dual_pivot_parallel_4,int,MANY_DUPLICATES_50,5012,0.12067
dual_pivot_parallel_4,int,MANY_DUPLICATES_50,6310,0.15474
dual_pivot_parallel_4,int,MANY_DUPLICATES_50,7943,0.22443
dual_pivot_parallel_4,int,MANY_DUPLICATES_50,10000,0.16163
dual_pivot_parallel_4,int,MANY_DUPLICATES_50,12589,0.18205
dual_pivot_parallel_4,int,MANY_DUPLICATES_50,15849,0.27977
dual_pivot_parallel_4,int,MANY_DUPLICATES_50,19953,0.26383
dual_pivot_parallel_4,int,MANY_DUPLICATES_50,25119,0.38848
dual_pivot_parallel_4,int,MANY_DUPLICATES_50,31623,0.42295
dual_pivot_parallel_4,int,MANY_DUPLICATES_50,39811,0.46676
dual_pivot_parallel_4,int,MANY_DUPLICATES_50,50119,0.59261
dual_pivot_parallel_4,int,MANY_DUPLICATES_50,63096,0.74329
dual_pivot_parallel_4,int,MANY_DUPLICATES_50,79433,0.97445
dual_pivot_parallel_4,int,MANY_DUPLICATES_50,100000,1.23479
dual_pivot_parallel_4,int,MANY_DUPLICATES_50,125893,1.45969
dual_pivot_parallel_4,int,MANY_DUPLICATES_50,158489,1.74122
dual_pivot_parallel_4,int,MANY_DUPLICATES_50,199526,2.53373
dual_pivot_parallel_4,int,MANY_DUPLICATES_50,251189,3.05143
dual_pivot_parallel_4,int,MANY_DUPLICATES_50,316228,3.73406
dual_pivot_parallel_4,int,MANY_DUPLICATES_50,398107,5.20065
dual_pivot_parallel_4,int,MANY_DUPLICATES_50,501187,6.01880
dual_pivot_parallel_4,int,MANY_DUPLICATES_50,630957,7.91904
dual_pivot_parallel_4,int,MANY_DUPLICATES_50,794328,10.20540
dual_pivot_parallel_4,int,MANY_DUPLICATES_50,1000000,13.28750
dual_pivot_parallel_4,int,MANY_DUPLICATES_50,1258925,16.57730
dual_pivot_parallel_4,int,MANY_DUPLICATES_50,1584893,21.58090
dual_pivot_parallel_4,int,MANY_DUPLICATES_50,1995262,27.65560
dual_pivot_parallel_4,int,MANY_DUPLICATES_50,2511886,34.92010
dual_pivot_parallel_4,int,MANY_DUPLICATES_50,3162277,46.99070
dual_pivot_parallel_4,int,MANY_DUPLICATES_50,3981071,57.39740
dual_pivot_parallel_4,int,MANY_DUPLICATES_50,5011872,76.34100
dual_pivot_parallel_4,int,MANY_DUPLICATES_50,6309573,101.62000
dual_pivot_parallel_4,int,MANY_DUPLICATES_50,7943282,122.95700
dual_pivot_parallel_4,int,MANY_DUPLICATES_50,10000000,166.31400
dual_pivot_parallel_4,int,MANY_DUPLICATES_90,1000,0.01860
dual_pivot_parallel_4,int,MANY_DUPLICATES_90,1259,0.02727
dual_pivot_parallel_4,int,MANY_DUPLICATES_90,1585,0.03468
dual_pivot_parallel_4,int,MANY_DUPLICATES_90,1995,0.04396
dual_pivot_parallel_4,int,MANY_DUPLICATES_90,2512,0.05741
dual_pivot_parallel_4,int,MANY_DUPLICATES_90,3162,0.07679
dual_pivot_parallel_4,int,MANY_DUPLICATES_90,3981,0.09269
dual_pivot_parallel_4,int,MANY_DUPLICATES_90,5012,0.12791
dual_pivot_parallel_4,int,MANY_DUPLICATES_90,6310,0.16124
dual_pivot_parallel_4,int,MANY_DUPLICATES_90,7943,0.19340
dual_pivot_parallel_4,int,MANY_DUPLICATES_90,10000,0.16166
dual_pivot_parallel_4,int,MANY_DUPLICATES_90,12589,0.20755
dual_pivot_parallel_4,int,MANY_DUPLICATES_90,15849,0.30227
dual_pivot_parallel_4,int,MANY_DUPLICATES_90,19953,0.28156
dual_pivot_parallel_4,int,MANY_DUPLICATES_90,25119,0.39154
dual_pivot_parallel_4,int,MANY_DUPLICATES_90,31623,0.43019
dual_pivot_parallel_4,int,MANY_DUPLICATES_90,39811,0.49909
dual_pivot_parallel_4,int,MANY_DUPLICATES_90,50119,0.63594
dual_pivot_parallel_4,int,MANY_DUPLICATES_90,63096,0.78185
dual_pivot_parallel_4,int,MANY_DUPLICATES_90,79433,0.99734
dual_pivot_parallel_4,int,MANY_DUPLICATES_90,100000,1.18840
dual_pivot_parallel_4,int,MANY_DUPLICATES_90,125893,1.55889
dual_pivot_parallel_4,int,MANY_DUPLICATES_90,158489,1.86206
dual_pivot_parallel_4,int,MANY_DUPLICATES_90,199526,2.38217
dual_pivot_parallel_4,int,MANY_DUPLICATES_90,251189,3.02292
dual_pivot_parallel_4,int,MANY_DUPLICATES_90,316228,3.97110
dual_pivot_parallel_4,int,MANY_DUPLICATES_90,398107,5.09984
dual_pivot_parallel_4,int,MANY_DUPLICATES_90,501187,6.99421
dual_pivot_parallel_4,int,MANY_DUPLICATES_90,630957,8.39869
dual_pivot_parallel_4,int,MANY_DUPLICATES_90,794328,10.65260
dual_pivot_parallel_4,int,MANY_DUPLICATES_90,1000000,13.08780
dual_pivot_parallel_4,int,MANY_DUPLICATES_90,1258925,17.03860
dual_pivot_parallel_4,int,MANY_DUPLICATES_90,1584893,24.64400
dual_pivot_parallel_4,int,MANY_DUPLICATES_90,1995262,30.44560
dual_pivot_parallel_4,int,MANY_DUPLICATES_90,2511886,35.37900
dual_pivot_parallel_4,int,MANY_DUPLICATES_90,3162277,49.31180
dual_pivot_parallel_4,int,MANY_DUPLICATES_90,3981071,64.07450
dual_pivot_parallel_4,int,MANY_DUPLICATES_90,5011872,81.80260
dual_pivot_parallel_4,int,MANY_DUPLICATES_90,6309573,92.46930
dual_pivot_parallel_4,int,MANY_DUPLICATES_90,7943282,119.00300
dual_pivot_parallel_4,int,MANY_DUPLICATES_90,10000000,149.84300
dual_pivot_parallel_4,int,NEARLY_SORTED,1000,0.01153
dual_pivot_parallel_4,int,NEARLY_SORTED,1259,0.01457
dual_pivot_parallel_4,int,NEARLY_SORTED,1585,0.01846
dual_pivot_parallel_4,int,NEARLY_SORTED,1995,0.02232
dual_pivot_parallel_4,int,NEARLY_SORTED,2512,0.03016
dual_pivot_parallel_4,int,NEARLY_SORTED,3162,0.04200
dual_pivot_parallel_4,int,NEARLY_SORTED,3981,0.05879
dual_pivot_parallel_4,int,NEARLY_SORTED,5012,0.07414
dual_pivot_parallel_4,int,NEARLY_SORTED,6310,0.09360
dual_pivot_parallel_4,int,NEARLY_SORTED,7943,0.12157
dual_pivot_parallel_4,int,NEARLY_SORTED,10000,0.08916
dual_pivot_parallel_4,int,NEARLY_SORTED,12589,0.11194
dual_pivot_parallel_4,int,NEARLY_SORTED,15849,0.16290
dual_pivot_parallel_4,int,NEARLY_SORTED,19953,0.16509
dual_pivot_parallel_4,int,NEARLY_SORTED,25119,0.21138
dual_pivot_parallel_4,int,NEARLY_SORTED,31623,0.25265
dual_pivot_parallel_4,int,NEARLY_SORTED,39811,0.24703
dual_pivot_parallel_4,int,NEARLY_SORTED,50119,0.34192
dual_pivot_parallel_4,int,NEARLY_SORTED,63096,0.41618
dual_pivot_parallel_4,int,NEARLY_SORTED,79433,0.51387
dual_pivot_parallel_4,int,NEARLY_SORTED,100000,0.66700
dual_pivot_parallel_4,int,NEARLY_SORTED,125893,0.85789
dual_pivot_parallel_4,int,NEARLY_SORTED,158489,1.06131
dual_pivot_parallel_4,int,NEARLY_SORTED,199526,1.43891
dual_pivot_parallel_4,int,NEARLY_SORTED,251189,1.71817
dual_pivot_parallel_4,int,NEARLY_SORTED,316228,2.15603
dual_pivot_parallel_4,int,NEARLY_SORTED,398107,2.71109
dual_pivot_parallel_4,int,NEARLY_SORTED,501187,3.43888
dual_pivot_parallel_4,int,NEARLY_SORTED,630957,4.38047
dual_pivot_parallel_4,int,NEARLY_SORTED,794328,5.61949
dual_pivot_parallel_4,int,NEARLY_SORTED,1000000,7.04888
dual_pivot_parallel_4,int,NEARLY_SORTED,1258925,9.51933
dual_pivot_parallel_4,int,NEARLY_SORTED,1584893,11.75050
dual_pivot_parallel_4,int,NEARLY_SORTED,1995262,15.39560
dual_pivot_parallel_4,int,NEARLY_SORTED,2511886,20.11410
dual_pivot_parallel_4,int,NEARLY_SORTED,3162277,25.43940
dual_pivot_parallel_4,int,NEARLY_SORTED,3981071,32.39440
dual_pivot_parallel_4,int,NEARLY_SORTED,5011872,42.26440
dual_pivot_parallel_4,int,NEARLY_SORTED,6309573,54.29490
dual_pivot_parallel_4,int,NEARLY_SORTED,7943282,69.74180
dual_pivot_parallel_4,int,NEARLY_SORTED,10000000,91.23880
dual_pivot_parallel_4,int,ORGAN_PIPE,1000,0.00200
dual_pivot_parallel_4,int,ORGAN_PIPE,1259,0.00166
dual_pivot_parallel_4,int,ORGAN_PIPE,1585,0.00197
dual_pivot_parallel_4,int,ORGAN_PIPE,1995,0.00319
dual_pivot_parallel_4,int,ORGAN_PIPE,2512,0.00287
dual_pivot_parallel_4,int,ORGAN_PIPE,3162,0.00313
dual_pivot_parallel_4,int,ORGAN_PIPE,3981,0.00511
dual_pivot_parallel_4,int,ORGAN_PIPE,5012,0.00543
dual_pivot_parallel_4,int,ORGAN_PIPE,6310,0.00698
dual_pivot_parallel_4,int,ORGAN_PIPE,7943,0.00700
dual_pivot_parallel_4,int,ORGAN_PIPE,10000,0.07526
dual_pivot_parallel_4,int,ORGAN_PIPE,12589,0.07432
dual_pivot_parallel_4,int,ORGAN_PIPE,15849,0.08408
dual_pivot_parallel_4,int,ORGAN_PIPE,19953,0.08986
dual_pivot_parallel_4,int,ORGAN_PIPE,25119,0.10640
dual_pivot_parallel_4,int,ORGAN_PIPE,31623,0.11465
dual_pivot_parallel_4,int,ORGAN_PIPE,39811,0.12659
dual_pivot_parallel_4,int,ORGAN_PIPE,50119,0.14642
dual_pivot_parallel_4,int,ORGAN_PIPE,63096,0.16467
dual_pivot_parallel_4,int,ORGAN_PIPE,79433,0.19913
dual_pivot_parallel_4,int,ORGAN_PIPE,100000,0.24753
dual_pivot_parallel_4,int,ORGAN_PIPE,125893,0.30946
dual_pivot_parallel_4,int,ORGAN_PIPE,158489,0.36552
dual_pivot_parallel_4,int,ORGAN_PIPE,199526,0.49009
dual_pivot_parallel_4,int,ORGAN_PIPE,251189,0.57801
dual_pivot_parallel_4,int,ORGAN_PIPE,316228,0.71188
dual_pivot_parallel_4,int,ORGAN_PIPE,398107,0.90646
dual_pivot_parallel_4,int,ORGAN_PIPE,501187,1.10659
dual_pivot_parallel_4,int,ORGAN_PIPE,630957,1.31774
dual_pivot_parallel_4,int,ORGAN_PIPE,794328,1.62749
dual_pivot_parallel_4,int,ORGAN_PIPE,1000000,2.09630
dual_pivot_parallel_4,int,ORGAN_PIPE,1258925,2.71421
dual_pivot_parallel_4,int,ORGAN_PIPE,1584893,3.45015
dual_pivot_parallel_4,int,ORGAN_PIPE,1995262,4.42429
dual_pivot_parallel_4,int,ORGAN_PIPE,2511886,5.52849
dual_pivot_parallel_4,int,ORGAN_PIPE,3162277,7.35348
dual_pivot_parallel_4,int,ORGAN_PIPE,3981071,9.22849
dual_pivot_parallel_4,int,ORGAN_PIPE,5011872,12.10250
dual_pivot_parallel_4,int,ORGAN_PIPE,6309573,16.18270
dual_pivot_parallel_4,int,ORGAN_PIPE,7943282,19.73880
dual_pivot_parallel_4,int,ORGAN_PIPE,10000000,25.75530
dual_pivot_parallel_4,int,RANDOM,1000,0.01896
dual_pivot_parallel_4,int,RANDOM,1259,0.02571
dual_pivot_parallel_4,int,RANDOM,1585,0.03512
dual_pivot_parallel_4,int,RANDOM,1995,0.04685
dual_pivot_parallel_4,int,RANDOM,2512,0.05509
dual_pivot_parallel_4,int,RANDOM,3162,0.07384
dual_pivot_parallel_4,int,RANDOM,3981,0.09752
dual_pivot_parallel_4,int,RANDOM,5012,0.12682
dual_pivot_parallel_4,int,RANDOM,6310,0.15535
dual_pivot_parallel_4,int,RANDOM,7943,0.21449
dual_pivot_parallel_4,int,RANDOM,10000,0.16140
dual_pivot_parallel_4,int,RANDOM,12589,0.20874
dual_pivot_parallel_4,int,RANDOM,15849,0.29155
dual_pivot_parallel_4,int,RANDOM,19953,0.26527
dual_pivot_parallel_4,int,RANDOM,25119,0.39968
dual_pivot_parallel_4,int,RANDOM,31623,0.40692
dual_pivot_parallel_4,int,RANDOM,39811,0.49969
dual_pivot_parallel_4,int,RANDOM,50119,0.58978
dual_pivot_parallel_4,int,RANDOM,63096,0.82682
dual_pivot_parallel_4,int,RANDOM,79433,0.93867
dual_pivot_parallel_4,int,RANDOM,100000,1.21818
dual_pivot_parallel_4,int,RANDOM,125893,1.59781
dual_pivot_parallel_4,int,RANDOM,158489,2.00800
dual_pivot_parallel_4,int,RANDOM,199526,2.55601
dual_pivot_parallel_4,int,RANDOM,251189,3.26884
dual_pivot_parallel_4,int,RANDOM,316228,4.15290
dual_pivot_parallel_4,int,RANDOM,398107,5.18175
dual_pivot_parallel_4,int,RANDOM,501187,7.60691
dual_pivot_parallel_4,int,RANDOM,630957,8.57250
dual_pivot_parallel_4,int,RANDOM,794328,11.51710
dual_pivot_parallel_4,int,RANDOM,1000000,13.78230
dual_pivot_parallel_4,int,RANDOM,1258925,17.67710
dual_pivot_parallel_4,int,RANDOM,1584893,21.71050
dual_pivot_parallel_4,int,RANDOM,1995262,31.25320
dual_pivot_parallel_4,int,RANDOM,2511886,36.64050
dual_pivot_parallel_4,int,RANDOM,3162277,48.42890
dual_pivot_parallel_4,int,RANDOM,3981071,59.96670
dual_pivot_parallel_4,int,RANDOM,5011872,73.63530
dual_pivot_parallel_4,int,RANDOM,6309573,95.55510
dual_pivot_parallel_4,int,RANDOM,7943282,128.99100
dual_pivot_parallel_4,int,RANDOM,10000000,158.19500
dual_pivot_parallel_4,int,REVERSE_SORTED,1000,0.00065
dual_pivot_parallel_4,int,REVERSE_SORTED,1259,0.00085
dual_pivot_parallel_4,int,REVERSE_SORTED,1585,0.00105
dual_pivot_parallel_4,int,REVERSE_SORTED,1995,0.00130
dual_pivot_parallel_4,int,REVERSE_SORTED,2512,0.00138
dual_pivot_parallel_4,int,REVERSE_SORTED,3162,0.00180
dual_pivot_parallel_4,int,REVERSE_SORTED,3981,0.00171
dual_pivot_parallel_4,int,REVERSE_SORTED,5012,0.00226
dual_pivot_parallel_4,int,REVERSE_SORTED,6310,0.00322
dual_pivot_parallel_4,int,REVERSE_SORTED,7943,0.00318
dual_pivot_parallel_4,int,REVERSE_SORTED,10000,0.02389
dual_pivot_parallel_4,int,REVERSE_SORTED,12589,0.02532
dual_pivot_parallel_4,int,REVERSE_SORTED,15849,0.02878
dual_pivot_parallel_4,int,REVERSE_SORTED,19953,0.02272
dual_pivot_parallel_4,int,REVERSE_SORTED,25119,0.02797
dual_pivot_parallel_4,int,REVERSE_SORTED,31623,0.04248
dual_pivot_parallel_4,int,REVERSE_SORTED,39811,0.04340
dual_pivot_parallel_4,int,REVERSE_SORTED,50119,0.04835
dual_pivot_parallel_4,int,REVERSE_SORTED,63096,0.06124
dual_pivot_parallel_4,int,REVERSE_SORTED,79433,0.06873
dual_pivot_parallel_4,int,REVERSE_SORTED,100000,0.08755
dual_pivot_parallel_4,int,REVERSE_SORTED,125893,0.10584
dual_pivot_parallel_4,int,REVERSE_SORTED,158489,0.13876
dual_pivot_parallel_4,int,REVERSE_SORTED,199526,0.16161
dual_pivot_parallel_4,int,REVERSE_SORTED,251189,0.19930
dual_pivot_parallel_4,int,REVERSE_SORTED,316228,0.24729
dual_pivot_parallel_4,int,REVERSE_SORTED,398107,0.32483
dual_pivot_parallel_4,int,REVERSE_SORTED,501187,0.41868
dual_pivot_parallel_4,int,REVERSE_SORTED,630957,0.54229
dual_pivot_parallel_4,int,REVERSE_SORTED,794328,0.65552
dual_pivot_parallel_4,int,REVERSE_SORTED,1000000,0.82357
dual_pivot_parallel_4,int,REVERSE_SORTED,1258925,1.07660
dual_pivot_parallel_4,int,REVERSE_SORTED,1584893,1.33890
dual_pivot_parallel_4,int,REVERSE_SORTED,1995262,1.73370
dual_pivot_parallel_4,int,REVERSE_SORTED,2511886,2.31472
dual_pivot_parallel_4,int,REVERSE_SORTED,3162277,2.86281
dual_pivot_parallel_4,int,REVERSE_SORTED,3981071,3.55630
dual_pivot_parallel_4,int,REVERSE_SORTED,5011872,4.78448
dual_pivot_parallel_4,int,REVERSE_SORTED,6309573,6.07077
dual_pivot_parallel_4,int,REVERSE_SORTED,7943282,7.88951
dual_pivot_parallel_4,int,REVERSE_SORTED,10000000,10.18670
dual_pivot_parallel_4,int,SAWTOOTH,1000,0.00205
dual_pivot_parallel_4,int,SAWTOOTH,1259,0.00248
dual_pivot_parallel_4,int,SAWTOOTH,1585,0.00391
dual_pivot_parallel_4,int,SAWTOOTH,1995,0.00445
dual_pivot_parallel_4,int,SAWTOOTH,2512,0.00475
dual_pivot_parallel_4,int,SAWTOOTH,3162,0.00529
dual_pivot_parallel_4,int,SAWTOOTH,3981,0.00645
dual_pivot_parallel_4,int,SAWTOOTH,5012,0.00704
dual_pivot_parallel_4,int,SAWTOOTH,6310,0.00905
dual_pivot_parallel_4,int,SAWTOOTH,7943,0.01093
dual_pivot_parallel_4,int,SAWTOOTH,10000,0.07767
dual_pivot_parallel_4,int,SAWTOOTH,12589,0.06536
dual_pivot_parallel_4,int,SAWTOOTH,15849,0.07284
dual_pivot_parallel_4,int,SAWTOOTH,19953,0.06122
dual_pivot_parallel_4,int,SAWTOOTH,25119,0.08932
dual_pivot_parallel_4,int,SAWTOOTH,31623,0.08872
dual_pivot_parallel_4,int,SAWTOOTH,39811,0.21479
dual_pivot_parallel_4,int,SAWTOOTH,50119,0.23586
dual_pivot_parallel_4,int,SAWTOOTH,63096,0.22325
dual_pivot_parallel_4,int,SAWTOOTH,79433,0.22303
dual_pivot_parallel_4,int,SAWTOOTH,100000,0.40383
dual_pivot_parallel_4,int,SAWTOOTH,125893,0.36469
dual_pivot_parallel_4,int,SAWTOOTH,158489,0.57584
dual_pivot_parallel_4,int,SAWTOOTH,199526,0.72363
dual_pivot_parallel_4,int,SAWTOOTH,251189,0.78502
dual_pivot_parallel_4,int,SAWTOOTH,316228,0.93457
dual_pivot_parallel_4,int,SAWTOOTH,398107,1.27264
dual_pivot_parallel_4,int,SAWTOOTH,501187,1.41806
dual_pivot_parallel_4,int,SAWTOOTH,630957,1.99807
dual_pivot_parallel_4,int,SAWTOOTH,794328,2.37658
dual_pivot_parallel_4,int,SAWTOOTH,1000000,3.22413
dual_pivot_parallel_4,int,SAWTOOTH,1258925,3.92453
dual_pivot_parallel_4,int,SAWTOOTH,1584893,4.70038
dual_pivot_parallel_4,int,SAWTOOTH,1995262,5.93969
dual_pivot_parallel_4,int,SAWTOOTH,2511886,7.57012
dual_pivot_parallel_4,int,SAWTOOTH,3162277,9.52561
dual_pivot_parallel_4,int,SAWTOOTH,3981071,12.75920
dual_pivot_parallel_4,int,SAWTOOTH,5011872,15.35360
dual_pivot_parallel_4,int,SAWTOOTH,6309573,20.19260
dual_pivot_parallel_4,int,SAWTOOTH,7943282,26.35140
dual_pivot_parallel_4,int,SAWTOOTH,10000000,30.85740
dual_pivot_parallel_8,double,MANY_DUPLICATES_10,1000,0.01172
dual_pivot_parallel_8,double,MANY_DUPLICATES_10,1259,0.02500
dual_pivot_parallel_8,double,MANY_DUPLICATES_10,1585,0.03355
dual_pivot_parallel_8,double,MANY_DUPLICATES_10,1995,0.04752
dual_pivot_parallel_8,double,MANY_DUPLICATES_10,2512,0.06207
dual_pivot_parallel_8,double,MANY_DUPLICATES_10,3162,0.08820
dual_pivot_parallel_8,double,MANY_DUPLICATES_10,3981,0.09878
dual_pivot_parallel_8,double,MANY_DUPLICATES_10,5012,0.13638
dual_pivot_parallel_8,double,MANY_DUPLICATES_10,6310,0.16763
dual_pivot_parallel_8,double,MANY_DUPLICATES_10,7943,0.21956
dual_pivot_parallel_8,double,MANY_DUPLICATES_10,10000,0.25531
dual_pivot_parallel_8,double,MANY_DUPLICATES_10,12589,0.26157
dual_pivot_parallel_8,double,MANY_DUPLICATES_10,15849,0.30123
dual_pivot_parallel_8,double,MANY_DUPLICATES_10,19953,0.31219
dual_pivot_parallel_8,double,MANY_DUPLICATES_10,25119,0.45315
dual_pivot_parallel_8,double,MANY_DUPLICATES_10,31623,0.47526
dual_pivot_parallel_8,double,MANY_DUPLICATES_10,39811,0.52549
dual_pivot_parallel_8,double,MANY_DUPLICATES_10,50119,0.70404
dual_pivot_parallel_8,double,MANY_DUPLICATES_10,63096,0.85169
dual_pivot_parallel_8,double,MANY_DUPLICATES_10,79433,0.93724
dual_pivot_parallel_8,double,MANY_DUPLICATES_10,100000,1.12362
dual_pivot_parallel_8,double,MANY_DUPLICATES_10,125893,1.37224
dual_pivot_parallel_8,double,MANY_DUPLICATES_10,158489,1.70449
dual_pivot_parallel_8,double,MANY_DUPLICATES_10,199526,2.21203
dual_pivot_parallel_8,double,MANY_DUPLICATES_10,251189,3.07332
dual_pivot_parallel_8,double,MANY_DUPLICATES_10,316228,3.28451
dual_pivot_parallel_8,double,MANY_DUPLICATES_10,398107,4.76950
dual_pivot_parallel_8,double,MANY_DUPLICATES_10,501187,6.30074
dual_pivot_parallel_8,double,MANY_DUPLICATES_10,630957,7.33211
dual_pivot_parallel_8,double,MANY_DUPLICATES_10,794328,8.89437
dual_pivot_parallel_8,double,MANY_DUPLICATES_10,1000000,12.00200
dual_pivot_parallel_8,double,MANY_DUPLICATES_10,1258925,15.48800
dual_pivot_parallel_8,double,MANY_DUPLICATES_10,1584893,17.62390
dual_pivot_parallel_8,double,MANY_DUPLICATES_10,1995262,28.61620
dual_pivot_parallel_8,double,MANY_DUPLICATES_10,2511886,33.37300
dual_pivot_parallel_8,double,MANY_DUPLICATES_10,3162277,41.55970
dual_pivot_parallel_8,double,MANY_DUPLICATES_10,3981071,47.77280
dual_pivot_parallel_8,double,MANY_DUPLICATES_10,5011872,65.33290
dual_pivot_parallel_8,double,MANY_DUPLICATES_10,6309573,82.59120
dual_pivot_parallel_8,double,MANY_DUPLICATES_10,7943282,94.78910
dual_pivot_parallel_8,double,MANY_DUPLICATES_10,10000000,131.81900
dual_pivot_parallel_8,double,MANY_DUPLICATES_50,1000,0.01846
dual_pivot_parallel_8,double,MANY_DUPLICATES_50,1259,0.01680
dual_pivot_parallel_8,double,MANY_DUPLICATES_50,1585,0.03659
dual_pivot_parallel_8,double,MANY_DUPLICATES_50,1995,0.04868
dual_pivot_parallel_8,double,MANY_DUPLICATES_50,2512,0.06282
dual_pivot_parallel_8,double,MANY_DUPLICATES_50,3162,0.08400
dual_pivot_parallel_8,double,MANY_DUPLICATES_50,3981,0.10318
dual_pivot_parallel_8,double,MANY_DUPLICATES_50,5012,0.13457
dual_pivot_parallel_8,double,MANY_DUPLICATES_50,6310,0.16877
dual_pivot_parallel_8,double,MANY_DUPLICATES_50,7943,0.21991
dual_pivot_parallel_8,double,MANY_DUPLICATES_50,10000,0.26819
dual_pivot_parallel_8,double,MANY_DUPLICATES_50,12589,0.26028
dual_pivot_parallel_8,double,MANY_DUPLICATES_50,15849,0.30161
dual_pivot_parallel_8,double,MANY_DUPLICATES_50,19953,0.29845
dual_pivot_parallel_8,double,MANY_DUPLICATES_50,25119,0.46375
dual_pivot_parallel_8,double,MANY_DUPLICATES_50,31623,0.46593
dual_pivot_parallel_8,double,MANY_DUPLICATES_50,39811,0.52523
dual_pivot_parallel_8,double,MANY_DUPLICATES_50,50119,0.63854
dual_pivot_parallel_8,double,MANY_DUPLICATES_50,63096,0.77951
dual_pivot_parallel_8,double,MANY_DUPLICATES_50,79433,0.89967
dual_pivot_parallel_8,double,MANY_DUPLICATES_50,100000,1.08818
dual_pivot_parallel_8,double,MANY_DUPLICATES_50,125893,1.36991
dual_pivot_parallel_8,double,MANY_DUPLICATES_50,158489,1.64555
dual_pivot_parallel_8,double,MANY_DUPLICATES_50,199526,1.98638
dual_pivot_parallel_8,double,MANY_DUPLICATES_50,251189,2.75290
dual_pivot_parallel_8,double,MANY_DUPLICATES_50,316228,3.09943
dual_pivot_parallel_8,double,MANY_DUPLICATES_50,398107,4.45722
dual_pivot_parallel_8,double,MANY_DUPLICATES_50,501187,5.54713
dual_pivot_parallel_8,double,MANY_DUPLICATES_50,630957,7.16734
dual_pivot_parallel_8,double,MANY_DUPLICATES_50,794328,8.94608
dual_pivot_parallel_8,double,MANY_DUPLICATES_50,1000000,12.32890
dual_pivot_parallel_8,double,MANY_DUPLICATES_50,1258925,15.71000
dual_pivot_parallel_8,double,MANY_DUPLICATES_50,1584893,17.98720
dual_pivot_parallel_8,double,MANY_DUPLICATES_50,1995262,26.74700
dual_pivot_parallel_8,double,MANY_DUPLICATES_50,2511886,33.02830
dual_pivot_parallel_8,double,MANY_DUPLICATES_50,3162277,40.48280
dual_pivot_parallel_8,double,MANY_DUPLICATES_50,3981071,47.88910
dual_pivot_parallel_8,double,MANY_DUPLICATES_50,5011872,69.07020
dual_pivot_parallel_8,double,MANY_DUPLICATES_50,6309573,85.31710
dual_pivot_parallel_8,double,MANY_DUPLICATES_50,7943282,97.23750
dual_pivot_parallel_8,double,MANY_DUPLICATES_50,10000000,134.86800
dual_pivot_parallel_8,double,MANY_DUPLICATES_90,1000,0.01577
dual_pivot_parallel_8,double,MANY_DUPLICATES_90,1259,0.02058
dual_pivot_parallel_8,double,MANY_DUPLICATES_90,1585,0.04124
dual_pivot_parallel_8,double,MANY_DUPLICATES_90,1995,0.04841
dual_pivot_parallel_8,double,MANY_DUPLICATES_90,2512,0.05971
dual_pivot_parallel_8,double,MANY_DUPLICATES_90,3162,0.08351
dual_pivot_parallel_8,double,MANY_DUPLICATES_90,3981,0.10858
dual_pivot_parallel_8,double,MANY_DUPLICATES_90,5012,0.14003
dual_pivot_parallel_8,double,MANY_DUPLICATES_90,6310,0.17696
dual_pivot_parallel_8,double,MANY_DUPLICATES_90,7943,0.22062
dual_pivot_parallel_8,double,MANY_DUPLICATES_90,10000,0.25653
dual_pivot_parallel_8,double,MANY_DUPLICATES_90,12589,0.26184
dual_pivot_parallel_8,double,MANY_DUPLICATES_90,15849,0.28883
dual_pivot_parallel_8,double,MANY_DUPLICATES_90,19953,0.30373
dual_pivot_parallel_8,double,MANY_DUPLICATES_90,25119,0.44186
dual_pivot_parallel_8,double,MANY_DUPLICATES_90,31623,0.48474
dual_pivot_parallel_8,double,MANY_DUPLICATES_90,39811,0.51133
dual_pivot_parallel_8,double,MANY_DUPLICATES_90,50119,0.64134
dual_pivot_parallel_8,double,MANY_DUPLICATES_90,63096,0.77267
dual_pivot_parallel_8,double,MANY_DUPLICATES_90,79433,0.89971
dual_pivot_parallel_8,double,MANY_DUPLICATES_90,100000,1.11213
dual_pivot_parallel_8,double,MANY_DUPLICATES_90,125893,1.41815
dual_pivot_parallel_8,double,MANY_DUPLICATES_90,158489,1.60733
dual_pivot_parallel_8,double,MANY_DUPLICATES_90,199526,1.99726
dual_pivot_parallel_8,double,MANY_DUPLICATES_90,251189,2.77325
dual_pivot_parallel_8,double,MANY_DUPLICATES_90,316228,3.07411
dual_pivot_parallel_8,double,MANY_DUPLICATES_90,398107,4.42181
dual_pivot_parallel_8,double,MANY_DUPLICATES_90,501187,5.84923
dual_pivot_parallel_8,double,MANY_DUPLICATES_90,630957,7.14463
dual_pivot_parallel_8,double,MANY_DUPLICATES_90,794328,8.72986
dual_pivot_parallel_8,double,MANY_DUPLICATES_90,1000000,11.87680
dual_pivot_parallel_8,double,MANY_DUPLICATES_90,1258925,14.77360
dual_pivot_parallel_8,double,MANY_DUPLICATES_90,1584893,17.51560
dual_pivot_parallel_8,double,MANY_DUPLICATES_90,1995262,26.26910
dual_pivot_parallel_8,double,MANY_DUPLICATES_90,2511886,32.67440
dual_pivot_parallel_8,double,MANY_DUPLICATES_90,3162277,40.25880
dual_pivot_parallel_8,double,MANY_DUPLICATES_90,3981071,47.95540
dual_pivot_parallel_8,double,MANY_DUPLICATES_90,5011872,65.22620
dual_pivot_parallel_8,double,MANY_DUPLICATES_90,6309573,81.52060
dual_pivot_parallel_8,double,MANY_DUPLICATES_90,7943282,94.39180
dual_pivot_parallel_8,double,MANY_DUPLICATES_90,10000000,133.71000
dual_pivot_parallel_8,double,NEARLY_SORTED,1000,0.00862
dual_pivot_parallel_8,double,NEARLY_SORTED,1259,0.01088
dual_pivot_parallel_8,double,NEARLY_SORTED,1585,0.01718
dual_pivot_parallel_8,double,NEARLY_SORTED,1995,0.01861
dual_pivot_parallel_8,double,NEARLY_SORTED,2512,0.03355
dual_pivot_parallel_8,double,NEARLY_SORTED,3162,0.04074
dual_pivot_parallel_8,double,NEARLY_SORTED,3981,0.06535
dual_pivot_parallel_8,double,NEARLY_SORTED,5012,0.08080
dual_pivot_parallel_8,double,NEARLY_SORTED,6310,0.10144
dual_pivot_parallel_8,double,NEARLY_SORTED,7943,0.13005
dual_pivot_parallel_8,double,NEARLY_SORTED,10000,0.11948
dual_pivot_parallel_8,double,NEARLY_SORTED,12589,0.14693
dual_pivot_parallel_8,double,NEARLY_SORTED,15849,0.16619
dual_pivot_parallel_8,double,NEARLY_SORTED,19953,0.22070
dual_pivot_parallel_8,double,NEARLY_SORTED,25119,0.16563
dual_pivot_parallel_8,double,NEARLY_SORTED,31623,0.22736
dual_pivot_parallel_8,double,NEARLY_SORTED,39811,0.26026
dual_pivot_parallel_8,double,NEARLY_SORTED,50119,0.30540
dual_pivot_parallel_8,double,NEARLY_SORTED,63096,0.34534
dual_pivot_parallel_8,double,NEARLY_SORTED,79433,0.44949
dual_pivot_parallel_8,double,NEARLY_SORTED,100000,0.54769
dual_pivot_parallel_8,double,NEARLY_SORTED,125893,0.71353
dual_pivot_parallel_8,double,NEARLY_SORTED,158489,0.92593
dual_pivot_parallel_8,double,NEARLY_SORTED,199526,1.07998
dual_pivot_parallel_8,double,NEARLY_SORTED,251189,1.40879
dual_pivot_parallel_8,double,NEARLY_SORTED,316228,1.74683
dual_pivot_parallel_8,double,NEARLY_SORTED,398107,2.37694
dual_pivot_parallel_8,double,NEARLY_SORTED,501187,2.95492
dual_pivot_parallel_8,double,NEARLY_SORTED,630957,3.74113
dual_pivot_parallel_8,double,NEARLY_SORTED,794328,4.64095
dual_pivot_parallel_8,double,NEARLY_SORTED,1000000,6.23228
dual_pivot_parallel_8,double,NEARLY_SORTED,1258925,7.49344
dual_pivot_parallel_8,double,NEARLY_SORTED,1584893,9.42843
dual_pivot_parallel_8,double,NEARLY_SORTED,1995262,12.47110
dual_pivot_parallel_8,double,NEARLY_SORTED,2511886,16.24280
dual_pivot_parallel_8,double,NEARLY_SORTED,3162277,21.86220
dual_pivot_parallel_8,double,NEARLY_SORTED,3981071,25.31800
dual_pivot_parallel_8,double,NEARLY_SORTED,5011872,34.68640
dual_pivot_parallel_8,double,NEARLY_SORTED,6309573,43.84090
dual_pivot_parallel_8,double,NEARLY_SORTED,7943282,55.10620
dual_pivot_parallel_8,double,NEARLY_SORTED,10000000,73.76240
dual_pivot_parallel_8,double,ORGAN_PIPE,1000,0.00222
dual_pivot_parallel_8,double,ORGAN_PIPE,1259,0.00361
dual_pivot_parallel_8,double,ORGAN_PIPE,1585,0.00308
dual_pivot_parallel_8,double,ORGAN_PIPE,1995,0.00429
dual_pivot_parallel_8,double,ORGAN_PIPE,2512,0.00487
dual_pivot_parallel_8,double,ORGAN_PIPE,3162,0.00641
dual_pivot_parallel_8,double,ORGAN_PIPE,3981,0.00718
dual_pivot_parallel_8,double,ORGAN_PIPE,5012,0.00936
dual_pivot_parallel_8,double,ORGAN_PIPE,6310,0.01587
dual_pivot_parallel_8,double,ORGAN_PIPE,7943,0.01530
dual_pivot_parallel_8,double,ORGAN_PIPE,10000,0.10095
dual_pivot_parallel_8,double,ORGAN_PIPE,12589,0.10710
dual_pivot_parallel_8,double,ORGAN_PIPE,15849,0.11999
dual_pivot_parallel_8,double,ORGAN_PIPE,19953,0.14106
dual_pivot_parallel_8,double,ORGAN_PIPE,25119,0.15934
dual_pivot_parallel_8,double,ORGAN_PIPE,31623,0.18064
dual_pivot_parallel_8,double,ORGAN_PIPE,39811,0.17974
dual_pivot_parallel_8,double,ORGAN_PIPE,50119,0.21074
dual_pivot_parallel_8,double,ORGAN_PIPE,63096,0.26488
dual_pivot_parallel_8,double,ORGAN_PIPE,79433,0.29055
dual_pivot_parallel_8,double,ORGAN_PIPE,100000,0.35880
dual_pivot_parallel_8,double,ORGAN_PIPE,125893,0.39844
dual_pivot_parallel_8,double,ORGAN_PIPE,158489,0.49234
dual_pivot_parallel_8,double,ORGAN_PIPE,199526,0.58434
dual_pivot_parallel_8,double,ORGAN_PIPE,251189,0.77444
dual_pivot_parallel_8,double,ORGAN_PIPE,316228,0.99978
dual_pivot_parallel_8,double,ORGAN_PIPE,398107,1.22646
dual_pivot_parallel_8,double,ORGAN_PIPE,501187,1.50221
dual_pivot_parallel_8,double,ORGAN_PIPE,630957,1.84223
dual_pivot_parallel_8,double,ORGAN_PIPE,794328,2.35812
dual_pivot_parallel_8,double,ORGAN_PIPE,1000000,2.88710
dual_pivot_parallel_8,double,ORGAN_PIPE,1258925,3.63210
dual_pivot_parallel_8,double,ORGAN_PIPE,1584893,4.60864
dual_pivot_parallel_8,double,ORGAN_PIPE,1995262,6.21192
dual_pivot_parallel_8,double,ORGAN_PIPE,2511886,7.70846
dual_pivot_parallel_8,double,ORGAN_PIPE,3162277,11.54310
dual_pivot_parallel_8,double,ORGAN_PIPE,3981071,13.00050
dual_pivot_parallel_8,double,ORGAN_PIPE,5011872,17.15250
dual_pivot_parallel_8,double,ORGAN_PIPE,6309573,22.07230
dual_pivot_parallel_8,double,ORGAN_PIPE,7943282,28.69420
dual_pivot_parallel_8,double,ORGAN_PIPE,10000000,36.72070
dual_pivot_parallel_8,double,RANDOM,1000,0.02078
dual_pivot_parallel_8,double,RANDOM,1259,0.01946
dual_pivot_parallel_8,double,RANDOM,1585,0.03718
dual_pivot_parallel_8,double,RANDOM,1995,0.04661
dual_pivot_parallel_8,double,RANDOM,2512,0.06389
dual_pivot_parallel_8,double,RANDOM,3162,0.08229
dual_pivot_parallel_8,double,RANDOM,3981,0.10367
dual_pivot_parallel_8,double,RANDOM,5012,0.14803
dual_pivot_parallel_8,double,RANDOM,6310,0.16612
dual_pivot_parallel_8,double,RANDOM,7943,0.23265
dual_pivot_parallel_8,double,RANDOM,10000,0.27360
dual_pivot_parallel_8,double,RANDOM,12589,0.27543
dual_pivot_parallel_8,double,RANDOM,15849,0.32679
dual_pivot_parallel_8,double,RANDOM,19953,0.30789
dual_pivot_parallel_8,double,RANDOM,25119,0.46609
dual_pivot_parallel_8,double,RANDOM,31623,0.47093
dual_pivot_parallel_8,double,RANDOM,39811,0.51711
dual_pivot_parallel_8,double,RANDOM,50119,0.63450
dual_pivot_parallel_8,double,RANDOM,63096,0.78624
dual_pivot_parallel_8,double,RANDOM,79433,0.96497
dual_pivot_parallel_8,double,RANDOM,100000,1.11830
dual_pivot_parallel_8,double,RANDOM,125893,1.44282
dual_pivot_parallel_8,double,RANDOM,158489,1.61857
dual_pivot_parallel_8,double,RANDOM,199526,2.04878
dual_pivot_parallel_8,double,RANDOM,251189,2.73085
dual_pivot_parallel_8,double,RANDOM,316228,3.41263
dual_pivot_parallel_8,double,RANDOM,398107,4.77324
dual_pivot_parallel_8,double,RANDOM,501187,6.12409
dual_pivot_parallel_8,double,RANDOM,630957,7.37741
dual_pivot_parallel_8,double,RANDOM,794328,8.87899
dual_pivot_parallel_8,double,RANDOM,1000000,12.18080
dual_pivot_parallel_8,double,RANDOM,1258925,15.03750
dual_pivot_parallel_8,double,RANDOM,1584893,17.42150
dual_pivot_parallel_8,double,RANDOM,1995262,26.40160
dual_pivot_parallel_8,double,RANDOM,2511886,32.55660
dual_pivot_parallel_8,double,RANDOM,3162277,40.54850
dual_pivot_parallel_8,double,RANDOM,3981071,49.81110
dual_pivot_parallel_8,double,RANDOM,5011872,65.25430
dual_pivot_parallel_8,double,RANDOM,6309573,82.81780
dual_pivot_parallel_8,double,RANDOM,7943282,96.93650
dual_pivot_parallel_8,double,RANDOM,10000000,135.77200
dual_pivot_parallel_8,double,REVERSE_SORTED,1000,0.00172
dual_pivot_parallel_8,double,REVERSE_SORTED,1259,0.00167
dual_pivot_parallel_8,double,REVERSE_SORTED,1585,0.00189
dual_pivot_parallel_8,double,REVERSE_SORTED,1995,0.00262
dual_pivot_parallel_8,double,REVERSE_SORTED,2512,0.00312
dual_pivot_parallel_8,double,REVERSE_SORTED,3162,0.00417
dual_pivot_parallel_8,double,REVERSE_SORTED,3981,0.00540
dual_pivot_parallel_8,double,REVERSE_SORTED,5012,0.00616
dual_pivot_parallel_8,double,REVERSE_SORTED,6310,0.00748
dual_pivot_parallel_8,double,REVERSE_SORTED,7943,0.00915
dual_pivot_parallel_8,double,REVERSE_SORTED,10000,0.02841
dual_pivot_parallel_8,double,REVERSE_SORTED,12589,0.03639
dual_pivot_parallel_8,double,REVERSE_SORTED,15849,0.02925
dual_pivot_parallel_8,double,REVERSE_SORTED,19953,0.03209
dual_pivot_parallel_8,double,REVERSE_SORTED,25119,0.04889
dual_pivot_parallel_8,double,REVERSE_SORTED,31623,0.05615
dual_pivot_parallel_8,double,REVERSE_SORTED,39811,0.05589
dual_pivot_parallel_8,double,REVERSE_SORTED,50119,0.06988
dual_pivot_parallel_8,double,REVERSE_SORTED,63096,0.08699
dual_pivot_parallel_8,double,REVERSE_SORTED,79433,0.10366
dual_pivot_parallel_8,double,REVERSE_SORTED,100000,0.12248
dual_pivot_parallel_8,double,REVERSE_SORTED,125893,0.15202
dual_pivot_parallel_8,double,REVERSE_SORTED,158489,0.19698
dual_pivot_parallel_8,double,REVERSE_SORTED,199526,0.23841
dual_pivot_parallel_8,double,REVERSE_SORTED,251189,0.30090
dual_pivot_parallel_8,double,REVERSE_SORTED,316228,0.38317
dual_pivot_parallel_8,double,REVERSE_SORTED,398107,0.47207
dual_pivot_parallel_8,double,REVERSE_SORTED,501187,0.58520
dual_pivot_parallel_8,double,REVERSE_SORTED,630957,0.75316
dual_pivot_parallel_8,double,REVERSE_SORTED,794328,0.95590
dual_pivot_parallel_8,double,REVERSE_SORTED,1000000,1.20211
dual_pivot_parallel_8,double,REVERSE_SORTED,1258925,1.49758
dual_pivot_parallel_8,double,REVERSE_SORTED,1584893,1.94399
dual_pivot_parallel_8,double,REVERSE_SORTED,1995262,2.46765
dual_pivot_parallel_8,double,REVERSE_SORTED,2511886,3.37746
dual_pivot_parallel_8,double,REVERSE_SORTED,3162277,4.21708
dual_pivot_parallel_8,double,REVERSE_SORTED,3981071,5.50197
dual_pivot_parallel_8,double,REVERSE_SORTED,5011872,6.97629
dual_pivot_parallel_8,double,REVERSE_SORTED,6309573,8.89147
dual_pivot_parallel_8,double,REVERSE_SORTED,7943282,11.61860
dual_pivot_parallel_8,double,REVERSE_SORTED,10000000,14.92330
dual_pivot_parallel_8,double,SAWTOOTH,1000,0.00511
dual_pivot_parallel_8,double,SAWTOOTH,1259,0.00410
dual_pivot_parallel_8,double,SAWTOOTH,1585,0.00476
dual_pivot_parallel_8,double,SAWTOOTH,1995,0.00631
dual_pivot_parallel_8,double,SAWTOOTH,2512,0.00892
dual_pivot_parallel_8,double,SAWTOOTH,3162,0.01033
dual_pivot_parallel_8,double,SAWTOOTH,3981,0.01195
dual_pivot_parallel_8,double,SAWTOOTH,5012,0.01469
dual_pivot_parallel_8,double,SAWTOOTH,6310,0.01771
dual_pivot_parallel_8,double,SAWTOOTH,7943,0.02353
dual_pivot_parallel_8,double,SAWTOOTH,10000,0.08530
dual_pivot_parallel_8,double,SAWTOOTH,12589,0.08596
dual_pivot_parallel_8,double,SAWTOOTH,15849,0.10930
dual_pivot_parallel_8,double,SAWTOOTH,19953,0.09169
dual_pivot_parallel_8,double,SAWTOOTH,25119,0.10996
dual_pivot_parallel_8,double,SAWTOOTH,31623,0.13170
dual_pivot_parallel_8,double,SAWTOOTH,39811,0.27945
dual_pivot_parallel_8,double,SAWTOOTH,50119,0.33749
dual_pivot_parallel_8,double,SAWTOOTH,63096,0.26582
dual_pivot_parallel_8,double,SAWTOOTH,79433,0.28529
dual_pivot_parallel_8,double,SAWTOOTH,100000,0.44115
dual_pivot_parallel_8,double,SAWTOOTH,125893,0.42112
dual_pivot_parallel_8,double,SAWTOOTH,158489,0.65030
dual_pivot_parallel_8,double,SAWTOOTH,199526,0.75323
dual_pivot_parallel_8,double,SAWTOOTH,251189,0.75882
dual_pivot_parallel_8,double,SAWTOOTH,316228,0.88932
dual_pivot_parallel_8,double,SAWTOOTH,398107,1.24525
dual_pivot_parallel_8,double,SAWTOOTH,501187,1.42688
dual_pivot_parallel_8,double,SAWTOOTH,630957,2.09959
dual_pivot_parallel_8,double,SAWTOOTH,794328,2.23766
dual_pivot_parallel_8,double,SAWTOOTH,1000000,3.28623
dual_pivot_parallel_8,double,SAWTOOTH,1258925,3.70462
dual_pivot_parallel_8,double,SAWTOOTH,1584893,4.76970
dual_pivot_parallel_8,double,SAWTOOTH,1995262,6.79190
dual_pivot_parallel_8,double,SAWTOOTH,2511886,7.21370
dual_pivot_parallel_8,double,SAWTOOTH,3162277,8.76264
dual_pivot_parallel_8,double,SAWTOOTH,3981071,12.98760
dual_pivot_parallel_8,double,SAWTOOTH,5011872,18.00700
dual_pivot_parallel_8,double,SAWTOOTH,6309573,20.91000
dual_pivot_parallel_8,double,SAWTOOTH,7943282,29.63080
dual_pivot_parallel_8,double,SAWTOOTH,10000000,35.45940
dual_pivot_parallel_8,int,MANY_DUPLICATES_10,1000,0.01572
dual_pivot_parallel_8,int,MANY_DUPLICATES_10,1259,0.02816
dual_pivot_parallel_8,int,MANY_DUPLICATES_10,1585,0.03600
dual_pivot_parallel_8,int,MANY_DUPLICATES_10,1995,0.04622
dual_pivot_parallel_8,int,MANY_DUPLICATES_10,2512,0.05450
dual_pivot_parallel_8,int,MANY_DUPLICATES_10,3162,0.07190
dual_pivot_parallel_8,int,MANY_DUPLICATES_10,3981,0.10390
dual_pivot_parallel_8,int,MANY_DUPLICATES_10,5012,0.11694
dual_pivot_parallel_8,int,MANY_DUPLICATES_10,6310,0.15389
dual_pivot_parallel_8,int,MANY_DUPLICATES_10,7943,0.21638
dual_pivot_parallel_8,int,MANY_DUPLICATES_10,10000,0.17007
dual_pivot_parallel_8,int,MANY_DUPLICATES_10,12589,0.21666
dual_pivot_parallel_8,int,MANY_DUPLICATES_10,15849,0.30751
dual_pivot_parallel_8,int,MANY_DUPLICATES_10,19953,0.31690
dual_pivot_parallel_8,int,MANY_DUPLICATES_10,25119,0.40077
dual_pivot_parallel_8,int,MANY_DUPLICATES_10,31623,0.42493
dual_pivot_parallel_8,int,MANY_DUPLICATES_10,39811,0.48318
dual_pivot_parallel_8,int,MANY_DUPLICATES_10,50119,0.62948
dual_pivot_parallel_8,int,MANY_DUPLICATES_10,63096,0.72888
dual_pivot_parallel_8,int,MANY_DUPLICATES_10,79433,0.88049
dual_pivot_parallel_8,int,MANY_DUPLICATES_10,100000,1.06943
dual_pivot_parallel_8,int,MANY_DUPLICATES_10,125893,1.42553
dual_pivot_parallel_8,int,MANY_DUPLICATES_10,158489,1.59741
dual_pivot_parallel_8,int,MANY_DUPLICATES_10,199526,2.09699
dual_pivot_parallel_8,int,MANY_DUPLICATES_10,251189,2.47575
dual_pivot_parallel_8,int,MANY_DUPLICATES_10,316228,3.40895
dual_pivot_parallel_8,int,MANY_DUPLICATES_10,398107,3.96269
dual_pivot_parallel_8,int,MANY_DUPLICATES_10,501187,5.10763
dual_pivot_parallel_8,int,MANY_DUPLICATES_10,630957,6.41554
dual_pivot_parallel_8,int,MANY_DUPLICATES_10,794328,8.60645
dual_pivot_parallel_8,int,MANY_DUPLICATES_10,1000000,11.07970
dual_pivot_parallel_8,int,MANY_DUPLICATES_10,1258925,13.38310
dual_pivot_parallel_8,int,MANY_DUPLICATES_10,1584893,17.48940
dual_pivot_parallel_8,int,MANY_DUPLICATES_10,1995262,22.83050
dual_pivot_parallel_8,int,MANY_DUPLICATES_10,2511886,29.08530
dual_pivot_parallel_8,int,MANY_DUPLICATES_10,3162277,35.26900
dual_pivot_parallel_8,int,MANY_DUPLICATES_10,3981071,46.78080
dual_pivot_parallel_8,int,MANY_DUPLICATES_10,5011872,57.00920
dual_pivot_parallel_8,int,MANY_DUPLICATES_10,6309573,75.23790
dual_pivot_parallel_8,int,MANY_DUPLICATES_10,7943282,98.73360
dual_pivot_parallel_8,int,MANY_DUPLICATES_10,10000000,130.33800
dual_pivot_parallel_8,int,MANY_DUPLICATES_50,1000,0.01798
dual_pivot_parallel_8,int,MANY_DUPLICATES_50,1259,0.02411
dual_pivot_parallel_8,int,MANY_DUPLICATES_50,1585,0.03118
dual_pivot_parallel_8,int,MANY_DUPLICATES_50,1995,0.04458
dual_pivot_parallel_8,int,MANY_DUPLICATES_50,2512,0.05836
dual_pivot_parallel_8,int,MANY_DUPLICATES_50,3162,0.06999
dual_pivot_parallel_8,int,MANY_DUPLICATES_50,3981,0.08351
dual_pivot_parallel_8,int,MANY_DUPLICATES_50,5012,0.11777
dual_pivot_parallel_8,int,MANY_DUPLICATES_50,6310,0.16051
dual_pivot_parallel_8,int,MANY_DUPLICATES_50,7943,0.19395
dual_pivot_parallel_8,int,MANY_DUPLICATES_50,10000,0.19361
dual_pivot_parallel_8,int,MANY_DUPLICATES_50,12589,0.21639
dual_pivot_parallel_8,int,MANY_DUPLICATES_50,15849,0.32510
dual_pivot_parallel_8,int,MANY_DUPLICATES_50,19953,0.30790
dual_pivot_parallel_8,int,MANY_DUPLICATES_50,25119,0.38420
dual_pivot_parallel_8,int,MANY_DUPLICATES_50,31623,0.40898
dual_pivot_parallel_8,int,MANY_DUPLICATES_50,39811,0.52525
dual_pivot_parallel_8,int,MANY_DUPLICATES_50,50119,0.64572
dual_pivot_parallel_8,int,MANY_DUPLICATES_50,63096,0.82478
dual_pivot_parallel_8,int,MANY_DUPLICATES_50,79433,0.96434
dual_pivot_parallel_8,int,MANY_DUPLICATES_50,100000,1.06120
dual_pivot_parallel_8,int,MANY_DUPLICATES_50,125893,1.22951
dual_pivot_parallel_8,int,MANY_DUPLICATES_50,158489,1.65560
dual_pivot_parallel_8,int,MANY_DUPLICATES_50,199526,2.02024
dual_pivot_parallel_8,int,MANY_DUPLICATES_50,251189,2.43472
dual_pivot_parallel_8,int,MANY_DUPLICATES_50,316228,3.08409
dual_pivot_parallel_8,int,MANY_DUPLICATES_50,398107,4.11683
dual_pivot_parallel_8,int,MANY_DUPLICATES_50,501187,4.92196
dual_pivot_parallel_8,int,MANY_DUPLICATES_50,630957,6.21270
dual_pivot_parallel_8,int,MANY_DUPLICATES_50,794328,8.47660
dual_pivot_parallel_8,int,MANY_DUPLICATES_50,1000000,10.86990
dual_pivot_parallel_8,int,MANY_DUPLICATES_50,1258925,14.91190
dual_pivot_parallel_8,int,MANY_DUPLICATES_50,1584893,16.80560
dual_pivot_parallel_8,int,MANY_DUPLICATES_50,1995262,21.68710
dual_pivot_parallel_8,int,MANY_DUPLICATES_50,2511886,27.87730
dual_pivot_parallel_8,int,MANY_DUPLICATES_50,3162277,35.99210
dual_pivot_parallel_8,int,MANY_DUPLICATES_50,3981071,46.11660
dual_pivot_parallel_8,int,MANY_DUPLICATES_50,5011872,55.77000
dual_pivot_parallel_8,int,MANY_DUPLICATES_50,6309573,77.77970
dual_pivot_parallel_8,int,MANY_DUPLICATES_50,7943282,91.86650
dual_pivot_parallel_8,int,MANY_DUPLICATES_50,10000000,127.27500
dual_pivot_parallel_8,int,MANY_DUPLICATES_90,1000,0.01561
dual_pivot_parallel_8,int,MANY_DUPLICATES_90,1259,0.02399
dual_pivot_parallel_8,int,MANY_DUPLICATES_90,1585,0.03160
dual_pivot_parallel_8,int,MANY_DUPLICATES_90,1995,0.04683
dual_pivot_parallel_8,int,MANY_DUPLICATES_90,2512,0.05065
dual_pivot_parallel_8,int,MANY_DUPLICATES_90,3162,0.06831
dual_pivot_parallel_8,int,MANY_DUPLICATES_90,3981,0.08283
dual_pivot_parallel_8,int,MANY_DUPLICATES_90,5012,0.11622
dual_pivot_parallel_8,int,MANY_DUPLICATES_90,6310,0.14680
dual_pivot_parallel_8,int,MANY_DUPLICATES_90,7943,0.19665
dual_pivot_parallel_8,int,MANY_DUPLICATES_90,10000,0.18933
dual_pivot_parallel_8,int,MANY_DUPLICATES_90,12589,0.24426
dual_pivot_parallel_8,int,MANY_DUPLICATES_90,15849,0.33366
dual_pivot_parallel_8,int,MANY_DUPLICATES_90,19953,0.32059
dual_pivot_parallel_8,int,MANY_DUPLICATES_90,25119,0.38161
dual_pivot_parallel_8,int,MANY_DUPLICATES_90,31623,0.44174
dual_pivot_parallel_8,int,MANY_DUPLICATES_90,39811,0.52194
dual_pivot_parallel_8,int,MANY_DUPLICATES_90,50119,0.65086
dual_pivot_parallel_8,int,MANY_DUPLICATES_90,63096,0.77613
dual_pivot_parallel_8,int,MANY_DUPLICATES_90,79433,0.80396
dual_pivot_parallel_8,int,MANY_DUPLICATES_90,100000,1.03561
dual_pivot_parallel_8,int,MANY_DUPLICATES_90,125893,1.39122
dual_pivot_parallel_8,int,MANY_DUPLICATES_90,158489,1.67935
dual_pivot_parallel_8,int,MANY_DUPLICATES_90,199526,1.99233
dual_pivot_parallel_8,int,MANY_DUPLICATES_90,251189,2.35939
dual_pivot_parallel_8,int,MANY_DUPLICATES_90,316228,2.98946
dual_pivot_parallel_8,int,MANY_DUPLICATES_90,398107,4.44919
dual_pivot_parallel_8,int,MANY_DUPLICATES_90,501187,5.41137
dual_pivot_parallel_8,int,MANY_DUPLICATES_90,630957,6.82032
dual_pivot_parallel_8,int,MANY_DUPLICATES_90,794328,8.73114
dual_pivot_parallel_8,int,MANY_DUPLICATES_90,1000000,10.81800
dual_pivot_parallel_8,int,MANY_DUPLICATES_90,1258925,14.38460
dual_pivot_parallel_8,int,MANY_DUPLICATES_90,1584893,18.65940
dual_pivot_parallel_8,int,MANY_DUPLICATES_90,1995262,23.25350
dual_pivot_parallel_8,int,MANY_DUPLICATES_90,2511886,27.61190
dual_pivot_parallel_8,int,MANY_DUPLICATES_90,3162277,38.15660
dual_pivot_parallel_8,int,MANY_DUPLICATES_90,3981071,47.73200
dual_pivot_parallel_8,int,MANY_DUPLICATES_90,5011872,60.84860
dual_pivot_parallel_8,int,MANY_DUPLICATES_90,6309573,70.66460
dual_pivot_parallel_8,int,MANY_DUPLICATES_90,7943282,94.66910
dual_pivot_parallel_8,int,MANY_DUPLICATES_90,10000000,119.48100
dual_pivot_parallel_8,int,NEARLY_SORTED,1000,0.01103
dual_pivot_parallel_8,int,NEARLY_SORTED,1259,0.01410
dual_pivot_parallel_8,int,NEARLY_SORTED,1585,0.01406
dual_pivot_parallel_8,int,NEARLY_SORTED,1995,0.02434
dual_pivot_parallel_8,int,NEARLY_SORTED,2512,0.03289
dual_pivot_parallel_8,int,NEARLY_SORTED,3162,0.04395
dual_pivot_parallel_8,int,NEARLY_SORTED,3981,0.05157
dual_pivot_parallel_8,int,NEARLY_SORTED,5012,0.07007
dual_pivot_parallel_8,int,NEARLY_SORTED,6310,0.08241
dual_pivot_parallel_8,int,NEARLY_SORTED,7943,0.11834
dual_pivot_parallel_8,int,NEARLY_SORTED,10000,0.11693
dual_pivot_parallel_8,int,NEARLY_SORTED,12589,0.13176
dual_pivot_parallel_8,int,NEARLY_SORTED,15849,0.16719
dual_pivot_parallel_8,int,NEARLY_SORTED,19953,0.19534
dual_pivot_parallel_8,int,NEARLY_SORTED,25119,0.16398
dual_pivot_parallel_8,int,NEARLY_SORTED,31623,0.21048
dual_pivot_parallel_8,int,NEARLY_SORTED,39811,0.25260
dual_pivot_parallel_8,int,NEARLY_SORTED,50119,0.30950
dual_pivot_parallel_8,int,NEARLY_SORTED,63096,0.33731
dual_pivot_parallel_8,int,NEARLY_SORTED,79433,0.39460
dual_pivot_parallel_8,int,NEARLY_SORTED,100000,0.52899
dual_pivot_parallel_8,int,NEARLY_SORTED,125893,0.68272
dual_pivot_parallel_8,int,NEARLY_SORTED,158489,0.81739
dual_pivot_parallel_8,int,NEARLY_SORTED,199526,1.03297
dual_pivot_parallel_8,int,NEARLY_SORTED,251189,1.32819
dual_pivot_parallel_8,int,NEARLY_SORTED,316228,1.65496
dual_pivot_parallel_8,int,NEARLY_SORTED,398107,2.27969
dual_pivot_parallel_8,int,NEARLY_SORTED,501187,2.69641
dual_pivot_parallel_8,int,NEARLY_SORTED,630957,3.60570
dual_pivot_parallel_8,int,NEARLY_SORTED,794328,4.50016
dual_pivot_parallel_8,int,NEARLY_SORTED,1000000,5.86408
dual_pivot_parallel_8,int,NEARLY_SORTED,1258925,7.08806
dual_pivot_parallel_8,int,NEARLY_SORTED,1584893,8.63277
dual_pivot_parallel_8,int,NEARLY_SORTED,1995262,11.59280
dual_pivot_parallel_8,int,NEARLY_SORTED,2511886,14.90830
dual_pivot_parallel_8,int,NEARLY_SORTED,3162277,18.25650
dual_pivot_parallel_8,int,NEARLY_SORTED,3981071,22.76580
dual_pivot_parallel_8,int,NEARLY_SORTED,5011872,30.42250
dual_pivot_parallel_8,int,NEARLY_SORTED,6309573,39.57960
dual_pivot_parallel_8,int,NEARLY_SORTED,7943282,48.94100
dual_pivot_parallel_8,int,NEARLY_SORTED,10000000,63.41480
dual_pivot_parallel_8,int,ORGAN_PIPE,1000,0.00212
dual_pivot_parallel_8,int,ORGAN_PIPE,1259,0.00159
dual_pivot_parallel_8,int,ORGAN_PIPE,1585,0.00234
dual_pivot_parallel_8,int,ORGAN_PIPE,1995,0.00237
dual_pivot_parallel_8,int,ORGAN_PIPE,2512,0.00281
dual_pivot_parallel_8,int,ORGAN_PIPE,3162,0.00381
dual_pivot_parallel_8,int,ORGAN_PIPE,3981,0.00472
dual_pivot_parallel_8,int,ORGAN_PIPE,5012,0.00513
dual_pivot_parallel_8,int,ORGAN_PIPE,6310,0.00572
dual_pivot_parallel_8,int,ORGAN_PIPE,7943,0.00649
dual_pivot_parallel_8,int,ORGAN_PIPE,10000,0.08388
dual_pivot_parallel_8,int,ORGAN_PIPE,12589,0.08470
dual_pivot_parallel_8,int,ORGAN_PIPE,15849,0.10077
dual_pivot_parallel_8,int,ORGAN_PIPE,19953,0.11114
dual_pivot_parallel_8,int,ORGAN_PIPE,25119,0.12544
dual_pivot_parallel_8,int,ORGAN_PIPE,31623,0.13123
dual_pivot_parallel_8,int,ORGAN_PIPE,39811,0.17523
dual_pivot_parallel_8,int,ORGAN_PIPE,50119,0.17571
dual_pivot_parallel_8,int,ORGAN_PIPE,63096,0.18283
dual_pivot_parallel_8,int,ORGAN_PIPE,79433,0.22574
dual_pivot_parallel_8,int,ORGAN_PIPE,100000,0.27208
dual_pivot_parallel_8,int,ORGAN_PIPE,125893,0.33606
dual_pivot_parallel_8,int,ORGAN_PIPE,158489,0.40008
dual_pivot_parallel_8,int,ORGAN_PIPE,199526,0.47548
dual_pivot_parallel_8,int,ORGAN_PIPE,251189,0.58683
dual_pivot_parallel_8,int,ORGAN_PIPE,316228,0.69386
dual_pivot_parallel_8,int,ORGAN_PIPE,398107,0.84772
dual_pivot_parallel_8,int,ORGAN_PIPE,501187,1.15519
dual_pivot_parallel_8,int,ORGAN_PIPE,630957,1.28784
dual_pivot_parallel_8,int,ORGAN_PIPE,794328,1.85553
dual_pivot_parallel_8,int,ORGAN_PIPE,1000000,2.18493
dual_pivot_parallel_8,int,ORGAN_PIPE,1258925,2.82939
dual_pivot_parallel_8,int,ORGAN_PIPE,1584893,3.49107
dual_pivot_parallel_8,int,ORGAN_PIPE,1995262,4.45179
dual_pivot_parallel_8,int,ORGAN_PIPE,2511886,5.49897
dual_pivot_parallel_8,int,ORGAN_PIPE,3162277,6.85898
dual_pivot_parallel_8,int,ORGAN_PIPE,3981071,8.84143
dual_pivot_parallel_8,int,ORGAN_PIPE,5011872,11.56300
dual_pivot_parallel_8,int,ORGAN_PIPE,6309573,15.41090
dual_pivot_parallel_8,int,ORGAN_PIPE,7943282,18.49920
dual_pivot_parallel_8,int,ORGAN_PIPE,10000000,24.23560
dual_pivot_parallel_8,int,RANDOM,1000,0.01398
dual_pivot_parallel_8,int,RANDOM,1259,0.02303
dual_pivot_parallel_8,int,RANDOM,1585,0.02967
dual_pivot_parallel_8,int,RANDOM,1995,0.03821
dual_pivot_parallel_8,int,RANDOM,2512,0.05769
dual_pivot_parallel_8,int,RANDOM,3162,0.06812
dual_pivot_parallel_8,int,RANDOM,3981,0.08997
dual_pivot_parallel_8,int,RANDOM,5012,0.12271
dual_pivot_parallel_8,int,RANDOM,6310,0.14972
dual_pivot_parallel_8,int,RANDOM,7943,0.20475
dual_pivot_parallel_8,int,RANDOM,10000,0.16659
dual_pivot_parallel_8,int,RANDOM,12589,0.23957
dual_pivot_parallel_8,int,RANDOM,15849,0.31646
dual_pivot_parallel_8,int,RANDOM,19953,0.30180
dual_pivot_parallel_8,int,RANDOM,25119,0.36529
dual_pivot_parallel_8,int,RANDOM,31623,0.41015
dual_pivot_parallel_8,int,RANDOM,39811,0.53694
dual_pivot_parallel_8,int,RANDOM,50119,0.59218
dual_pivot_parallel_8,int,RANDOM,63096,0.80273
dual_pivot_parallel_8,int,RANDOM,79433,0.81710
dual_pivot_parallel_8,int,RANDOM,100000,1.13046
dual_pivot_parallel_8,int,RANDOM,125893,1.29466
dual_pivot_parallel_8,int,RANDOM,158489,1.59096
dual_pivot_parallel_8,int,RANDOM,199526,2.06950
dual_pivot_parallel_8,int,RANDOM,251189,2.46670
dual_pivot_parallel_8,int,RANDOM,316228,3.03995
dual_pivot_parallel_8,int,RANDOM,398107,3.83440
dual_pivot_parallel_8,int,RANDOM,501187,4.99812
dual_pivot_parallel_8,int,RANDOM,630957,6.25486
dual_pivot_parallel_8,int,RANDOM,794328,8.81694
dual_pivot_parallel_8,int,RANDOM,1000000,11.10990
dual_pivot_parallel_8,int,RANDOM,1258925,13.39480
dual_pivot_parallel_8,int,RANDOM,1584893,17.46390
dual_pivot_parallel_8,int,RANDOM,1995262,23.29470
dual_pivot_parallel_8,int,RANDOM,2511886,28.40690
dual_pivot_parallel_8,int,RANDOM,3162277,36.91890
dual_pivot_parallel_8,int,RANDOM,3981071,40.81640
dual_pivot_parallel_8,int,RANDOM,5011872,58.43570
dual_pivot_parallel_8,int,RANDOM,6309573,74.70370
dual_pivot_parallel_8,int,RANDOM,7943282,98.26120
dual_pivot_parallel_8,int,RANDOM,10000000,120.12000
dual_pivot_parallel_8,int,REVERSE_SORTED,1000,0.00060
dual_pivot_parallel_8,int,REVERSE_SORTED,1259,0.00075
dual_pivot_parallel_8,int,REVERSE_SORTED,1585,0.00113
dual_pivot_parallel_8,int,REVERSE_SORTED,1995,0.00101
dual_pivot_parallel_8,int,REVERSE_SORTED,2512,0.00156
dual_pivot_parallel_8,int,REVERSE_SORTED,3162,0.00174
dual_pivot_parallel_8,int,REVERSE_SORTED,3981,0.00202
dual_pivot_parallel_8,int,REVERSE_SORTED,5012,0.00289
dual_pivot_parallel_8,int,REVERSE_SORTED,6310,0.00267
dual_pivot_parallel_8,int,REVERSE_SORTED,7943,0.00351
dual_pivot_parallel_8,int,REVERSE_SORTED,10000,0.02558
dual_pivot_parallel_8,int,REVERSE_SORTED,12589,0.02858
dual_pivot_parallel_8,int,REVERSE_SORTED,15849,0.02687
dual_pivot_parallel_8,int,REVERSE_SORTED,19953,0.02878
dual_pivot_parallel_8,int,REVERSE_SORTED,25119,0.04063
dual_pivot_parallel_8,int,REVERSE_SORTED,31623,0.04777
dual_pivot_parallel_8,int,REVERSE_SORTED,39811,0.03239
dual_pivot_parallel_8,int,REVERSE_SORTED,50119,0.05367
dual_pivot_parallel_8,int,REVERSE_SORTED,63096,0.07372
dual_pivot_parallel_8,int,REVERSE_SORTED,79433,0.07587
dual_pivot_parallel_8,int,REVERSE_SORTED,100000,0.10154
dual_pivot_parallel_8,int,REVERSE_SORTED,125893,0.11512
dual_pivot_parallel_8,int,REVERSE_SORTED,158489,0.14068
dual_pivot_parallel_8,int,REVERSE_SORTED,199526,0.17013
dual_pivot_parallel_8,int,REVERSE_SORTED,251189,0.18609
dual_pivot_parallel_8,int,REVERSE_SORTED,316228,0.24956
dual_pivot_parallel_8,int,REVERSE_SORTED,398107,0.30521
dual_pivot_parallel_8,int,REVERSE_SORTED,501187,0.39807
dual_pivot_parallel_8,int,REVERSE_SORTED,630957,0.48697
dual_pivot_parallel_8,int,REVERSE_SORTED,794328,0.62911
dual_pivot_parallel_8,int,REVERSE_SORTED,1000000,0.80684
dual_pivot_parallel_8,int,REVERSE_SORTED,1258925,1.06302
dual_pivot_parallel_8,int,REVERSE_SORTED,1584893,1.27118
dual_pivot_parallel_8,int,REVERSE_SORTED,1995262,1.69464
dual_pivot_parallel_8,int,REVERSE_SORTED,2511886,2.02547
dual_pivot_parallel_8,int,REVERSE_SORTED,3162277,2.68057
dual_pivot_parallel_8,int,REVERSE_SORTED,3981071,3.36407
dual_pivot_parallel_8,int,REVERSE_SORTED,5011872,4.61806
dual_pivot_parallel_8,int,REVERSE_SORTED,6309573,5.68624
dual_pivot_parallel_8,int,REVERSE_SORTED,7943282,7.19561
dual_pivot_parallel_8,int,REVERSE_SORTED,10000000,9.48414
dual_pivot_parallel_8,int,SAWTOOTH,1000,0.00328
dual_pivot_parallel_8,int,SAWTOOTH,1259,0.00323
dual_pivot_parallel_8,int,SAWTOOTH,1585,0.00416
dual_pivot_parallel_8,int,SAWTOOTH,1995,0.00371
dual_pivot_parallel_8,int,SAWTOOTH,2512,0.00431
dual_pivot_parallel_8,int,SAWTOOTH,3162,0.00486
dual_pivot_parallel_8,int,SAWTOOTH,3981,0.00589
dual_pivot_parallel_8,int,SAWTOOTH,5012,0.00787
dual_pivot_parallel_8,int,SAWTOOTH,6310,0.00946
dual_pivot_parallel_8,int,SAWTOOTH,7943,0.01087
dual_pivot_parallel_8,int,SAWTOOTH,10000,0.07576
dual_pivot_parallel_8,int,SAWTOOTH,12589,0.08235
dual_pivot_parallel_8,int,SAWTOOTH,15849,0.08074
dual_pivot_parallel_8,int,SAWTOOTH,19953,0.07415
dual_pivot_parallel_8,int,SAWTOOTH,25119,0.09475
dual_pivot_parallel_8,int,SAWTOOTH,31623,0.09663
dual_pivot_parallel_8,int,SAWTOOTH,39811,0.24387
dual_pivot_parallel_8,int,SAWTOOTH,50119,0.25441
dual_pivot_parallel_8,int,SAWTOOTH,63096,0.21809
dual_pivot_parallel_8,int,SAWTOOTH,79433,0.19721
dual_pivot_parallel_8,int,SAWTOOTH,100000,0.36346
dual_pivot_parallel_8,int,SAWTOOTH,125893,0.31870
dual_pivot_parallel_8,int,SAWTOOTH,158489,0.46193
dual_pivot_parallel_8,int,SAWTOOTH,199526,0.60594
dual_pivot_parallel_8,int,SAWTOOTH,251189,0.66494
dual_pivot_parallel_8,int,SAWTOOTH,316228,0.74711
dual_pivot_parallel_8,int,SAWTOOTH,398107,1.06672
dual_pivot_parallel_8,int,SAWTOOTH,501187,1.18472
dual_pivot_parallel_8,int,SAWTOOTH,630957,1.53462
dual_pivot_parallel_8,int,SAWTOOTH,794328,1.75932
dual_pivot_parallel_8,int,SAWTOOTH,1000000,2.48266
dual_pivot_parallel_8,int,SAWTOOTH,1258925,2.73819
dual_pivot_parallel_8,int,SAWTOOTH,1584893,3.49526
dual_pivot_parallel_8,int,SAWTOOTH,1995262,4.62725
dual_pivot_parallel_8,int,SAWTOOTH,2511886,5.47053
dual_pivot_parallel_8,int,SAWTOOTH,3162277,6.90027
dual_pivot_parallel_8,int,SAWTOOTH,3981071,9.03863
dual_pivot_parallel_8,int,SAWTOOTH,5011872,12.10700
dual_pivot_parallel_8,int,SAWTOOTH,6309573,13.94140
dual_pivot_parallel_8,int,SAWTOOTH,7943282,18.89610
dual_pivot_parallel_8,int,SAWTOOTH,10000000,22.47420
dual_pivot_sequential,double,MANY_DUPLICATES_10,1000,0.01801
dual_pivot_sequential,double,MANY_DUPLICATES_10,1259,0.02014
dual_pivot_sequential,double,MANY_DUPLICATES_10,1585,0.03717
dual_pivot_sequential,double,MANY_DUPLICATES_10,1995,0.04910
dual_pivot_sequential,double,MANY_DUPLICATES_10,2512,0.04802
dual_pivot_sequential,double,MANY_DUPLICATES_10,3162,0.07282
dual_pivot_sequential,double,MANY_DUPLICATES_10,3981,0.10618
dual_pivot_sequential,double,MANY_DUPLICATES_10,5012,0.14899
dual_pivot_sequential,double,MANY_DUPLICATES_10,6310,0.19480
dual_pivot_sequential,double,MANY_DUPLICATES_10,7943,0.22024
dual_pivot_sequential,double,MANY_DUPLICATES_10,10000,0.33020
dual_pivot_sequential,double,MANY_DUPLICATES_10,12589,0.37393
dual_pivot_sequential,double,MANY_DUPLICATES_10,15849,0.50236
dual_pivot_sequential,double,MANY_DUPLICATES_10,19953,0.61419
dual_pivot_sequential,double,MANY_DUPLICATES_10,25119,0.80219
dual_pivot_sequential,double,MANY_DUPLICATES_10,31623,1.02341
dual_pivot_sequential,double,MANY_DUPLICATES_10,39811,1.27737
dual_pivot_sequential,double,MANY_DUPLICATES_10,50119,1.67324
dual_pivot_sequential,double,MANY_DUPLICATES_10,63096,2.15949
dual_pivot_sequential,double,MANY_DUPLICATES_10,79433,2.79716
dual_pivot_sequential,double,MANY_DUPLICATES_10,100000,3.66976
dual_pivot_sequential,double,MANY_DUPLICATES_10,125893,4.69029
dual_pivot_sequential,double,MANY_DUPLICATES_10,158489,5.81100
dual_pivot_sequential,double,MANY_DUPLICATES_10,199526,7.80205
dual_pivot_sequential,double,MANY_DUPLICATES_10,251189,9.79940
dual_pivot_sequential,double,MANY_DUPLICATES_10,316228,13.22290
dual_pivot_sequential,double,MANY_DUPLICATES_10,398107,16.69730
dual_pivot_sequential,double,MANY_DUPLICATES_10,501187,20.58140
dual_pivot_sequential,double,MANY_DUPLICATES_10,630957,26.90610
dual_pivot_sequential,double,MANY_DUPLICATES_10,794328,34.39330
dual_pivot_sequential,double,MANY_DUPLICATES_10,1000000,43.35500
dual_pivot_sequential,double,MANY_DUPLICATES_10,1258925,55.59940
dual_pivot_sequential,double,MANY_DUPLICATES_10,1584893,70.18320
dual_pivot_sequential,double,MANY_DUPLICATES_10,1995262,93.54950
dual_pivot_sequential,double,MANY_DUPLICATES_10,2511886,119.45400
dual_pivot_sequential,double,MANY_DUPLICATES_10,3162277,153.37800
dual_pivot_sequential,double,MANY_DUPLICATES_10,3981071,193.64100
dual_pivot_sequential,double,MANY_DUPLICATES_10,5011872,243.84800
dual_pivot_sequential,double,MANY_DUPLICATES_10,6309573,318.13100
dual_pivot_sequential,double,MANY_DUPLICATES_10,7943282,398.32300
dual_pivot_sequential,double,MANY_DUPLICATES_10,10000000,508.57800
dual_pivot_sequential,double,MANY_DUPLICATES_50,1000,0.01825
dual_pivot_sequential,double,MANY_DUPLICATES_50,1259,0.02732
dual_pivot_sequential,double,MANY_DUPLICATES_50,1585,0.03836
dual_pivot_sequential,double,MANY_DUPLICATES_50,1995,0.04536
dual_pivot_sequential,double,MANY_DUPLICATES_50,2512,0.06241
dual_pivot_sequential,double,MANY_DUPLICATES_50,3162,0.08338
dual_pivot_sequential,double,MANY_DUPLICATES_50,3981,0.09621
dual_pivot_sequential,double,MANY_DUPLICATES_50,5012,0.13966
dual_pivot_sequential,double,MANY_DUPLICATES_50,6310,0.17463
dual_pivot_sequential,double,MANY_DUPLICATES_50,7943,0.22371
dual_pivot_sequential,double,MANY_DUPLICATES_50,10000,0.30951
dual_pivot_sequential,double,MANY_DUPLICATES_50,12589,0.37640
dual_pivot_sequential,double,MANY_DUPLICATES_50,15849,0.47336
dual_pivot_sequential,double,MANY_DUPLICATES_50,19953,0.63115
dual_pivot_sequential,double,MANY_DUPLICATES_50,25119,0.81396
dual_pivot_sequential,double,MANY_DUPLICATES_50,31623,1.01900
dual_pivot_sequential,double,MANY_DUPLICATES_50,39811,1.28646
dual_pivot_sequential,double,MANY_DUPLICATES_50,50119,1.66280
dual_pivot_sequential,double,MANY_DUPLICATES_50,63096,2.16214
dual_pivot_sequential,double,MANY_DUPLICATES_50,79433,2.80240
dual_pivot_sequential,double,MANY_DUPLICATES_50,100000,3.68313
dual_pivot_sequential,double,MANY_DUPLICATES_50,125893,4.70577
dual_pivot_sequential,double,MANY_DUPLICATES_50,158489,5.81531
dual_pivot_sequential,double,MANY_DUPLICATES_50,199526,7.55868
dual_pivot_sequential,double,MANY_DUPLICATES_50,251189,9.83812
dual_pivot_sequential,double,MANY_DUPLICATES_50,316228,12.59170
dual_pivot_sequential,double,MANY_DUPLICATES_50,398107,16.09820
dual_pivot_sequential,double,MANY_DUPLICATES_50,501187,20.44160
dual_pivot_sequential,double,MANY_DUPLICATES_50,630957,26.27630
dual_pivot_sequential,double,MANY_DUPLICATES_50,794328,33.51960
dual_pivot_sequential,double,MANY_DUPLICATES_50,1000000,42.78960
dual_pivot_sequential,double,MANY_DUPLICATES_50,1258925,55.33070
dual_pivot_sequential,double,MANY_DUPLICATES_50,1584893,70.18780
dual_pivot_sequential,double,MANY_DUPLICATES_50,1995262,93.64730
dual_pivot_sequential,double,MANY_DUPLICATES_50,2511886,119.23300
dual_pivot_sequential,double,MANY_DUPLICATES_50,3162277,153.72400
dual_pivot_sequential,double,MANY_DUPLICATES_50,3981071,193.19600
dual_pivot_sequential,double,MANY_DUPLICATES_50,5011872,242.91300
dual_pivot_sequential,double,MANY_DUPLICATES_50,6309573,316.10300
dual_pivot_sequential,double,MANY_DUPLICATES_50,7943282,396.58600
dual_pivot_sequential,double,MANY_DUPLICATES_50,10000000,513.01600
dual_pivot_sequential,double,MANY_DUPLICATES_90,1000,0.01844
dual_pivot_sequential,double,MANY_DUPLICATES_90,1259,0.02510
dual_pivot_sequential,double,MANY_DUPLICATES_90,1585,0.03410
dual_pivot_sequential,double,MANY_DUPLICATES_90,1995,0.04745
dual_pivot_sequential,double,MANY_DUPLICATES_90,2512,0.06103
dual_pivot_sequential,double,MANY_DUPLICATES_90,3162,0.08068
dual_pivot_sequential,double,MANY_DUPLICATES_90,3981,0.09962
dual_pivot_sequential,double,MANY_DUPLICATES_90,5012,0.14707
dual_pivot_sequential,double,MANY_DUPLICATES_90,6310,0.16707
dual_pivot_sequential,double,MANY_DUPLICATES_90,7943,0.27263
dual_pivot_sequential,double,MANY_DUPLICATES_90,10000,0.31421
dual_pivot_sequential,double,MANY_DUPLICATES_90,12589,0.37471
dual_pivot_sequential,double,MANY_DUPLICATES_90,15849,0.50548
dual_pivot_sequential,double,MANY_DUPLICATES_90,19953,0.70103
dual_pivot_sequential,double,MANY_DUPLICATES_90,25119,0.81764
dual_pivot_sequential,double,MANY_DUPLICATES_90,31623,1.27299
dual_pivot_sequential,double,MANY_DUPLICATES_90,39811,1.28072
dual_pivot_sequential,double,MANY_DUPLICATES_90,50119,1.67453
dual_pivot_sequential,double,MANY_DUPLICATES_90,63096,2.18705
dual_pivot_sequential,double,MANY_DUPLICATES_90,79433,2.81121
dual_pivot_sequential,double,MANY_DUPLICATES_90,100000,3.68069
dual_pivot_sequential,double,MANY_DUPLICATES_90,125893,4.67999
dual_pivot_sequential,double,MANY_DUPLICATES_90,158489,5.81128
dual_pivot_sequential,double,MANY_DUPLICATES_90,199526,7.51301
dual_pivot_sequential,double,MANY_DUPLICATES_90,251189,9.71878
dual_pivot_sequential,double,MANY_DUPLICATES_90,316228,12.46000
dual_pivot_sequential,double,MANY_DUPLICATES_90,398107,16.04840
dual_pivot_sequential,double,MANY_DUPLICATES_90,501187,20.53790
dual_pivot_sequential,double,MANY_DUPLICATES_90,630957,26.10950
dual_pivot_sequential,double,MANY_DUPLICATES_90,794328,33.53060
dual_pivot_sequential,double,MANY_DUPLICATES_90,1000000,42.93610
dual_pivot_sequential,double,MANY_DUPLICATES_90,1258925,55.42060
dual_pivot_sequential,double,MANY_DUPLICATES_90,1584893,70.14530
dual_pivot_sequential,double,MANY_DUPLICATES_90,1995262,93.79890
dual_pivot_sequential,double,MANY_DUPLICATES_90,2511886,119.83700
dual_pivot_sequential,double,MANY_DUPLICATES_90,3162277,153.70800
dual_pivot_sequential,double,MANY_DUPLICATES_90,3981071,194.50500
dual_pivot_sequential,double,MANY_DUPLICATES_90,5011872,246.94100
dual_pivot_sequential,double,MANY_DUPLICATES_90,6309573,314.22700
dual_pivot_sequential,double,MANY_DUPLICATES_90,7943282,398.82100
dual_pivot_sequential,double,MANY_DUPLICATES_90,10000000,510.23000
dual_pivot_sequential,double,NEARLY_SORTED,1000,0.01146
dual_pivot_sequential,double,NEARLY_SORTED,1259,0.01412
dual_pivot_sequential,double,NEARLY_SORTED,1585,0.02068
dual_pivot_sequential,double,NEARLY_SORTED,1995,0.02693
dual_pivot_sequential,double,NEARLY_SORTED,2512,0.03934
dual_pivot_sequential,double,NEARLY_SORTED,3162,0.04763
dual_pivot_sequential,double,NEARLY_SORTED,3981,0.05911
dual_pivot_sequential,double,NEARLY_SORTED,5012,0.07788
dual_pivot_sequential,double,NEARLY_SORTED,6310,0.10498
dual_pivot_sequential,double,NEARLY_SORTED,7943,0.13807
dual_pivot_sequential,double,NEARLY_SORTED,10000,0.17747
dual_pivot_sequential,double,NEARLY_SORTED,12589,0.26336
dual_pivot_sequential,double,NEARLY_SORTED,15849,0.28160
dual_pivot_sequential,double,NEARLY_SORTED,19953,0.36081
dual_pivot_sequential,double,NEARLY_SORTED,25119,0.50887
dual_pivot_sequential,double,NEARLY_SORTED,31623,0.59920
dual_pivot_sequential,double,NEARLY_SORTED,39811,0.79234
dual_pivot_sequential,double,NEARLY_SORTED,50119,1.00039
dual_pivot_sequential,double,NEARLY_SORTED,63096,1.33497
dual_pivot_sequential,double,NEARLY_SORTED,79433,1.69911
dual_pivot_sequential,double,NEARLY_SORTED,100000,2.20308
dual_pivot_sequential,double,NEARLY_SORTED,125893,2.83472
dual_pivot_sequential,double,NEARLY_SORTED,158489,3.50432
dual_pivot_sequential,double,NEARLY_SORTED,199526,4.49302
dual_pivot_sequential,double,NEARLY_SORTED,251189,5.84519
dual_pivot_sequential,double,NEARLY_SORTED,316228,7.43736
dual_pivot_sequential,double,NEARLY_SORTED,398107,9.52125
dual_pivot_sequential,double,NEARLY_SORTED,501187,12.08860
dual_pivot_sequential,double,NEARLY_SORTED,630957,15.59610
dual_pivot_sequential,double,NEARLY_SORTED,794328,19.93420
dual_pivot_sequential,double,NEARLY_SORTED,1000000,25.61490
dual_pivot_sequential,double,NEARLY_SORTED,1258925,32.78260
dual_pivot_sequential,double,NEARLY_SORTED,1584893,41.90110
dual_pivot_sequential,double,NEARLY_SORTED,1995262,52.72370
dual_pivot_sequential,double,NEARLY_SORTED,2511886,68.98380
dual_pivot_sequential,double,NEARLY_SORTED,3162277,88.04180
dual_pivot_sequential,double,NEARLY_SORTED,3981071,111.58200
dual_pivot_sequential,double,NEARLY_SORTED,5011872,143.65400
dual_pivot_sequential,double,NEARLY_SORTED,6309573,186.34100
dual_pivot_sequential,double,NEARLY_SORTED,7943282,236.60300
dual_pivot_sequential,double,NEARLY_SORTED,10000000,305.76500
dual_pivot_sequential,double,ORGAN_PIPE,1000,0.00224
dual_pivot_sequential,double,ORGAN_PIPE,1259,0.00372
dual_pivot_sequential,double,ORGAN_PIPE,1585,0.00426
dual_pivot_sequential,double,ORGAN_PIPE,1995,0.00451
dual_pivot_sequential,double,ORGAN_PIPE,2512,0.00544
dual_pivot_sequential,double,ORGAN_PIPE,3162,0.00573
dual_pivot_sequential,double,ORGAN_PIPE,3981,0.00759
dual_pivot_sequential,double,ORGAN_PIPE,5012,0.01192
dual_pivot_sequential,double,ORGAN_PIPE,6310,0.01174
dual_pivot_sequential,double,ORGAN_PIPE,7943,0.01591
dual_pivot_sequential,double,ORGAN_PIPE,10000,0.02530
dual_pivot_sequential,double,ORGAN_PIPE,12589,0.05082
dual_pivot_sequential,double,ORGAN_PIPE,15849,0.06636
dual_pivot_sequential,double,ORGAN_PIPE,19953,0.07107
dual_pivot_sequential,double,ORGAN_PIPE,25119,0.09059
dual_pivot_sequential,double,ORGAN_PIPE,31623,0.10857
dual_pivot_sequential,double,ORGAN_PIPE,39811,0.14022
dual_pivot_sequential,double,ORGAN_PIPE,50119,0.16995
dual_pivot_sequential,double,ORGAN_PIPE,63096,0.22594
dual_pivot_sequential,double,ORGAN_PIPE,79433,0.27088
dual_pivot_sequential,double,ORGAN_PIPE,100000,0.35221
dual_pivot_sequential,double,ORGAN_PIPE,125893,0.44299
dual_pivot_sequential,double,ORGAN_PIPE,158489,0.56467
dual_pivot_sequential,double,ORGAN_PIPE,199526,0.68711
dual_pivot_sequential,double,ORGAN_PIPE,251189,0.93508
dual_pivot_sequential,double,ORGAN_PIPE,316228,1.22330
dual_pivot_sequential,double,ORGAN_PIPE,398107,1.34935
dual_pivot_sequential,double,ORGAN_PIPE,501187,1.68580
dual_pivot_sequential,double,ORGAN_PIPE,630957,2.21165
dual_pivot_sequential,double,ORGAN_PIPE,794328,2.69675
dual_pivot_sequential,double,ORGAN_PIPE,1000000,3.58218
dual_pivot_sequential,double,ORGAN_PIPE,1258925,4.56326
dual_pivot_sequential,double,ORGAN_PIPE,1584893,5.76633
dual_pivot_sequential,double,ORGAN_PIPE,1995262,7.41735
dual_pivot_sequential,double,ORGAN_PIPE,2511886,10.20970
dual_pivot_sequential,double,ORGAN_PIPE,3162277,13.17520
dual_pivot_sequential,double,ORGAN_PIPE,3981071,17.13620
dual_pivot_sequential,double,ORGAN_PIPE,5011872,23.25130
dual_pivot_sequential,double,ORGAN_PIPE,6309573,29.63590
dual_pivot_sequential,double,ORGAN_PIPE,7943282,37.69580
dual_pivot_sequential,double,ORGAN_PIPE,10000000,47.85310
dual_pivot_sequential,double,RANDOM,1000,0.01845
dual_pivot_sequential,double,RANDOM,1259,0.02419
dual_pivot_sequential,double,RANDOM,1585,0.03977
dual_pivot_sequential,double,RANDOM,1995,0.04716
dual_pivot_sequential,double,RANDOM,2512,0.06182
dual_pivot_sequential,double,RANDOM,3162,0.07818
dual_pivot_sequential,double,RANDOM,3981,0.10107
dual_pivot_sequential,double,RANDOM,5012,0.13089
dual_pivot_sequential,double,RANDOM,6310,0.16991
dual_pivot_sequential,double,RANDOM,7943,0.24337
dual_pivot_sequential,double,RANDOM,10000,0.31177
dual_pivot_sequential,double,RANDOM,12589,0.38101
dual_pivot_sequential,double,RANDOM,15849,0.51201
dual_pivot_sequential,double,RANDOM,19953,0.62135
dual_pivot_sequential,double,RANDOM,25119,0.80240
dual_pivot_sequential,double,RANDOM,31623,1.05035
dual_pivot_sequential,double,RANDOM,39811,1.43570
dual_pivot_sequential,double,RANDOM,50119,1.72699
dual_pivot_sequential,double,RANDOM,63096,2.17513
dual_pivot_sequential,double,RANDOM,79433,2.82499
dual_pivot_sequential,double,RANDOM,100000,3.68068
dual_pivot_sequential,double,RANDOM,125893,4.67316
dual_pivot_sequential,double,RANDOM,158489,5.78417
dual_pivot_sequential,double,RANDOM,199526,7.60966
dual_pivot_sequential,double,RANDOM,251189,9.84759
dual_pivot_sequential,double,RANDOM,316228,12.57050
dual_pivot_sequential,double,RANDOM,398107,17.59010
dual_pivot_sequential,double,RANDOM,501187,20.80360
dual_pivot_sequential,double,RANDOM,630957,27.18250
dual_pivot_sequential,double,RANDOM,794328,33.56900
dual_pivot_sequential,double,RANDOM,1000000,43.20040
dual_pivot_sequential,double,RANDOM,1258925,55.54510
dual_pivot_sequential,double,RANDOM,1584893,69.88380
dual_pivot_sequential,double,RANDOM,1995262,93.10250
dual_pivot_sequential,double,RANDOM,2511886,119.66900
dual_pivot_sequential,double,RANDOM,3162277,154.48800
dual_pivot_sequential,double,RANDOM,3981071,194.31500
dual_pivot_sequential,double,RANDOM,5011872,244.45900
dual_pivot_sequential,double,RANDOM,6309573,314.88300
dual_pivot_sequential,double,RANDOM,7943282,394.23300
dual_pivot_sequential,double,RANDOM,10000000,511.60000
dual_pivot_sequential,double,REVERSE_SORTED,1000,0.00144
dual_pivot_sequential,double,REVERSE_SORTED,1259,0.00167
dual_pivot_sequential,double,REVERSE_SORTED,1585,0.00208
dual_pivot_sequential,double,REVERSE_SORTED,1995,0.00234
dual_pivot_sequential,double,REVERSE_SORTED,2512,0.00336
dual_pivot_sequential,double,REVERSE_SORTED,3162,0.00418
dual_pivot_sequential,double,REVERSE_SORTED,3981,0.00453
dual_pivot_sequential,double,REVERSE_SORTED,5012,0.00602
dual_pivot_sequential,double,REVERSE_SORTED,6310,0.00754
dual_pivot_sequential,double,REVERSE_SORTED,7943,0.01011
dual_pivot_sequential,double,REVERSE_SORTED,10000,0.01200
dual_pivot_sequential,double,REVERSE_SORTED,12589,0.01445
dual_pivot_sequential,double,REVERSE_SORTED,15849,0.01837
dual_pivot_sequential,double,REVERSE_SORTED,19953,0.02358
dual_pivot_sequential,double,REVERSE_SORTED,25119,0.02866
dual_pivot_sequential,double,REVERSE_SORTED,31623,0.03972
dual_pivot_sequential,double,REVERSE_SORTED,39811,0.04564
dual_pivot_sequential,double,REVERSE_SORTED,50119,0.05884
dual_pivot_sequential,double,REVERSE_SORTED,63096,0.07586
dual_pivot_sequential,double,REVERSE_SORTED,79433,0.09244
dual_pivot_sequential,double,REVERSE_SORTED,100000,0.11939
dual_pivot_sequential,double,REVERSE_SORTED,125893,0.14505
dual_pivot_sequential,double,REVERSE_SORTED,158489,0.17715
dual_pivot_sequential,double,REVERSE_SORTED,199526,0.23524
dual_pivot_sequential,double,REVERSE_SORTED,251189,0.28828
dual_pivot_sequential,double,REVERSE_SORTED,316228,0.36239
dual_pivot_sequential,double,REVERSE_SORTED,398107,0.45045
dual_pivot_sequential,double,REVERSE_SORTED,501187,0.56967
dual_pivot_sequential,double,REVERSE_SORTED,630957,0.77318
dual_pivot_sequential,double,REVERSE_SORTED,794328,0.93722
dual_pivot_sequential,double,REVERSE_SORTED,1000000,1.23124
dual_pivot_sequential,double,REVERSE_SORTED,1258925,1.49584
dual_pivot_sequential,double,REVERSE_SORTED,1584893,1.90557
dual_pivot_sequential,double,REVERSE_SORTED,1995262,2.37177
dual_pivot_sequential,double,REVERSE_SORTED,2511886,3.36601
dual_pivot_sequential,double,REVERSE_SORTED,3162277,4.52625
dual_pivot_sequential,double,REVERSE_SORTED,3981071,5.60785
dual_pivot_sequential,double,REVERSE_SORTED,5011872,7.20618
dual_pivot_sequential,double,REVERSE_SORTED,6309573,9.35493
dual_pivot_sequential,double,REVERSE_SORTED,7943282,11.81040
dual_pivot_sequential,double,REVERSE_SORTED,10000000,15.31980
dual_pivot_sequential,double,SAWTOOTH,1000,0.00390
dual_pivot_sequential,double,SAWTOOTH,1259,0.00509
dual_pivot_sequential,double,SAWTOOTH,1585,0.00612
dual_pivot_sequential,double,SAWTOOTH,1995,0.00740
dual_pivot_sequential,double,SAWTOOTH,2512,0.00721
dual_pivot_sequential,double,SAWTOOTH,3162,0.01057
dual_pivot_sequential,double,SAWTOOTH,3981,0.01049
dual_pivot_sequential,double,SAWTOOTH,5012,0.01529
dual_pivot_sequential,double,SAWTOOTH,6310,0.01876
dual_pivot_sequential,double,SAWTOOTH,7943,0.02212
dual_pivot_sequential,double,SAWTOOTH,10000,0.04042
dual_pivot_sequential,double,SAWTOOTH,12589,0.05502
dual_pivot_sequential,double,SAWTOOTH,15849,0.07424
dual_pivot_sequential,double,SAWTOOTH,19953,0.09215
dual_pivot_sequential,double,SAWTOOTH,25119,0.10668
dual_pivot_sequential,double,SAWTOOTH,31623,0.14461
dual_pivot_sequential,double,SAWTOOTH,39811,0.16538
dual_pivot_sequential,double,SAWTOOTH,50119,0.20027
dual_pivot_sequential,double,SAWTOOTH,63096,0.26646
dual_pivot_sequential,double,SAWTOOTH,79433,0.33128
dual_pivot_sequential,double,SAWTOOTH,100000,0.41373
dual_pivot_sequential,double,SAWTOOTH,125893,0.48302
dual_pivot_sequential,double,SAWTOOTH,158489,0.61851
dual_pivot_sequential,double,SAWTOOTH,199526,0.77973
dual_pivot_sequential,double,SAWTOOTH,251189,1.03124
dual_pivot_sequential,double,SAWTOOTH,316228,1.24116
dual_pivot_sequential,double,SAWTOOTH,398107,1.57657
dual_pivot_sequential,double,SAWTOOTH,501187,2.03985
dual_pivot_sequential,double,SAWTOOTH,630957,2.48370
dual_pivot_sequential,double,SAWTOOTH,794328,3.20948
dual_pivot_sequential,double,SAWTOOTH,1000000,4.07184
dual_pivot_sequential,double,SAWTOOTH,1258925,5.42877
dual_pivot_sequential,double,SAWTOOTH,1584893,6.79903
dual_pivot_sequential,double,SAWTOOTH,1995262,8.77617
dual_pivot_sequential,double,SAWTOOTH,2511886,11.78490
dual_pivot_sequential,double,SAWTOOTH,3162277,15.71730
dual_pivot_sequential,double,SAWTOOTH,3981071,19.79930
dual_pivot_sequential,double,SAWTOOTH,5011872,26.10180
dual_pivot_sequential,double,SAWTOOTH,6309573,33.57860
dual_pivot_sequential,double,SAWTOOTH,7943282,43.34710
dual_pivot_sequential,double,SAWTOOTH,10000000,54.32310
dual_pivot_sequential,int,MANY_DUPLICATES_10,1000,0.01512
dual_pivot_sequential,int,MANY_DUPLICATES_10,1259,0.02420
dual_pivot_sequential,int,MANY_DUPLICATES_10,1585,0.03027
dual_pivot_sequential,int,MANY_DUPLICATES_10,1995,0.04758
dual_pivot_sequential,int,MANY_DUPLICATES_10,2512,0.05112
dual_pivot_sequential,int,MANY_DUPLICATES_10,3162,0.07637
dual_pivot_sequential,int,MANY_DUPLICATES_10,3981,0.10398
dual_pivot_sequential,int,MANY_DUPLICATES_10,5012,0.11826
dual_pivot_sequential,int,MANY_DUPLICATES_10,6310,0.14867
dual_pivot_sequential,int,MANY_DUPLICATES_10,7943,0.21260
dual_pivot_sequential,int,MANY_DUPLICATES_10,10000,0.25796
dual_pivot_sequential,int,MANY_DUPLICATES_10,12589,0.32722
dual_pivot_sequential,int,MANY_DUPLICATES_10,15849,0.41717
dual_pivot_sequential,int,MANY_DUPLICATES_10,19953,0.55806
dual_pivot_sequential,int,MANY_DUPLICATES_10,25119,0.75566
dual_pivot_sequential,int,MANY_DUPLICATES_10,31623,0.97157
dual_pivot_sequential,int,MANY_DUPLICATES_10,39811,1.18235
dual_pivot_sequential,int,MANY_DUPLICATES_10,50119,1.49949
dual_pivot_sequential,int,MANY_DUPLICATES_10,63096,1.94829
dual_pivot_sequential,int,MANY_DUPLICATES_10,79433,2.49653
dual_pivot_sequential,int,MANY_DUPLICATES_10,100000,3.23800
dual_pivot_sequential,int,MANY_DUPLICATES_10,125893,4.14254
dual_pivot_sequential,int,MANY_DUPLICATES_10,158489,5.23515
dual_pivot_sequential,int,MANY_DUPLICATES_10,199526,6.95350
dual_pivot_sequential,int,MANY_DUPLICATES_10,251189,8.89022
dual_pivot_sequential,int,MANY_DUPLICATES_10,316228,11.04880
dual_pivot_sequential,int,MANY_DUPLICATES_10,398107,14.63700
dual_pivot_sequential,int,MANY_DUPLICATES_10,501187,18.14020
dual_pivot_sequential,int,MANY_DUPLICATES_10,630957,23.30840
dual_pivot_sequential,int,MANY_DUPLICATES_10,794328,30.10950
dual_pivot_sequential,int,MANY_DUPLICATES_10,1000000,39.22440
dual_pivot_sequential,int,MANY_DUPLICATES_10,1258925,49.28360
dual_pivot_sequential,int,MANY_DUPLICATES_10,1584893,62.11410
dual_pivot_sequential,int,MANY_DUPLICATES_10,1995262,80.10340
dual_pivot_sequential,int,MANY_DUPLICATES_10,2511886,103.58700
dual_pivot_sequential,int,MANY_DUPLICATES_10,3162277,132.34400
dual_pivot_sequential,int,MANY_DUPLICATES_10,3981071,172.10100
dual_pivot_sequential,int,MANY_DUPLICATES_10,5011872,219.02500
dual_pivot_sequential,int,MANY_DUPLICATES_10,6309573,278.91800
dual_pivot_sequential,int,MANY_DUPLICATES_10,7943282,360.03600
dual_pivot_sequential,int,MANY_DUPLICATES_10,10000000,464.85200
dual_pivot_sequential,int,MANY_DUPLICATES_50,1000,0.01788
dual_pivot_sequential,int,MANY_DUPLICATES_50,1259,0.03009
dual_pivot_sequential,int,MANY_DUPLICATES_50,1585,0.03055
dual_pivot_sequential,int,MANY_DUPLICATES_50,1995,0.03815
dual_pivot_sequential,int,MANY_DUPLICATES_50,2512,0.05243
dual_pivot_sequential,int,MANY_DUPLICATES_50,3162,0.07020
dual_pivot_sequential,int,MANY_DUPLICATES_50,3981,0.09620
dual_pivot_sequential,int,MANY_DUPLICATES_50,5012,0.12154
dual_pivot_sequential,int,MANY_DUPLICATES_50,6310,0.15284
dual_pivot_sequential,int,MANY_DUPLICATES_50,7943,0.20905
dual_pivot_sequential,int,MANY_DUPLICATES_50,10000,0.27119
dual_pivot_sequential,int,MANY_DUPLICATES_50,12589,0.34174
dual_pivot_sequential,int,MANY_DUPLICATES_50,15849,0.43910
dual_pivot_sequential,int,MANY_DUPLICATES_50,19953,0.57163
dual_pivot_sequential,int,MANY_DUPLICATES_50,25119,0.74400
dual_pivot_sequential,int,MANY_DUPLICATES_50,31623,0.93124
dual_pivot_sequential,int,MANY_DUPLICATES_50,39811,1.19446
dual_pivot_sequential,int,MANY_DUPLICATES_50,50119,1.51887
dual_pivot_sequential,int,MANY_DUPLICATES_50,63096,1.95054
dual_pivot_sequential,int,MANY_DUPLICATES_50,79433,2.49681
dual_pivot_sequential,int,MANY_DUPLICATES_50,100000,3.30612
dual_pivot_sequential,int,MANY_DUPLICATES_50,125893,4.19170
dual_pivot_sequential,int,MANY_DUPLICATES_50,158489,5.23018
dual_pivot_sequential,int,MANY_DUPLICATES_50,199526,6.81196
dual_pivot_sequential,int,MANY_DUPLICATES_50,251189,8.59900
dual_pivot_sequential,int,MANY_DUPLICATES_50,316228,10.97420
dual_pivot_sequential,int,MANY_DUPLICATES_50,398107,14.30950
dual_pivot_sequential,int,MANY_DUPLICATES_50,501187,18.35980
dual_pivot_sequential,int,MANY_DUPLICATES_50,630957,23.37560
dual_pivot_sequential,int,MANY_DUPLICATES_50,794328,30.02050
dual_pivot_sequential,int,MANY_DUPLICATES_50,1000000,38.38550
dual_pivot_sequential,int,MANY_DUPLICATES_50,1258925,48.65270
dual_pivot_sequential,int,MANY_DUPLICATES_50,1584893,63.63230
dual_pivot_sequential,int,MANY_DUPLICATES_50,1995262,81.66410
dual_pivot_sequential,int,MANY_DUPLICATES_50,2511886,105.72700
dual_pivot_sequential,int,MANY_DUPLICATES_50,3162277,133.31700
dual_pivot_sequential,int,MANY_DUPLICATES_50,3981071,173.01400
dual_pivot_sequential,int,MANY_DUPLICATES_50,5011872,220.46000
dual_pivot_sequential,int,MANY_DUPLICATES_50,6309573,280.31000
dual_pivot_sequential,int,MANY_DUPLICATES_50,7943282,360.30200
dual_pivot_sequential,int,MANY_DUPLICATES_50,10000000,460.72300
dual_pivot_sequential,int,MANY_DUPLICATES_90,1000,0.01350
dual_pivot_sequential,int,MANY_DUPLICATES_90,1259,0.02183
dual_pivot_sequential,int,MANY_DUPLICATES_90,1585,0.03383
dual_pivot_sequential,int,MANY_DUPLICATES_90,1995,0.03527
dual_pivot_sequential,int,MANY_DUPLICATES_90,2512,0.05619
dual_pivot_sequential,int,MANY_DUPLICATES_90,3162,0.07501
dual_pivot_sequential,int,MANY_DUPLICATES_90,3981,0.09071
dual_pivot_sequential,int,MANY_DUPLICATES_90,5012,0.11711
dual_pivot_sequential,int,MANY_DUPLICATES_90,6310,0.15197
dual_pivot_sequential,int,MANY_DUPLICATES_90,7943,0.20622
dual_pivot_sequential,int,MANY_DUPLICATES_90,10000,0.27565
dual_pivot_sequential,int,MANY_DUPLICATES_90,12589,0.33220
dual_pivot_sequential,int,MANY_DUPLICATES_90,15849,0.43341
dual_pivot_sequential,int,MANY_DUPLICATES_90,19953,0.56449
dual_pivot_sequential,int,MANY_DUPLICATES_90,25119,0.75959
dual_pivot_sequential,int,MANY_DUPLICATES_90,31623,0.93030
dual_pivot_sequential,int,MANY_DUPLICATES_90,39811,1.20781
dual_pivot_sequential,int,MANY_DUPLICATES_90,50119,1.52639
dual_pivot_sequential,int,MANY_DUPLICATES_90,63096,1.93103
dual_pivot_sequential,int,MANY_DUPLICATES_90,79433,2.57352
dual_pivot_sequential,int,MANY_DUPLICATES_90,100000,3.28286
dual_pivot_sequential,int,MANY_DUPLICATES_90,125893,4.23007
dual_pivot_sequential,int,MANY_DUPLICATES_90,158489,5.31604
dual_pivot_sequential,int,MANY_DUPLICATES_90,199526,6.87981
dual_pivot_sequential,int,MANY_DUPLICATES_90,251189,8.83936
dual_pivot_sequential,int,MANY_DUPLICATES_90,316228,11.01830
dual_pivot_sequential,int,MANY_DUPLICATES_90,398107,14.35930
dual_pivot_sequential,int,MANY_DUPLICATES_90,501187,18.85060
dual_pivot_sequential,int,MANY_DUPLICATES_90,630957,23.26820
dual_pivot_sequential,int,MANY_DUPLICATES_90,794328,30.04880
dual_pivot_sequential,int,MANY_DUPLICATES_90,1000000,38.63000
dual_pivot_sequential,int,MANY_DUPLICATES_90,1258925,49.42690
dual_pivot_sequential,int,MANY_DUPLICATES_90,1584893,64.29110
dual_pivot_sequential,int,MANY_DUPLICATES_90,1995262,82.19040
dual_pivot_sequential,int,MANY_DUPLICATES_90,2511886,103.86900
dual_pivot_sequential,int,MANY_DUPLICATES_90,3162277,132.65500
dual_pivot_sequential,int,MANY_DUPLICATES_90,3981071,171.01300
dual_pivot_sequential,int,MANY_DUPLICATES_90,5011872,221.61500
dual_pivot_sequential,int,MANY_DUPLICATES_90,6309573,278.57300
dual_pivot_sequential,int,MANY_DUPLICATES_90,7943282,355.16000
dual_pivot_sequential,int,MANY_DUPLICATES_90,10000000,456.68600
dual_pivot_sequential,int,NEARLY_SORTED,1000,0.01044
dual_pivot_sequential,int,NEARLY_SORTED,1259,0.01135
dual_pivot_sequential,int,NEARLY_SORTED,1585,0.01742
dual_pivot_sequential,int,NEARLY_SORTED,1995,0.02589
dual_pivot_sequential,int,NEARLY_SORTED,2512,0.03539
dual_pivot_sequential,int,NEARLY_SORTED,3162,0.04043
dual_pivot_sequential,int,NEARLY_SORTED,3981,0.05075
dual_pivot_sequential,int,NEARLY_SORTED,5012,0.07458
dual_pivot_sequential,int,NEARLY_SORTED,6310,0.09384
dual_pivot_sequential,int,NEARLY_SORTED,7943,0.11573
dual_pivot_sequential,int,NEARLY_SORTED,10000,0.15488
dual_pivot_sequential,int,NEARLY_SORTED,12589,0.20139
dual_pivot_sequential,int,NEARLY_SORTED,15849,0.26033
dual_pivot_sequential,int,NEARLY_SORTED,19953,0.32866
dual_pivot_sequential,int,NEARLY_SORTED,25119,0.41839
dual_pivot_sequential,int,NEARLY_SORTED,31623,0.53474
dual_pivot_sequential,int,NEARLY_SORTED,39811,0.69465
dual_pivot_sequential,int,NEARLY_SORTED,50119,0.89068
dual_pivot_sequential,int,NEARLY_SORTED,63096,1.15199
dual_pivot_sequential,int,NEARLY_SORTED,79433,1.47752
dual_pivot_sequential,int,NEARLY_SORTED,100000,1.90295
dual_pivot_sequential,int,NEARLY_SORTED,125893,2.44319
dual_pivot_sequential,int,NEARLY_SORTED,158489,3.06308
dual_pivot_sequential,int,NEARLY_SORTED,199526,3.99640
dual_pivot_sequential,int,NEARLY_SORTED,251189,5.08896
dual_pivot_sequential,int,NEARLY_SORTED,316228,6.54117
dual_pivot_sequential,int,NEARLY_SORTED,398107,8.36968
dual_pivot_sequential,int,NEARLY_SORTED,501187,10.70040
dual_pivot_sequential,int,NEARLY_SORTED,630957,13.49080
dual_pivot_sequential,int,NEARLY_SORTED,794328,17.44350
dual_pivot_sequential,int,NEARLY_SORTED,1000000,22.06850
dual_pivot_sequential,int,NEARLY_SORTED,1258925,28.40420
dual_pivot_sequential,int,NEARLY_SORTED,1584893,36.42050
dual_pivot_sequential,int,NEARLY_SORTED,1995262,45.65950
dual_pivot_sequential,int,NEARLY_SORTED,2511886,60.32660
dual_pivot_sequential,int,NEARLY_SORTED,3162277,76.35780
dual_pivot_sequential,int,NEARLY_SORTED,3981071,96.93550
dual_pivot_sequential,int,NEARLY_SORTED,5011872,125.77900
dual_pivot_sequential,int,NEARLY_SORTED,6309573,159.75200
dual_pivot_sequential,int,NEARLY_SORTED,7943282,205.25000
dual_pivot_sequential,int,NEARLY_SORTED,10000000,261.12200
dual_pivot_sequential,int,ORGAN_PIPE,1000,0.00187
dual_pivot_sequential,int,ORGAN_PIPE,1259,0.00139
dual_pivot_sequential,int,ORGAN_PIPE,1585,0.00196
dual_pivot_sequential,int,ORGAN_PIPE,1995,0.00260
dual_pivot_sequential,int,ORGAN_PIPE,2512,0.00309
dual_pivot_sequential,int,ORGAN_PIPE,3162,0.00380
dual_pivot_sequential,int,ORGAN_PIPE,3981,0.00355
dual_pivot_sequential,int,ORGAN_PIPE,5012,0.00490
dual_pivot_sequential,int,ORGAN_PIPE,6310,0.00720
dual_pivot_sequential,int,ORGAN_PIPE,7943,0.00721
dual_pivot_sequential,int,ORGAN_PIPE,10000,0.00852
dual_pivot_sequential,int,ORGAN_PIPE,12589,0.01174
dual_pivot_sequential,int,ORGAN_PIPE,15849,0.01464
dual_pivot_sequential,int,ORGAN_PIPE,19953,0.02826
dual_pivot_sequential,int,ORGAN_PIPE,25119,0.04496
dual_pivot_sequential,int,ORGAN_PIPE,31623,0.05418
dual_pivot_sequential,int,ORGAN_PIPE,39811,0.06046
dual_pivot_sequential,int,ORGAN_PIPE,50119,0.08258
dual_pivot_sequential,int,ORGAN_PIPE,63096,0.10086
dual_pivot_sequential,int,ORGAN_PIPE,79433,0.12588
dual_pivot_sequential,int,ORGAN_PIPE,100000,0.17003
dual_pivot_sequential,int,ORGAN_PIPE,125893,0.19848
dual_pivot_sequential,int,ORGAN_PIPE,158489,0.27159
dual_pivot_sequential,int,ORGAN_PIPE,199526,0.36198
dual_pivot_sequential,int,ORGAN_PIPE,251189,0.39659
dual_pivot_sequential,int,ORGAN_PIPE,316228,0.50510
dual_pivot_sequential,int,ORGAN_PIPE,398107,0.62808
dual_pivot_sequential,int,ORGAN_PIPE,501187,0.79754
dual_pivot_sequential,int,ORGAN_PIPE,630957,1.05617
dual_pivot_sequential,int,ORGAN_PIPE,794328,1.28919
dual_pivot_sequential,int,ORGAN_PIPE,1000000,1.61432
dual_pivot_sequential,int,ORGAN_PIPE,1258925,2.03076
dual_pivot_sequential,int,ORGAN_PIPE,1584893,2.54941
dual_pivot_sequential,int,ORGAN_PIPE,1995262,3.22929
dual_pivot_sequential,int,ORGAN_PIPE,2511886,4.24127
dual_pivot_sequential,int,ORGAN_PIPE,3162277,5.53122
dual_pivot_sequential,int,ORGAN_PIPE,3981071,7.14689
dual_pivot_sequential,int,ORGAN_PIPE,5011872,9.29632
dual_pivot_sequential,int,ORGAN_PIPE,6309573,11.97530
dual_pivot_sequential,int,ORGAN_PIPE,7943282,15.52890
dual_pivot_sequential,int,ORGAN_PIPE,10000000,20.82030
dual_pivot_sequential,int,RANDOM,1000,0.00895
dual_pivot_sequential,int,RANDOM,1259,0.01371
dual_pivot_sequential,int,RANDOM,1585,0.03311
dual_pivot_sequential,int,RANDOM,1995,0.04296
dual_pivot_sequential,int,RANDOM,2512,0.05809
dual_pivot_sequential,int,RANDOM,3162,0.07016
dual_pivot_sequential,int,RANDOM,3981,0.09490
dual_pivot_sequential,int,RANDOM,5012,0.11113
dual_pivot_sequential,int,RANDOM,6310,0.15640
dual_pivot_sequential,int,RANDOM,7943,0.20053
dual_pivot_sequential,int,RANDOM,10000,0.25111
dual_pivot_sequential,int,RANDOM,12589,0.32808
dual_pivot_sequential,int,RANDOM,15849,0.41292
dual_pivot_sequential,int,RANDOM,19953,0.56113
dual_pivot_sequential,int,RANDOM,25119,0.75541
dual_pivot_sequential,int,RANDOM,31623,0.95868
dual_pivot_sequential,int,RANDOM,39811,1.15403
dual_pivot_sequential,int,RANDOM,50119,1.50828
dual_pivot_sequential,int,RANDOM,63096,1.90829
dual_pivot_sequential,int,RANDOM,79433,2.49553
dual_pivot_sequential,int,RANDOM,100000,3.30553
dual_pivot_sequential,int,RANDOM,125893,4.20487
dual_pivot_sequential,int,RANDOM,158489,5.41382
dual_pivot_sequential,int,RANDOM,199526,6.96022
dual_pivot_sequential,int,RANDOM,251189,8.84565
dual_pivot_sequential,int,RANDOM,316228,11.35040
dual_pivot_sequential,int,RANDOM,398107,14.22940
dual_pivot_sequential,int,RANDOM,501187,18.42820
dual_pivot_sequential,int,RANDOM,630957,23.63710
dual_pivot_sequential,int,RANDOM,794328,29.90660
dual_pivot_sequential,int,RANDOM,1000000,37.98100
dual_pivot_sequential,int,RANDOM,1258925,48.64490
dual_pivot_sequential,int,RANDOM,1584893,63.15670
dual_pivot_sequential,int,RANDOM,1995262,82.56130
dual_pivot_sequential,int,RANDOM,2511886,105.71100
dual_pivot_sequential,int,RANDOM,3162277,133.44400
dual_pivot_sequential,int,RANDOM,3981071,169.84000
dual_pivot_sequential,int,RANDOM,5011872,217.37500
dual_pivot_sequential,int,RANDOM,6309573,280.74900
dual_pivot_sequential,int,RANDOM,7943282,364.37700
dual_pivot_sequential,int,RANDOM,10000000,504.32900
dual_pivot_sequential,int,REVERSE_SORTED,1000,0.00071
dual_pivot_sequential,int,REVERSE_SORTED,1259,0.00086
dual_pivot_sequential,int,REVERSE_SORTED,1585,0.00093
dual_pivot_sequential,int,REVERSE_SORTED,1995,0.00126
dual_pivot_sequential,int,REVERSE_SORTED,2512,0.00127
dual_pivot_sequential,int,REVERSE_SORTED,3162,0.00216
dual_pivot_sequential,int,REVERSE_SORTED,3981,0.00192
dual_pivot_sequential,int,REVERSE_SORTED,5012,0.00281
dual_pivot_sequential,int,REVERSE_SORTED,6310,0.00286
dual_pivot_sequential,int,REVERSE_SORTED,7943,0.00376
dual_pivot_sequential,int,REVERSE_SORTED,10000,0.00439
dual_pivot_sequential,int,REVERSE_SORTED,12589,0.00554
dual_pivot_sequential,int,REVERSE_SORTED,15849,0.00699
dual_pivot_sequential,int,REVERSE_SORTED,19953,0.00866
dual_pivot_sequential,int,REVERSE_SORTED,25119,0.01044
dual_pivot_sequential,int,REVERSE_SORTED,31623,0.01336
dual_pivot_sequential,int,REVERSE_SORTED,39811,0.01662
dual_pivot_sequential,int,REVERSE_SORTED,50119,0.02299
dual_pivot_sequential,int,REVERSE_SORTED,63096,0.02649
dual_pivot_sequential,int,REVERSE_SORTED,79433,0.03319
dual_pivot_sequential,int,REVERSE_SORTED,100000,0.04659
dual_pivot_sequential,int,REVERSE_SORTED,125893,0.05445
dual_pivot_sequential,int,REVERSE_SORTED,158489,0.06997
dual_pivot_sequential,int,REVERSE_SORTED,199526,0.08507
dual_pivot_sequential,int,REVERSE_SORTED,251189,0.10182
dual_pivot_sequential,int,REVERSE_SORTED,316228,0.13878
dual_pivot_sequential,int,REVERSE_SORTED,398107,0.17188
dual_pivot_sequential,int,REVERSE_SORTED,501187,0.20173
dual_pivot_sequential,int,REVERSE_SORTED,630957,0.27453
dual_pivot_sequential,int,REVERSE_SORTED,794328,0.32908
dual_pivot_sequential,int,REVERSE_SORTED,1000000,0.41102
dual_pivot_sequential,int,REVERSE_SORTED,1258925,0.53795
dual_pivot_sequential,int,REVERSE_SORTED,1584893,0.75457
dual_pivot_sequential,int,REVERSE_SORTED,1995262,0.87413
dual_pivot_sequential,int,REVERSE_SORTED,2511886,1.22290
dual_pivot_sequential,int,REVERSE_SORTED,3162277,1.41750
dual_pivot_sequential,int,REVERSE_SORTED,3981071,1.86254
dual_pivot_sequential,int,REVERSE_SORTED,5011872,2.49772
dual_pivot_sequential,int,REVERSE_SORTED,6309573,3.17416
dual_pivot_sequential,int,REVERSE_SORTED,7943282,3.96870
dual_pivot_sequential,int,REVERSE_SORTED,10000000,5.11387
dual_pivot_sequential,int,SAWTOOTH,1000,0.00207
dual_pivot_sequential,int,SAWTOOTH,1259,0.00363
dual_pivot_sequential,int,SAWTOOTH,1585,0.00359
dual_pivot_sequential,int,SAWTOOTH,1995,0.00441
dual_pivot_sequential,int,SAWTOOTH,2512,0.00442
dual_pivot_sequential,int,SAWTOOTH,3162,0.00497
dual_pivot_sequential,int,SAWTOOTH,3981,0.00691
dual_pivot_sequential,int,SAWTOOTH,5012,0.00751
dual_pivot_sequential,int,SAWTOOTH,6310,0.00889
dual_pivot_sequential,int,SAWTOOTH,7943,0.01226
dual_pivot_sequential,int,SAWTOOTH,10000,0.01379
dual_pivot_sequential,int,SAWTOOTH,12589,0.01775
dual_pivot_sequential,int,SAWTOOTH,15849,0.02428
dual_pivot_sequential,int,SAWTOOTH,19953,0.03917
dual_pivot_sequential,int,SAWTOOTH,25119,0.05923
dual_pivot_sequential,int,SAWTOOTH,31623,0.08141
dual_pivot_sequential,int,SAWTOOTH,39811,0.09303
dual_pivot_sequential,int,SAWTOOTH,50119,0.11609
dual_pivot_sequential,int,SAWTOOTH,63096,0.14121
dual_pivot_sequential,int,SAWTOOTH,79433,0.17993
dual_pivot_sequential,int,SAWTOOTH,100000,0.22735
dual_pivot_sequential,int,SAWTOOTH,125893,0.28243
dual_pivot_sequential,int,SAWTOOTH,158489,0.33396
dual_pivot_sequential,int,SAWTOOTH,199526,0.41884
dual_pivot_sequential,int,SAWTOOTH,251189,0.55203
dual_pivot_sequential,int,SAWTOOTH,316228,0.69547
dual_pivot_sequential,int,SAWTOOTH,398107,0.81235
dual_pivot_sequential,int,SAWTOOTH,501187,1.03960
dual_pivot_sequential,int,SAWTOOTH,630957,1.30715
dual_pivot_sequential,int,SAWTOOTH,794328,1.70690
dual_pivot_sequential,int,SAWTOOTH,1000000,2.02185
dual_pivot_sequential,int,SAWTOOTH,1258925,2.61832
dual_pivot_sequential,int,SAWTOOTH,1584893,3.34126
dual_pivot_sequential,int,SAWTOOTH,1995262,4.37635
dual_pivot_sequential,int,SAWTOOTH,2511886,5.36359
dual_pivot_sequential,int,SAWTOOTH,3162277,7.00888
dual_pivot_sequential,int,SAWTOOTH,3981071,9.40847
dual_pivot_sequential,int,SAWTOOTH,5011872,11.84680
dual_pivot_sequential,int,SAWTOOTH,6309573,15.03060
dual_pivot_sequential,int,SAWTOOTH,7943282,19.04050
dual_pivot_sequential,int,SAWTOOTH,10000000,25.13830
qsort,double,MANY_DUPLICATES_10,1000,0.04296
qsort,double,MANY_DUPLICATES_10,1259,0.05251
qsort,double,MANY_DUPLICATES_10,1585,0.06951
qsort,double,MANY_DUPLICATES_10,1995,0.08902
qsort,double,MANY_DUPLICATES_10,2512,0.12331
qsort,double,MANY_DUPLICATES_10,3162,0.15251
qsort,double,MANY_DUPLICATES_10,3981,0.21826
qsort,double,MANY_DUPLICATES_10,5012,0.26460
qsort,double,MANY_DUPLICATES_10,6310,0.32963
qsort,double,MANY_DUPLICATES_10,7943,0.43161
qsort,double,MANY_DUPLICATES_10,10000,0.59047
qsort,double,MANY_DUPLICATES_10,12589,0.75225
qsort,double,MANY_DUPLICATES_10,15849,0.98630
qsort,double,MANY_DUPLICATES_10,19953,1.26812
qsort,double,MANY_DUPLICATES_10,25119,1.60912
qsort,double,MANY_DUPLICATES_10,31623,2.10451
qsort,double,MANY_DUPLICATES_10,39811,2.65113
qsort,double,MANY_DUPLICATES_10,50119,3.54327
qsort,double,MANY_DUPLICATES_10,63096,4.38342
qsort,double,MANY_DUPLICATES_10,79433,5.64157
qsort,double,MANY_DUPLICATES_10,100000,7.24048
qsort,double,MANY_DUPLICATES_10,125893,9.38017
qsort,double,MANY_DUPLICATES_10,158489,12.10550
qsort,double,MANY_DUPLICATES_10,199526,15.41930
qsort,double,MANY_DUPLICATES_10,251189,19.89790
qsort,double,MANY_DUPLICATES_10,316228,25.72680
qsort,double,MANY_DUPLICATES_10,398107,32.85440
qsort,double,MANY_DUPLICATES_10,501187,42.19760
qsort,double,MANY_DUPLICATES_10,630957,54.19960
qsort,double,MANY_DUPLICATES_10,794328,69.56920
qsort,double,MANY_DUPLICATES_10,1000000,89.47340
qsort,double,MANY_DUPLICATES_10,1258925,113.97000
qsort,double,MANY_DUPLICATES_10,1584893,150.72100
qsort,double,MANY_DUPLICATES_10,1995262,192.39800
qsort,double,MANY_DUPLICATES_10,2511886,242.89500
qsort,double,MANY_DUPLICATES_10,3162277,310.28800
qsort,double,MANY_DUPLICATES_10,3981071,393.36200
qsort,double,MANY_DUPLICATES_10,5011872,509.29700
qsort,double,MANY_DUPLICATES_10,6309573,658.14200
qsort,double,MANY_DUPLICATES_10,7943282,827.66000
qsort,double,MANY_DUPLICATES_10,10000000,1064.19000
qsort,double,MANY_DUPLICATES_50,1000,0.04502
qsort,double,MANY_DUPLICATES_50,1259,0.05320
qsort,double,MANY_DUPLICATES_50,1585,0.07247
qsort,double,MANY_DUPLICATES_50,1995,0.09441
qsort,double,MANY_DUPLICATES_50,2512,0.11800
qsort,double,MANY_DUPLICATES_50,3162,0.15268
qsort,double,MANY_DUPLICATES_50,3981,0.21745
qsort,double,MANY_DUPLICATES_50,5012,0.27195
qsort,double,MANY_DUPLICATES_50,6310,0.34978
qsort,double,MANY_DUPLICATES_50,7943,0.43054
qsort,double,MANY_DUPLICATES_50,10000,0.60639
qsort,double,MANY_DUPLICATES_50,12589,0.77291
qsort,double,MANY_DUPLICATES_50,15849,0.96874
qsort,double,MANY_DUPLICATES_50,19953,1.27044
qsort,double,MANY_DUPLICATES_50,25119,1.62720
qsort,double,MANY_DUPLICATES_50,31623,2.09052
qsort,double,MANY_DUPLICATES_50,39811,2.71365
qsort,double,MANY_DUPLICATES_50,50119,3.47661
qsort,double,MANY_DUPLICATES_50,63096,4.40190
qsort,double,MANY_DUPLICATES_50,79433,5.67410
qsort,double,MANY_DUPLICATES_50,100000,7.32685
qsort,double,MANY_DUPLICATES_50,125893,9.43414
qsort,double,MANY_DUPLICATES_50,158489,12.09060
qsort,double,MANY_DUPLICATES_50,199526,15.59290
qsort,double,MANY_DUPLICATES_50,251189,19.81530
qsort,double,MANY_DUPLICATES_50,316228,25.64380
qsort,double,MANY_DUPLICATES_50,398107,32.89530
qsort,double,MANY_DUPLICATES_50,501187,42.38600
qsort,double,MANY_DUPLICATES_50,630957,54.36870
qsort,double,MANY_DUPLICATES_50,794328,68.67230
qsort,double,MANY_DUPLICATES_50,1000000,89.67570
qsort,double,MANY_DUPLICATES_50,1258925,114.96500
qsort,double,MANY_DUPLICATES_50,1584893,146.79900
qsort,double,MANY_DUPLICATES_50,1995262,190.55500
qsort,double,MANY_DUPLICATES_50,2511886,243.72100
qsort,double,MANY_DUPLICATES_50,3162277,308.40100
qsort,double,MANY_DUPLICATES_50,3981071,397.44400
qsort,double,MANY_DUPLICATES_50,5011872,516.98300
qsort,double,MANY_DUPLICATES_50,6309573,657.44400
qsort,double,MANY_DUPLICATES_50,7943282,847.32400
qsort,double,MANY_DUPLICATES_50,10000000,1071.40000
qsort,double,MANY_DUPLICATES_90,1000,0.04408
qsort,double,MANY_DUPLICATES_90,1259,0.05330
qsort,double,MANY_DUPLICATES_90,1585,0.07390
qsort,double,MANY_DUPLICATES_90,1995,0.09105
qsort,double,MANY_DUPLICATES_90,2512,0.12198
qsort,double,MANY_DUPLICATES_90,3162,0.15814
qsort,double,MANY_DUPLICATES_90,3981,0.19847
qsort,double,MANY_DUPLICATES_90,5012,0.26112
qsort,double,MANY_DUPLICATES_90,6310,0.33472
qsort,double,MANY_DUPLICATES_90,7943,0.43490
qsort,double,MANY_DUPLICATES_90,10000,0.57630
qsort,double,MANY_DUPLICATES_90,12589,0.75301
qsort,double,MANY_DUPLICATES_90,15849,0.98287
qsort,double,MANY_DUPLICATES_90,19953,1.26966
qsort,double,MANY_DUPLICATES_90,25119,1.61214
qsort,double,MANY_DUPLICATES_90,31623,2.07067
qsort,double,MANY_DUPLICATES_90,39811,2.67938
qsort,double,MANY_DUPLICATES_90,50119,3.42366
qsort,double,MANY_DUPLICATES_90,63096,4.44783
qsort,double,MANY_DUPLICATES_90,79433,5.65526
qsort,double,MANY_DUPLICATES_90,100000,7.31247
qsort,double,MANY_DUPLICATES_90,125893,9.24988
qsort,double,MANY_DUPLICATES_90,158489,12.05080
qsort,double,MANY_DUPLICATES_90,199526,15.34560
qsort,double,MANY_DUPLICATES_90,251189,19.89590
qsort,double,MANY_DUPLICATES_90,316228,25.54820
qsort,double,MANY_DUPLICATES_90,398107,32.74530
qsort,double,MANY_DUPLICATES_90,501187,41.82850
qsort,double,MANY_DUPLICATES_90,630957,54.13400
qsort,double,MANY_DUPLICATES_90,794328,69.64890
qsort,double,MANY_DUPLICATES_90,1000000,89.03600
qsort,double,MANY_DUPLICATES_90,1258925,114.42300
qsort,double,MANY_DUPLICATES_90,1584893,147.04800
qsort,double,MANY_DUPLICATES_90,1995262,187.21200
qsort,double,MANY_DUPLICATES_90,2511886,239.98400
qsort,double,MANY_DUPLICATES_90,3162277,311.56200
qsort,double,MANY_DUPLICATES_90,3981071,392.82500
qsort,double,MANY_DUPLICATES_90,5011872,508.51100
qsort,double,MANY_DUPLICATES_90,6309573,644.56100
qsort,double,MANY_DUPLICATES_90,7943282,830.18100
qsort,double,MANY_DUPLICATES_90,10000000,1066.37000
qsort,double,NEARLY_SORTED,1000,0.02791
qsort,double,NEARLY_SORTED,1259,0.03216
qsort,double,NEARLY_SORTED,1585,0.04096
qsort,double,NEARLY_SORTED,1995,0.05644
qsort,double,NEARLY_SORTED,2512,0.07017
qsort,double,NEARLY_SORTED,3162,0.08311
qsort,double,NEARLY_SORTED,3981,0.11483
qsort,double,NEARLY_SORTED,5012,0.15211
qsort,double,NEARLY_SORTED,6310,0.17991
qsort,double,NEARLY_SORTED,7943,0.23726
qsort,double,NEARLY_SORTED,10000,0.32156
qsort,double,NEARLY_SORTED,12589,0.41660
qsort,double,NEARLY_SORTED,15849,0.53448
qsort,double,NEARLY_SORTED,19953,0.67696
qsort,double,NEARLY_SORTED,25119,0.87252
qsort,double,NEARLY_SORTED,31623,1.10163
qsort,double,NEARLY_SORTED,39811,1.40496
qsort,double,NEARLY_SORTED,50119,1.81794
qsort,double,NEARLY_SORTED,63096,2.38130
qsort,double,NEARLY_SORTED,79433,2.98295
qsort,double,NEARLY_SORTED,100000,3.80650
qsort,double,NEARLY_SORTED,125893,4.93163
qsort,double,NEARLY_SORTED,158489,6.23829
qsort,double,NEARLY_SORTED,199526,8.01258
qsort,double,NEARLY_SORTED,251189,10.29660
qsort,double,NEARLY_SORTED,316228,13.15190
qsort,double,NEARLY_SORTED,398107,16.95200
qsort,double,NEARLY_SORTED,501187,21.87390
qsort,double,NEARLY_SORTED,630957,27.84520
qsort,double,NEARLY_SORTED,794328,35.66890
qsort,double,NEARLY_SORTED,1000000,46.09230
qsort,double,NEARLY_SORTED,1258925,58.82430
qsort,double,NEARLY_SORTED,1584893,75.49020
qsort,double,NEARLY_SORTED,1995262,97.59510
qsort,double,NEARLY_SORTED,2511886,124.27600
qsort,double,NEARLY_SORTED,3162277,160.92100
qsort,double,NEARLY_SORTED,3981071,204.96400
qsort,double,NEARLY_SORTED,5011872,262.70600
qsort,double,NEARLY_SORTED,6309573,334.70200
qsort,double,NEARLY_SORTED,7943282,432.93400
qsort,double,NEARLY_SORTED,10000000,548.15000
qsort,double,ORGAN_PIPE,1000,0.01564
qsort,double,ORGAN_PIPE,1259,0.01872
qsort,double,ORGAN_PIPE,1585,0.02283
qsort,double,ORGAN_PIPE,1995,0.03020
qsort,double,ORGAN_PIPE,2512,0.03734
qsort,double,ORGAN_PIPE,3162,0.04818
qsort,double,ORGAN_PIPE,3981,0.06225
qsort,double,ORGAN_PIPE,5012,0.08095
qsort,double,ORGAN_PIPE,6310,0.10382
qsort,double,ORGAN_PIPE,7943,0.12488
qsort,double,ORGAN_PIPE,10000,0.19740
qsort,double,ORGAN_PIPE,12589,0.22961
qsort,double,ORGAN_PIPE,15849,0.30319
qsort,double,ORGAN_PIPE,19953,0.37964
qsort,double,ORGAN_PIPE,25119,0.46825
qsort,double,ORGAN_PIPE,31623,0.60012
qsort,double,ORGAN_PIPE,39811,0.77477
qsort,double,ORGAN_PIPE,50119,0.97027
qsort,double,ORGAN_PIPE,63096,1.25628
qsort,double,ORGAN_PIPE,79433,1.63268
qsort,double,ORGAN_PIPE,100000,2.05120
qsort,double,ORGAN_PIPE,125893,2.59538
qsort,double,ORGAN_PIPE,158489,3.40765
qsort,double,ORGAN_PIPE,199526,4.32252
qsort,double,ORGAN_PIPE,251189,5.40661
qsort,double,ORGAN_PIPE,316228,6.95627
qsort,double,ORGAN_PIPE,398107,8.86434
qsort,double,ORGAN_PIPE,501187,11.25000
qsort,double,ORGAN_PIPE,630957,14.59750
qsort,double,ORGAN_PIPE,794328,18.59370
qsort,double,ORGAN_PIPE,1000000,23.87910
qsort,double,ORGAN_PIPE,1258925,30.46510
qsort,double,ORGAN_PIPE,1584893,38.93810
qsort,double,ORGAN_PIPE,1995262,50.13380
qsort,double,ORGAN_PIPE,2511886,64.11860
qsort,double,ORGAN_PIPE,3162277,82.54410
qsort,double,ORGAN_PIPE,3981071,105.04800
qsort,double,ORGAN_PIPE,5011872,135.43800
qsort,double,ORGAN_PIPE,6309573,173.71700
qsort,double,ORGAN_PIPE,7943282,223.41800
qsort,double,ORGAN_PIPE,10000000,287.04400
qsort,double,RANDOM,1000,0.04182
qsort,double,RANDOM,1259,0.05382
qsort,double,RANDOM,1585,0.07454
qsort,double,RANDOM,1995,0.09678
qsort,double,RANDOM,2512,0.12732
qsort,double,RANDOM,3162,0.16412
qsort,double,RANDOM,3981,0.22500
qsort,double,RANDOM,5012,0.27331
qsort,double,RANDOM,6310,0.34280
qsort,double,RANDOM,7943,0.43830
qsort,double,RANDOM,10000,0.59387
qsort,double,RANDOM,12589,0.76485
qsort,double,RANDOM,15849,0.96096
qsort,double,RANDOM,19953,1.25052
qsort,double,RANDOM,25119,1.61839
qsort,double,RANDOM,31623,2.03787
qsort,double,RANDOM,39811,2.70280
qsort,double,RANDOM,50119,3.40765
qsort,double,RANDOM,63096,4.41178
qsort,double,RANDOM,79433,5.62690
qsort,double,RANDOM,100000,7.26635
qsort,double,RANDOM,125893,9.27967
qsort,double,RANDOM,158489,12.00360
qsort,double,RANDOM,199526,15.54660
qsort,double,RANDOM,251189,19.84730
qsort,double,RANDOM,316228,25.60770
qsort,double,RANDOM,398107,33.10710
qsort,double,RANDOM,501187,42.17880
qsort,double,RANDOM,630957,54.45290
qsort,double,RANDOM,794328,69.49930
qsort,double,RANDOM,1000000,89.69080
qsort,double,RANDOM,1258925,114.47300
qsort,double,RANDOM,1584893,147.70200
qsort,double,RANDOM,1995262,187.99000
qsort,double,RANDOM,2511886,241.23200
qsort,double,RANDOM,3162277,308.42600
qsort,double,RANDOM,3981071,393.66300
qsort,double,RANDOM,5011872,510.78100
qsort,double,RANDOM,6309573,645.57700
qsort,double,RANDOM,7943282,835.89100
qsort,double,RANDOM,10000000,1074.28000
qsort,double,REVERSE_SORTED,1000,0.01465
qsort,double,REVERSE_SORTED,1259,0.01697
qsort,double,REVERSE_SORTED,1585,0.02146
qsort,double,REVERSE_SORTED,1995,0.02783
qsort,double,REVERSE_SORTED,2512,0.03549
qsort,double,REVERSE_SORTED,3162,0.04577
qsort,double,REVERSE_SORTED,3981,0.05757
qsort,double,REVERSE_SORTED,5012,0.07377
qsort,double,REVERSE_SORTED,6310,0.09671
qsort,double,REVERSE_SORTED,7943,0.11847
qsort,double,REVERSE_SORTED,10000,0.18858
qsort,double,REVERSE_SORTED,12589,0.21193
qsort,double,REVERSE_SORTED,15849,0.29521
qsort,double,REVERSE_SORTED,19953,0.35620
qsort,double,REVERSE_SORTED,25119,0.45387
qsort,double,REVERSE_SORTED,31623,0.56442
qsort,double,REVERSE_SORTED,39811,0.74423
qsort,double,REVERSE_SORTED,50119,0.93878
qsort,double,REVERSE_SORTED,63096,1.18573
qsort,double,REVERSE_SORTED,79433,1.56996
qsort,double,REVERSE_SORTED,100000,1.99076
qsort,double,REVERSE_SORTED,125893,2.49964
qsort,double,REVERSE_SORTED,158489,3.31241
qsort,double,REVERSE_SORTED,199526,4.19124
qsort,double,REVERSE_SORTED,251189,5.26103
qsort,double,REVERSE_SORTED,316228,6.88962
qsort,double,REVERSE_SORTED,398107,8.72349
qsort,double,REVERSE_SORTED,501187,11.24620
qsort,double,REVERSE_SORTED,630957,14.58430
qsort,double,REVERSE_SORTED,794328,18.36390
qsort,double,REVERSE_SORTED,1000000,23.50560
qsort,double,REVERSE_SORTED,1258925,30.92470
qsort,double,REVERSE_SORTED,1584893,39.22570
qsort,double,REVERSE_SORTED,1995262,49.48150
qsort,double,REVERSE_SORTED,2511886,64.32140
qsort,double,REVERSE_SORTED,3162277,82.57370
qsort,double,REVERSE_SORTED,3981071,104.77600
qsort,double,REVERSE_SORTED,5011872,137.22900
qsort,double,REVERSE_SORTED,6309573,174.56500
qsort,double,REVERSE_SORTED,7943282,224.35400
qsort,double,REVERSE_SORTED,10000000,288.83800
qsort,double,SAWTOOTH,1000,0.01835
qsort,double,SAWTOOTH,1259,0.02284
qsort,double,SAWTOOTH,1585,0.02976
qsort,double,SAWTOOTH,1995,0.04618
qsort,double,SAWTOOTH,2512,0.04525
qsort,double,SAWTOOTH,3162,0.05631
qsort,double,SAWTOOTH,3981,0.09262
qsort,double,SAWTOOTH,5012,0.09068
qsort,double,SAWTOOTH,6310,0.11980
qsort,double,SAWTOOTH,7943,0.14761
qsort,double,SAWTOOTH,10000,0.19374
qsort,double,SAWTOOTH,12589,0.27315
qsort,double,SAWTOOTH,15849,0.35078
qsort,double,SAWTOOTH,19953,0.42432
qsort,double,SAWTOOTH,25119,0.52614
qsort,double,SAWTOOTH,31623,0.67983
qsort,double,SAWTOOTH,39811,0.86032
qsort,double,SAWTOOTH,50119,1.09354
qsort,double,SAWTOOTH,63096,1.42086
qsort,double,SAWTOOTH,79433,1.97673
qsort,double,SAWTOOTH,100000,2.31993
qsort,double,SAWTOOTH,125893,2.93986
qsort,double,SAWTOOTH,158489,3.93177
qsort,double,SAWTOOTH,199526,4.81181
qsort,double,SAWTOOTH,251189,6.12029
qsort,double,SAWTOOTH,316228,7.65232
qsort,double,SAWTOOTH,398107,9.79181
qsort,double,SAWTOOTH,501187,14.00390
qsort,double,SAWTOOTH,630957,16.43510
qsort,double,SAWTOOTH,794328,21.63930
qsort,double,SAWTOOTH,1000000,26.71470
qsort,double,SAWTOOTH,1258925,33.92370
qsort,double,SAWTOOTH,1584893,42.97960
qsort,double,SAWTOOTH,1995262,55.38060
qsort,double,SAWTOOTH,2511886,70.45040
qsort,double,SAWTOOTH,3162277,89.73190
qsort,double,SAWTOOTH,3981071,116.82300
qsort,double,SAWTOOTH,5011872,146.91800
qsort,double,SAWTOOTH,6309573,186.45400
qsort,double,SAWTOOTH,7943282,240.26300
qsort,double,SAWTOOTH,10000000,305.03500
qsort,int,MANY_DUPLICATES_10,1000,0.03759
qsort,int,MANY_DUPLICATES_10,1259,0.05241
qsort,int,MANY_DUPLICATES_10,1585,0.06721
qsort,int,MANY_DUPLICATES_10,1995,0.08498
qsort,int,MANY_DUPLICATES_10,2512,0.10699
qsort,int,MANY_DUPLICATES_10,3162,0.14981
qsort,int,MANY_DUPLICATES_10,3981,0.18862
qsort,int,MANY_DUPLICATES_10,5012,0.24141
qsort,int,MANY_DUPLICATES_10,6310,0.32549
qsort,int,MANY_DUPLICATES_10,7943,0.40407
qsort,int,MANY_DUPLICATES_10,10000,0.56333
qsort,int,MANY_DUPLICATES_10,12589,0.68954
qsort,int,MANY_DUPLICATES_10,15849,0.94383
qsort,int,MANY_DUPLICATES_10,19953,1.16097
qsort,int,MANY_DUPLICATES_10,25119,1.50975
qsort,int,MANY_DUPLICATES_10,31623,1.95459
qsort,int,MANY_DUPLICATES_10,39811,2.51714
qsort,int,MANY_DUPLICATES_10,50119,3.20957
qsort,int,MANY_DUPLICATES_10,63096,4.17748
qsort,int,MANY_DUPLICATES_10,79433,5.24303
qsort,int,MANY_DUPLICATES_10,100000,6.74214
qsort,int,MANY_DUPLICATES_10,125893,8.68569
qsort,int,MANY_DUPLICATES_10,158489,11.09350
qsort,int,MANY_DUPLICATES_10,199526,14.25230
qsort,int,MANY_DUPLICATES_10,251189,18.38550
qsort,int,MANY_DUPLICATES_10,316228,23.53400
qsort,int,MANY_DUPLICATES_10,398107,30.16780
qsort,int,MANY_DUPLICATES_10,501187,38.70480
qsort,int,MANY_DUPLICATES_10,630957,49.71660
qsort,int,MANY_DUPLICATES_10,794328,63.70720
qsort,int,MANY_DUPLICATES_10,1000000,81.64820
qsort,int,MANY_DUPLICATES_10,1258925,104.64400
qsort,int,MANY_DUPLICATES_10,1584893,135.84700
qsort,int,MANY_DUPLICATES_10,1995262,173.80500
qsort,int,MANY_DUPLICATES_10,2511886,222.75600
qsort,int,MANY_DUPLICATES_10,3162277,290.09000
qsort,int,MANY_DUPLICATES_10,3981071,373.04600
qsort,int,MANY_DUPLICATES_10,5011872,463.08300
qsort,int,MANY_DUPLICATES_10,6309573,596.59200
qsort,int,MANY_DUPLICATES_10,7943282,763.72200
qsort,int,MANY_DUPLICATES_10,10000000,979.23500
qsort,int,MANY_DUPLICATES_50,1000,0.04322
qsort,int,MANY_DUPLICATES_50,1259,0.05686
qsort,int,MANY_DUPLICATES_50,1585,0.07531
qsort,int,MANY_DUPLICATES_50,1995,0.09108
qsort,int,MANY_DUPLICATES_50,2512,0.12016
qsort,int,MANY_DUPLICATES_50,3162,0.15483
qsort,int,MANY_DUPLICATES_50,3981,0.19751
qsort,int,MANY_DUPLICATES_50,5012,0.26010
qsort,int,MANY_DUPLICATES_50,6310,0.34167
qsort,int,MANY_DUPLICATES_50,7943,0.43680
qsort,int,MANY_DUPLICATES_50,10000,0.55498
qsort,int,MANY_DUPLICATES_50,12589,0.70733
qsort,int,MANY_DUPLICATES_50,15849,0.94939
qsort,int,MANY_DUPLICATES_50,19953,1.21393
qsort,int,MANY_DUPLICATES_50,25119,1.56030
qsort,int,MANY_DUPLICATES_50,31623,1.99895
qsort,int,MANY_DUPLICATES_50,39811,2.56468
qsort,int,MANY_DUPLICATES_50,50119,3.30009
qsort,int,MANY_DUPLICATES_50,63096,4.23240
qsort,int,MANY_DUPLICATES_50,79433,5.43103
qsort,int,MANY_DUPLICATES_50,100000,7.03988
qsort,int,MANY_DUPLICATES_50,125893,8.99076
qsort,int,MANY_DUPLICATES_50,158489,11.51230
qsort,int,MANY_DUPLICATES_50,199526,14.85790
qsort,int,MANY_DUPLICATES_50,251189,19.03900
qsort,int,MANY_DUPLICATES_50,316228,24.40950
qsort,int,MANY_DUPLICATES_50,398107,31.50550
qsort,int,MANY_DUPLICATES_50,501187,40.14760
qsort,int,MANY_DUPLICATES_50,630957,51.12300
qsort,int,MANY_DUPLICATES_50,794328,65.69770
qsort,int,MANY_DUPLICATES_50,1000000,84.75430
qsort,int,MANY_DUPLICATES_50,1258925,108.41600
qsort,int,MANY_DUPLICATES_50,1584893,139.58400
qsort,int,MANY_DUPLICATES_50,1995262,178.40500
qsort,int,MANY_DUPLICATES_50,2511886,228.39300
qsort,int,MANY_DUPLICATES_50,3162277,292.94300
qsort,int,MANY_DUPLICATES_50,3981071,376.32200
qsort,int,MANY_DUPLICATES_50,5011872,480.89900
qsort,int,MANY_DUPLICATES_50,6309573,615.92900
qsort,int,MANY_DUPLICATES_50,7943282,784.70200
qsort,int,MANY_DUPLICATES_50,10000000,1007.09000
qsort,int,MANY_DUPLICATES_90,1000,0.04345
qsort,int,MANY_DUPLICATES_90,1259,0.05361
qsort,int,MANY_DUPLICATES_90,1585,0.07444
qsort,int,MANY_DUPLICATES_90,1995,0.09781
qsort,int,MANY_DUPLICATES_90,2512,0.12326
qsort,int,MANY_DUPLICATES_90,3162,0.15685
qsort,int,MANY_DUPLICATES_90,3981,0.20030
qsort,int,MANY_DUPLICATES_90,5012,0.25524
qsort,int,MANY_DUPLICATES_90,6310,0.33530
qsort,int,MANY_DUPLICATES_90,7943,0.42428
qsort,int,MANY_DUPLICATES_90,10000,0.55374
qsort,int,MANY_DUPLICATES_90,12589,0.72001
qsort,int,MANY_DUPLICATES_90,15849,0.96233
qsort,int,MANY_DUPLICATES_90,19953,1.22592
qsort,int,MANY_DUPLICATES_90,25119,1.58516
qsort,int,MANY_DUPLICATES_90,31623,1.99961
qsort,int,MANY_DUPLICATES_90,39811,2.58448
qsort,int,MANY_DUPLICATES_90,50119,3.30915
qsort,int,MANY_DUPLICATES_90,63096,4.24072
qsort,int,MANY_DUPLICATES_90,79433,5.43446
qsort,int,MANY_DUPLICATES_90,100000,6.97657
qsort,int,MANY_DUPLICATES_90,125893,8.95795
qsort,int,MANY_DUPLICATES_90,158489,11.47530
qsort,int,MANY_DUPLICATES_90,199526,14.81950
qsort,int,MANY_DUPLICATES_90,251189,19.06820
qsort,int,MANY_DUPLICATES_90,316228,24.59280
qsort,int,MANY_DUPLICATES_90,398107,32.74100
qsort,int,MANY_DUPLICATES_90,501187,41.14380
qsort,int,MANY_DUPLICATES_90,630957,51.26520
qsort,int,MANY_DUPLICATES_90,794328,66.09930
qsort,int,MANY_DUPLICATES_90,1000000,84.52370
qsort,int,MANY_DUPLICATES_90,1258925,109.10000
qsort,int,MANY_DUPLICATES_90,1584893,141.06400
qsort,int,MANY_DUPLICATES_90,1995262,181.02500
qsort,int,MANY_DUPLICATES_90,2511886,228.29500
qsort,int,MANY_DUPLICATES_90,3162277,290.88900
qsort,int,MANY_DUPLICATES_90,3981071,375.76000
qsort,int,MANY_DUPLICATES_90,5011872,478.81800
qsort,int,MANY_DUPLICATES_90,6309573,607.82200
qsort,int,MANY_DUPLICATES_90,7943282,783.48400
qsort,int,MANY_DUPLICATES_90,10000000,1008.44000
qsort,int,NEARLY_SORTED,1000,0.02477
qsort,int,NEARLY_SORTED,1259,0.03109
qsort,int,NEARLY_SORTED,1585,0.03826
qsort,int,NEARLY_SORTED,1995,0.04894
qsort,int,NEARLY_SORTED,2512,0.06540
qsort,int,NEARLY_SORTED,3162,0.08426
qsort,int,NEARLY_SORTED,3981,0.10104
qsort,int,NEARLY_SORTED,5012,0.14029
qsort,int,NEARLY_SORTED,6310,0.17916
qsort,int,NEARLY_SORTED,7943,0.22686
qsort,int,NEARLY_SORTED,10000,0.30287
qsort,int,NEARLY_SORTED,12589,0.37913
qsort,int,NEARLY_SORTED,15849,0.47257
qsort,int,NEARLY_SORTED,19953,0.64558
qsort,int,NEARLY_SORTED,25119,0.82963
qsort,int,NEARLY_SORTED,31623,1.06329
qsort,int,NEARLY_SORTED,39811,1.32350
qsort,int,NEARLY_SORTED,50119,1.71979
qsort,int,NEARLY_SORTED,63096,2.19202
qsort,int,NEARLY_SORTED,79433,3.00389
qsort,int,NEARLY_SORTED,100000,3.61315
qsort,int,NEARLY_SORTED,125893,4.63954
qsort,int,NEARLY_SORTED,158489,5.90748
qsort,int,NEARLY_SORTED,199526,7.59538
qsort,int,NEARLY_SORTED,251189,9.75674
qsort,int,NEARLY_SORTED,316228,12.52970
qsort,int,NEARLY_SORTED,398107,16.00430
qsort,int,NEARLY_SORTED,501187,20.71620
qsort,int,NEARLY_SORTED,630957,26.57150
qsort,int,NEARLY_SORTED,794328,33.80740
qsort,int,NEARLY_SORTED,1000000,43.15350
qsort,int,NEARLY_SORTED,1258925,55.53390
qsort,int,NEARLY_SORTED,1584893,71.22920
qsort,int,NEARLY_SORTED,1995262,90.46420
qsort,int,NEARLY_SORTED,2511886,116.95400
qsort,int,NEARLY_SORTED,3162277,148.63900
qsort,int,NEARLY_SORTED,3981071,189.39100
qsort,int,NEARLY_SORTED,5011872,244.97900
qsort,int,NEARLY_SORTED,6309573,310.32300
qsort,int,NEARLY_SORTED,7943282,400.81900
qsort,int,NEARLY_SORTED,10000000,515.16600
qsort,int,ORGAN_PIPE,1000,0.01524
qsort,int,ORGAN_PIPE,1259,0.01746
qsort,int,ORGAN_PIPE,1585,0.02431
qsort,int,ORGAN_PIPE,1995,0.02866
qsort,int,ORGAN_PIPE,2512,0.03533
qsort,int,ORGAN_PIPE,3162,0.04572
qsort,int,ORGAN_PIPE,3981,0.05993
qsort,int,ORGAN_PIPE,5012,0.07477
qsort,int,ORGAN_PIPE,6310,0.09681
qsort,int,ORGAN_PIPE,7943,0.12029
qsort,int,ORGAN_PIPE,10000,0.15476
qsort,int,ORGAN_PIPE,12589,0.19883
qsort,int,ORGAN_PIPE,15849,0.27567
qsort,int,ORGAN_PIPE,19953,0.33116
qsort,int,ORGAN_PIPE,25119,0.43448
qsort,int,ORGAN_PIPE,31623,0.58030
qsort,int,ORGAN_PIPE,39811,0.70515
qsort,int,ORGAN_PIPE,50119,0.91058
qsort,int,ORGAN_PIPE,63096,1.16272
qsort,int,ORGAN_PIPE,79433,1.51147
qsort,int,ORGAN_PIPE,100000,1.88170
qsort,int,ORGAN_PIPE,125893,2.45445
qsort,int,ORGAN_PIPE,158489,3.12311
qsort,int,ORGAN_PIPE,199526,3.94562
qsort,int,ORGAN_PIPE,251189,5.06234
qsort,int,ORGAN_PIPE,316228,6.47024
qsort,int,ORGAN_PIPE,398107,8.24339
qsort,int,ORGAN_PIPE,501187,10.50830
qsort,int,ORGAN_PIPE,630957,13.51140
qsort,int,ORGAN_PIPE,794328,17.14560
qsort,int,ORGAN_PIPE,1000000,21.90110
qsort,int,ORGAN_PIPE,1258925,27.97730
qsort,int,ORGAN_PIPE,1584893,35.55960
qsort,int,ORGAN_PIPE,1995262,45.87750
qsort,int,ORGAN_PIPE,2511886,58.92020
qsort,int,ORGAN_PIPE,3162277,75.27910
qsort,int,ORGAN_PIPE,3981071,95.90600
qsort,int,ORGAN_PIPE,5011872,123.73900
qsort,int,ORGAN_PIPE,6309573,156.79400
qsort,int,ORGAN_PIPE,7943282,203.29300
qsort,int,ORGAN_PIPE,10000000,260.20800
qsort,int,RANDOM,1000,0.04340
qsort,int,RANDOM,1259,0.05397
qsort,int,RANDOM,1585,0.07038
qsort,int,RANDOM,1995,0.09367
qsort,int,RANDOM,2512,0.12146
qsort,int,RANDOM,3162,0.14929
qsort,int,RANDOM,3981,0.20978
qsort,int,RANDOM,5012,0.25317
qsort,int,RANDOM,6310,0.33153
qsort,int,RANDOM,7943,0.43444
qsort,int,RANDOM,10000,0.54181
qsort,int,RANDOM,12589,0.71051
qsort,int,RANDOM,15849,0.93115
qsort,int,RANDOM,19953,1.22656
qsort,int,RANDOM,25119,1.58021
qsort,int,RANDOM,31623,2.01834
qsort,int,RANDOM,39811,2.57724
qsort,int,RANDOM,50119,3.29392
qsort,int,RANDOM,63096,4.22991
qsort,int,RANDOM,79433,5.40329
qsort,int,RANDOM,100000,7.00521
qsort,int,RANDOM,125893,8.98203
qsort,int,RANDOM,158489,11.49850
qsort,int,RANDOM,199526,14.85510
qsort,int,RANDOM,251189,19.09880
qsort,int,RANDOM,316228,24.42090
qsort,int,RANDOM,398107,31.13060
qsort,int,RANDOM,501187,39.95300
qsort,int,RANDOM,630957,51.04610
qsort,int,RANDOM,794328,65.59860
qsort,int,RANDOM,1000000,84.64990
qsort,int,RANDOM,1258925,107.88100
qsort,int,RANDOM,1584893,138.76400
qsort,int,RANDOM,1995262,177.28100
qsort,int,RANDOM,2511886,227.95600
qsort,int,RANDOM,3162277,291.16300
qsort,int,RANDOM,3981071,373.56900
qsort,int,RANDOM,5011872,481.07000
qsort,int,RANDOM,6309573,612.98000
qsort,int,RANDOM,7943282,783.61300
qsort,int,RANDOM,10000000,1007.55000
qsort,int,REVERSE_SORTED,1000,0.01451
qsort,int,REVERSE_SORTED,1259,0.01821
qsort,int,REVERSE_SORTED,1585,0.02318
qsort,int,REVERSE_SORTED,1995,0.02832
qsort,int,REVERSE_SORTED,2512,0.03857
qsort,int,REVERSE_SORTED,3162,0.04775
qsort,int,REVERSE_SORTED,3981,0.05837
qsort,int,REVERSE_SORTED,5012,0.07692
qsort,int,REVERSE_SORTED,6310,0.10013
qsort,int,REVERSE_SORTED,7943,0.12394
qsort,int,REVERSE_SORTED,10000,0.17113
qsort,int,REVERSE_SORTED,12589,0.20527
qsort,int,REVERSE_SORTED,15849,0.26013
qsort,int,REVERSE_SORTED,19953,0.36513
qsort,int,REVERSE_SORTED,25119,0.44189
qsort,int,REVERSE_SORTED,31623,0.58639
qsort,int,REVERSE_SORTED,39811,0.74211
qsort,int,REVERSE_SORTED,50119,0.93231
qsort,int,REVERSE_SORTED,63096,1.20199
qsort,int,REVERSE_SORTED,79433,1.54095
qsort,int,REVERSE_SORTED,100000,1.94985
qsort,int,REVERSE_SORTED,125893,2.48029
qsort,int,REVERSE_SORTED,158489,3.21795
qsort,int,REVERSE_SORTED,199526,4.09366
qsort,int,REVERSE_SORTED,251189,5.15358
qsort,int,REVERSE_SORTED,316228,6.71958
qsort,int,REVERSE_SORTED,398107,8.52390
qsort,int,REVERSE_SORTED,501187,10.86930
qsort,int,REVERSE_SORTED,630957,14.07480
qsort,int,REVERSE_SORTED,794328,17.96800
qsort,int,REVERSE_SORTED,1000000,22.69650
qsort,int,REVERSE_SORTED,1258925,29.29610
qsort,int,REVERSE_SORTED,1584893,36.92370
qsort,int,REVERSE_SORTED,1995262,47.17020
qsort,int,REVERSE_SORTED,2511886,61.53780
qsort,int,REVERSE_SORTED,3162277,77.61010
qsort,int,REVERSE_SORTED,3981071,99.32880
qsort,int,REVERSE_SORTED,5011872,128.44700
qsort,int,REVERSE_SORTED,6309573,165.59700
qsort,int,REVERSE_SORTED,7943282,211.45000
qsort,int,REVERSE_SORTED,10000000,270.12700
qsort,int,SAWTOOTH,1000,0.01621
qsort,int,SAWTOOTH,1259,0.02063
qsort,int,SAWTOOTH,1585,0.02698
qsort,int,SAWTOOTH,1995,0.03235
qsort,int,SAWTOOTH,2512,0.04196
qsort,int,SAWTOOTH,3162,0.05228
qsort,int,SAWTOOTH,3981,0.06546
qsort,int,SAWTOOTH,5012,0.08344
qsort,int,SAWTOOTH,6310,0.10526
qsort,int,SAWTOOTH,7943,0.13587
qsort,int,SAWTOOTH,10000,0.17120
qsort,int,SAWTOOTH,12589,0.21947
qsort,int,SAWTOOTH,15849,0.29392
qsort,int,SAWTOOTH,19953,0.36238
qsort,int,SAWTOOTH,25119,0.47361
qsort,int,SAWTOOTH,31623,0.61566
qsort,int,SAWTOOTH,39811,0.76671
qsort,int,SAWTOOTH,50119,0.97974
qsort,int,SAWTOOTH,63096,1.28076
qsort,int,SAWTOOTH,79433,1.58771
qsort,int,SAWTOOTH,100000,2.08953
qsort,int,SAWTOOTH,125893,2.62943
qsort,int,SAWTOOTH,158489,3.31213
qsort,int,SAWTOOTH,199526,4.26350
qsort,int,SAWTOOTH,251189,5.47097
qsort,int,SAWTOOTH,316228,6.82670
qsort,int,SAWTOOTH,398107,8.82955
qsort,int,SAWTOOTH,501187,11.29960
qsort,int,SAWTOOTH,630957,14.22290
qsort,int,SAWTOOTH,794328,18.43550
qsort,int,SAWTOOTH,1000000,23.45900
qsort,int,SAWTOOTH,1258925,29.53630
qsort,int,SAWTOOTH,1584893,37.85770
qsort,int,SAWTOOTH,1995262,48.33440
qsort,int,SAWTOOTH,2511886,62.51730
qsort,int,SAWTOOTH,3162277,79.27120
qsort,int,SAWTOOTH,3981071,103.08100
qsort,int,SAWTOOTH,5011872,129.41800
qsort,int,SAWTOOTH,6309573,165.04000
qsort,int,SAWTOOTH,7943282,213.44100
qsort,int,SAWTOOTH,10000000,272.31300
std_sort,double,MANY_DUPLICATES_10,1000,0.02186
std_sort,double,MANY_DUPLICATES_10,1259,0.03100
std_sort,double,MANY_DUPLICATES_10,1585,0.03519
std_sort,double,MANY_DUPLICATES_10,1995,0.05155
std_sort,double,MANY_DUPLICATES_10,2512,0.06406
std_sort,double,MANY_DUPLICATES_10,3162,0.09300
std_sort,double,MANY_DUPLICATES_10,3981,0.11011
std_sort,double,MANY_DUPLICATES_10,5012,0.15429
std_sort,double,MANY_DUPLICATES_10,6310,0.19584
std_sort,double,MANY_DUPLICATES_10,7943,0.24367
std_sort,double,MANY_DUPLICATES_10,10000,0.34615
std_sort,double,MANY_DUPLICATES_10,12589,0.47719
std_sort,double,MANY_DUPLICATES_10,15849,0.54562
std_sort,double,MANY_DUPLICATES_10,19953,0.70735
std_sort,double,MANY_DUPLICATES_10,25119,0.94894
std_sort,double,MANY_DUPLICATES_10,31623,1.17779
std_sort,double,MANY_DUPLICATES_10,39811,1.50518
std_sort,double,MANY_DUPLICATES_10,50119,1.90040
std_sort,double,MANY_DUPLICATES_10,63096,2.44563
std_sort,double,MANY_DUPLICATES_10,79433,3.17435
std_sort,double,MANY_DUPLICATES_10,100000,3.96004
std_sort,double,MANY_DUPLICATES_10,125893,5.23067
std_sort,double,MANY_DUPLICATES_10,158489,6.51066
std_sort,double,MANY_DUPLICATES_10,199526,8.28621
std_sort,double,MANY_DUPLICATES_10,251189,10.61440
std_sort,double,MANY_DUPLICATES_10,316228,13.79130
std_sort,double,MANY_DUPLICATES_10,398107,17.79250
std_sort,double,MANY_DUPLICATES_10,501187,22.22760
std_sort,double,MANY_DUPLICATES_10,630957,28.32670
std_sort,double,MANY_DUPLICATES_10,794328,36.91590
std_sort,double,MANY_DUPLICATES_10,1000000,47.59320
std_sort,double,MANY_DUPLICATES_10,1258925,60.82470
std_sort,double,MANY_DUPLICATES_10,1584893,77.89030
std_sort,double,MANY_DUPLICATES_10,1995262,101.33900
std_sort,double,MANY_DUPLICATES_10,2511886,130.67400
std_sort,double,MANY_DUPLICATES_10,3162277,164.43600
std_sort,double,MANY_DUPLICATES_10,3981071,210.08700
std_sort,double,MANY_DUPLICATES_10,5011872,267.74000
std_sort,double,MANY_DUPLICATES_10,6309573,342.94100
std_sort,double,MANY_DUPLICATES_10,7943282,442.41700
std_sort,double,MANY_DUPLICATES_10,10000000,566.93400
std_sort,double,MANY_DUPLICATES_50,1000,0.01737
std_sort,double,MANY_DUPLICATES_50,1259,0.03108
std_sort,double,MANY_DUPLICATES_50,1585,0.03820
std_sort,double,MANY_DUPLICATES_50,1995,0.04344
std_sort,double,MANY_DUPLICATES_50,2512,0.07176
std_sort,double,MANY_DUPLICATES_50,3162,0.09231
std_sort,double,MANY_DUPLICATES_50,3981,0.12099
std_sort,double,MANY_DUPLICATES_50,5012,0.15106
std_sort,double,MANY_DUPLICATES_50,6310,0.19429
std_sort,double,MANY_DUPLICATES_50,7943,0.26404
std_sort,double,MANY_DUPLICATES_50,10000,0.35792
std_sort,double,MANY_DUPLICATES_50,12589,0.44557
std_sort,double,MANY_DUPLICATES_50,15849,0.55860
std_sort,double,MANY_DUPLICATES_50,19953,0.71476
std_sort,double,MANY_DUPLICATES_50,25119,0.92713
std_sort,double,MANY_DUPLICATES_50,31623,1.15899
std_sort,double,MANY_DUPLICATES_50,39811,1.57356
std_sort,double,MANY_DUPLICATES_50,50119,1.89863
std_sort,double,MANY_DUPLICATES_50,63096,2.48597
std_sort,double,MANY_DUPLICATES_50,79433,3.19371
std_sort,double,MANY_DUPLICATES_50,100000,3.95878
std_sort,double,MANY_DUPLICATES_50,125893,5.14394
std_sort,double,MANY_DUPLICATES_50,158489,6.53701
std_sort,double,MANY_DUPLICATES_50,199526,8.26800
std_sort,double,MANY_DUPLICATES_50,251189,10.59650
std_sort,double,MANY_DUPLICATES_50,316228,13.70500
std_sort,double,MANY_DUPLICATES_50,398107,17.83880
std_sort,double,MANY_DUPLICATES_50,501187,22.25770
std_sort,double,MANY_DUPLICATES_50,630957,28.46960
std_sort,double,MANY_DUPLICATES_50,794328,36.93540
std_sort,double,MANY_DUPLICATES_50,1000000,47.54390
std_sort,double,MANY_DUPLICATES_50,1258925,61.34890
std_sort,double,MANY_DUPLICATES_50,1584893,78.20560
std_sort,double,MANY_DUPLICATES_50,1995262,100.97300
std_sort,double,MANY_DUPLICATES_50,2511886,129.97900
std_sort,double,MANY_DUPLICATES_50,3162277,163.54700
std_sort,double,MANY_DUPLICATES_50,3981071,210.21500
std_sort,double,MANY_DUPLICATES_50,5011872,270.25000
std_sort,double,MANY_DUPLICATES_50,6309573,344.88400
std_sort,double,MANY_DUPLICATES_50,7943282,445.53400
std_sort,double,MANY_DUPLICATES_50,10000000,566.82100
std_sort,double,MANY_DUPLICATES_90,1000,0.02149
std_sort,double,MANY_DUPLICATES_90,1259,0.02858
std_sort,double,MANY_DUPLICATES_90,1585,0.03408
std_sort,double,MANY_DUPLICATES_90,1995,0.05449
std_sort,double,MANY_DUPLICATES_90,2512,0.07080
std_sort,double,MANY_DUPLICATES_90,3162,0.08444
std_sort,double,MANY_DUPLICATES_90,3981,0.12000
std_sort,double,MANY_DUPLICATES_90,5012,0.15335
std_sort,double,MANY_DUPLICATES_90,6310,0.20131
std_sort,double,MANY_DUPLICATES_90,7943,0.24524
std_sort,double,MANY_DUPLICATES_90,10000,0.33588
std_sort,double,MANY_DUPLICATES_90,12589,0.42178
std_sort,double,MANY_DUPLICATES_90,15849,0.55139
std_sort,double,MANY_DUPLICATES_90,19953,0.72568
std_sort,double,MANY_DUPLICATES_90,25119,0.93383
std_sort,double,MANY_DUPLICATES_90,31623,1.15135
std_sort,double,MANY_DUPLICATES_90,39811,1.47541
std_sort,double,MANY_DUPLICATES_90,50119,1.92678
std_sort,double,MANY_DUPLICATES_90,63096,2.47357
std_sort,double,MANY_DUPLICATES_90,79433,3.17870
std_sort,double,MANY_DUPLICATES_90,100000,3.94603
std_sort,double,MANY_DUPLICATES_90,125893,5.13082
std_sort,double,MANY_DUPLICATES_90,158489,6.57703
std_sort,double,MANY_DUPLICATES_90,199526,8.33361
std_sort,double,MANY_DUPLICATES_90,251189,10.62990
std_sort,double,MANY_DUPLICATES_90,316228,13.79340
std_sort,double,MANY_DUPLICATES_90,398107,17.82020
std_sort,double,MANY_DUPLICATES_90,501187,22.25940
std_sort,double,MANY_DUPLICATES_90,630957,28.43420
std_sort,double,MANY_DUPLICATES_90,794328,37.14180
std_sort,double,MANY_DUPLICATES_90,1000000,47.09520
std_sort,double,MANY_DUPLICATES_90,1258925,60.77090
std_sort,double,MANY_DUPLICATES_90,1584893,77.19910
std_sort,double,MANY_DUPLICATES_90,1995262,101.39700
std_sort,double,MANY_DUPLICATES_90,2511886,133.25700
std_sort,double,MANY_DUPLICATES_90,3162277,169.69700
std_sort,double,MANY_DUPLICATES_90,3981071,210.42500
std_sort,double,MANY_DUPLICATES_90,5011872,266.66800
std_sort,double,MANY_DUPLICATES_90,6309573,342.55300
std_sort,double,MANY_DUPLICATES_90,7943282,443.37700
std_sort,double,MANY_DUPLICATES_90,10000000,570.44700
std_sort,double,NEARLY_SORTED,1000,0.00799
std_sort,double,NEARLY_SORTED,1259,0.01062
std_sort,double,NEARLY_SORTED,1585,0.01666
std_sort,double,NEARLY_SORTED,1995,0.01970
std_sort,double,NEARLY_SORTED,2512,0.02897
std_sort,double,NEARLY_SORTED,3162,0.03789
std_sort,double,NEARLY_SORTED,3981,0.04260
std_sort,double,NEARLY_SORTED,5012,0.06032
std_sort,double,NEARLY_SORTED,6310,0.07801
std_sort,double,NEARLY_SORTED,7943,0.09503
std_sort,double,NEARLY_SORTED,10000,0.13954
std_sort,double,NEARLY_SORTED,12589,0.16802
std_sort,double,NEARLY_SORTED,15849,0.22198
std_sort,double,NEARLY_SORTED,19953,0.26578
std_sort,double,NEARLY_SORTED,25119,0.35813
std_sort,double,NEARLY_SORTED,31623,0.44104
std_sort,double,NEARLY_SORTED,39811,0.57044
std_sort,double,NEARLY_SORTED,50119,0.74316
std_sort,double,NEARLY_SORTED,63096,0.94861
std_sort,double,NEARLY_SORTED,79433,1.16423
std_sort,double,NEARLY_SORTED,100000,1.60946
std_sort,double,NEARLY_SORTED,125893,1.96406
std_sort,double,NEARLY_SORTED,158489,2.55414
std_sort,double,NEARLY_SORTED,199526,3.14301
std_sort,double,NEARLY_SORTED,251189,4.09348
std_sort,double,NEARLY_SORTED,316228,5.22325
std_sort,double,NEARLY_SORTED,398107,6.66138
std_sort,double,NEARLY_SORTED,501187,8.46922
std_sort,double,NEARLY_SORTED,630957,10.89290
std_sort,double,NEARLY_SORTED,794328,13.95000
std_sort,double,NEARLY_SORTED,1000000,18.19000
std_sort,double,NEARLY_SORTED,1258925,22.91570
std_sort,double,NEARLY_SORTED,1584893,29.35510
std_sort,double,NEARLY_SORTED,1995262,37.15330
std_sort,double,NEARLY_SORTED,2511886,48.36750
std_sort,double,NEARLY_SORTED,3162277,62.12640
std_sort,double,NEARLY_SORTED,3981071,80.48290
std_sort,double,NEARLY_SORTED,5011872,105.00200
std_sort,double,NEARLY_SORTED,6309573,131.69400
std_sort,double,NEARLY_SORTED,7943282,168.87700
std_sort,double,NEARLY_SORTED,10000000,214.52900
std_sort,double,ORGAN_PIPE,1000,0.02076
std_sort,double,ORGAN_PIPE,1259,0.02703
std_sort,double,ORGAN_PIPE,1585,0.03885
std_sort,double,ORGAN_PIPE,1995,0.04271
std_sort,double,ORGAN_PIPE,2512,0.06136
std_sort,double,ORGAN_PIPE,3162,0.09492
std_sort,double,ORGAN_PIPE,3981,0.11030
std_sort,double,ORGAN_PIPE,5012,0.14706
std_sort,double,ORGAN_PIPE,6310,0.20017
std_sort,double,ORGAN_PIPE,7943,0.24125
std_sort,double,ORGAN_PIPE,10000,0.32350
std_sort,double,ORGAN_PIPE,12589,0.43690
std_sort,double,ORGAN_PIPE,15849,0.54810
std_sort,double,ORGAN_PIPE,19953,0.71200
std_sort,double,ORGAN_PIPE,25119,0.95423
std_sort,double,ORGAN_PIPE,31623,1.13691
std_sort,double,ORGAN_PIPE,39811,1.49832
std_sort,double,ORGAN_PIPE,50119,2.14017
std_sort,double,ORGAN_PIPE,63096,2.48529
std_sort,double,ORGAN_PIPE,79433,3.29869
std_sort,double,ORGAN_PIPE,100000,4.41393
std_sort,double,ORGAN_PIPE,125893,5.24795
std_sort,double,ORGAN_PIPE,158489,6.81948
std_sort,double,ORGAN_PIPE,199526,9.00710
std_sort,double,ORGAN_PIPE,251189,10.98440
std_sort,double,ORGAN_PIPE,316228,14.24710
std_sort,double,ORGAN_PIPE,398107,18.62800
std_sort,double,ORGAN_PIPE,501187,23.15780
std_sort,double,ORGAN_PIPE,630957,30.21470
std_sort,double,ORGAN_PIPE,794328,38.23670
std_sort,double,ORGAN_PIPE,1000000,47.63520
std_sort,double,ORGAN_PIPE,1258925,61.92440
std_sort,double,ORGAN_PIPE,1584893,78.30190
std_sort,double,ORGAN_PIPE,1995262,100.27500
std_sort,double,ORGAN_PIPE,2511886,130.06800
std_sort,double,ORGAN_PIPE,3162277,172.76400
std_sort,double,ORGAN_PIPE,3981071,219.11100
std_sort,double,ORGAN_PIPE,5011872,277.70900
std_sort,double,ORGAN_PIPE,6309573,364.13000
std_sort,double,ORGAN_PIPE,7943282,456.38200
std_sort,double,ORGAN_PIPE,10000000,591.11600
std_sort,double,RANDOM,1000,0.02082
std_sort,double,RANDOM,1259,0.03140
std_sort,double,RANDOM,1585,0.04095
std_sort,double,RANDOM,1995,0.05231
std_sort,double,RANDOM,2512,0.06975
std_sort,double,RANDOM,3162,0.08638
std_sort,double,RANDOM,3981,0.13232
std_sort,double,RANDOM,5012,0.15529
std_sort,double,RANDOM,6310,0.19693
std_sort,double,RANDOM,7943,0.25504
std_sort,double,RANDOM,10000,0.35131
std_sort,double,RANDOM,12589,0.43539
std_sort,double,RANDOM,15849,0.54231
std_sort,double,RANDOM,19953,0.68718
std_sort,double,RANDOM,25119,0.89326
std_sort,double,RANDOM,31623,1.16734
std_sort,double,RANDOM,39811,1.54859
std_sort,double,RANDOM,50119,1.88706
std_sort,double,RANDOM,63096,2.44961
std_sort,double,RANDOM,79433,3.18040
std_sort,double,RANDOM,100000,3.96190
std_sort,double,RANDOM,125893,5.18344
std_sort,double,RANDOM,158489,6.60597
std_sort,double,RANDOM,199526,8.35069
std_sort,double,RANDOM,251189,10.70910
std_sort,double,RANDOM,316228,13.96100
std_sort,double,RANDOM,398107,17.95840
std_sort,double,RANDOM,501187,22.42030
std_sort,double,RANDOM,630957,28.91850
std_sort,double,RANDOM,794328,37.39610
std_sort,double,RANDOM,1000000,47.70990
std_sort,double,RANDOM,1258925,62.01220
std_sort,double,RANDOM,1584893,79.98380
std_sort,double,RANDOM,1995262,102.86000
std_sort,double,RANDOM,2511886,130.13800
std_sort,double,RANDOM,3162277,164.70200
std_sort,double,RANDOM,3981071,210.35300
std_sort,double,RANDOM,5011872,267.80500
std_sort,double,RANDOM,6309573,342.55500
std_sort,double,RANDOM,7943282,441.10900
std_sort,double,RANDOM,10000000,566.09300
std_sort,double,REVERSE_SORTED,1000,0.00297
std_sort,double,REVERSE_SORTED,1259,0.00369
std_sort,double,REVERSE_SORTED,1585,0.00436
std_sort,double,REVERSE_SORTED,1995,0.00604
std_sort,double,REVERSE_SORTED,2512,0.00763
std_sort,double,REVERSE_SORTED,3162,0.00939
std_sort,double,REVERSE_SORTED,3981,0.01117
std_sort,double,REVERSE_SORTED,5012,0.01622
std_sort,double,REVERSE_SORTED,6310,0.01874
std_sort,double,REVERSE_SORTED,7943,0.02386
std_sort,double,REVERSE_SORTED,10000,0.03237
std_sort,double,REVERSE_SORTED,12589,0.03937
std_sort,double,REVERSE_SORTED,15849,0.05036
std_sort,double,REVERSE_SORTED,19953,0.06886
std_sort,double,REVERSE_SORTED,25119,0.08543
std_sort,double,REVERSE_SORTED,31623,0.10604
std_sort,double,REVERSE_SORTED,39811,0.14665
std_sort,double,REVERSE_SORTED,50119,0.18290
std_sort,double,REVERSE_SORTED,63096,0.22799
std_sort,double,REVERSE_SORTED,79433,0.31195
std_sort,double,REVERSE_SORTED,100000,0.38049
std_sort,double,REVERSE_SORTED,125893,0.48695
std_sort,double,REVERSE_SORTED,158489,0.66545
std_sort,double,REVERSE_SORTED,199526,0.78839
std_sort,double,REVERSE_SORTED,251189,1.03361
std_sort,double,REVERSE_SORTED,316228,1.36162
std_sort,double,REVERSE_SORTED,398107,1.63439
std_sort,double,REVERSE_SORTED,501187,2.12541
std_sort,double,REVERSE_SORTED,630957,2.79498
std_sort,double,REVERSE_SORTED,794328,3.52469
std_sort,double,REVERSE_SORTED,1000000,4.47172
std_sort,double,REVERSE_SORTED,1258925,5.84104
std_sort,double,REVERSE_SORTED,1584893,7.28276
std_sort,double,REVERSE_SORTED,1995262,9.13222
std_sort,double,REVERSE_SORTED,2511886,13.30560
std_sort,double,REVERSE_SORTED,3162277,16.45240
std_sort,double,REVERSE_SORTED,3981071,21.81050
std_sort,double,REVERSE_SORTED,5011872,28.77310
std_sort,double,REVERSE_SORTED,6309573,35.48260
std_sort,double,REVERSE_SORTED,7943282,45.79750
std_sort,double,REVERSE_SORTED,10000000,62.69010
std_sort,double,SAWTOOTH,1000,0.01111
std_sort,double,SAWTOOTH,1259,0.01752
std_sort,double,SAWTOOTH,1585,0.02272
std_sort,double,SAWTOOTH,1995,0.02987
std_sort,double,SAWTOOTH,2512,0.04257
std_sort,double,SAWTOOTH,3162,0.05096
std_sort,double,SAWTOOTH,3981,0.06711
std_sort,double,SAWTOOTH,5012,0.08813
std_sort,double,SAWTOOTH,6310,0.09665
std_sort,double,SAWTOOTH,7943,0.13807
std_sort,double,SAWTOOTH,10000,0.17708
std_sort,double,SAWTOOTH,12589,0.22503
std_sort,double,SAWTOOTH,15849,0.28419
std_sort,double,SAWTOOTH,19953,0.34764
std_sort,double,SAWTOOTH,25119,0.43352
std_sort,double,SAWTOOTH,31623,0.55902
std_sort,double,SAWTOOTH,39811,0.68526
std_sort,double,SAWTOOTH,50119,0.87406
std_sort,double,SAWTOOTH,63096,1.13045
std_sort,double,SAWTOOTH,79433,1.41880
std_sort,double,SAWTOOTH,100000,1.82741
std_sort,double,SAWTOOTH,125893,2.24239
std_sort,double,SAWTOOTH,158489,2.75210
std_sort,double,SAWTOOTH,199526,3.67084
std_sort,double,SAWTOOTH,251189,4.58747
std_sort,double,SAWTOOTH,316228,5.86081
std_sort,double,SAWTOOTH,398107,7.17396
std_sort,double,SAWTOOTH,501187,9.13282
std_sort,double,SAWTOOTH,630957,11.55790
std_sort,double,SAWTOOTH,794328,14.55760
std_sort,double,SAWTOOTH,1000000,19.85250
std_sort,double,SAWTOOTH,1258925,25.65590
std_sort,double,SAWTOOTH,1584893,30.48540
std_sort,double,SAWTOOTH,1995262,40.22950
std_sort,double,SAWTOOTH,2511886,49.87330
std_sort,double,SAWTOOTH,3162277,64.53160
std_sort,double,SAWTOOTH,3981071,86.78980
std_sort,double,SAWTOOTH,5011872,108.58900
std_sort,double,SAWTOOTH,6309573,139.54900
std_sort,double,SAWTOOTH,7943282,185.73900
std_sort,double,SAWTOOTH,10000000,245.17500
std_sort,int,MANY_DUPLICATES_10,1000,0.02357
std_sort,int,MANY_DUPLICATES_10,1259,0.02312
std_sort,int,MANY_DUPLICATES_10,1585,0.03432
std_sort,int,MANY_DUPLICATES_10,1995,0.04794
std_sort,int,MANY_DUPLICATES_10,2512,0.06083
std_sort,int,MANY_DUPLICATES_10,3162,0.08386
std_sort,int,MANY_DUPLICATES_10,3981,0.10302
std_sort,int,MANY_DUPLICATES_10,5012,0.12647
std_sort,int,MANY_DUPLICATES_10,6310,0.17205
std_sort,int,MANY_DUPLICATES_10,7943,0.22638
std_sort,int,MANY_DUPLICATES_10,10000,0.28222
std_sort,int,MANY_DUPLICATES_10,12589,0.36157
std_sort,int,MANY_DUPLICATES_10,15849,0.48529
std_sort,int,MANY_DUPLICATES_10,19953,0.61657
std_sort,int,MANY_DUPLICATES_10,25119,0.80151
std_sort,int,MANY_DUPLICATES_10,31623,1.01030
std_sort,int,MANY_DUPLICATES_10,39811,1.31205
std_sort,int,MANY_DUPLICATES_10,50119,1.70111
std_sort,int,MANY_DUPLICATES_10,63096,2.22213
std_sort,int,MANY_DUPLICATES_10,79433,2.73828
std_sort,int,MANY_DUPLICATES_10,100000,3.48341
std_sort,int,MANY_DUPLICATES_10,125893,4.49545
std_sort,int,MANY_DUPLICATES_10,158489,5.78330
std_sort,int,MANY_DUPLICATES_10,199526,7.34136
std_sort,int,MANY_DUPLICATES_10,251189,9.59069
std_sort,int,MANY_DUPLICATES_10,316228,12.14580
std_sort,int,MANY_DUPLICATES_10,398107,15.64100
std_sort,int,MANY_DUPLICATES_10,501187,19.83050
std_sort,int,MANY_DUPLICATES_10,630957,25.76080
std_sort,int,MANY_DUPLICATES_10,794328,32.49270
std_sort,int,MANY_DUPLICATES_10,1000000,42.49030
std_sort,int,MANY_DUPLICATES_10,1258925,52.82460
std_sort,int,MANY_DUPLICATES_10,1584893,67.99320
std_sort,int,MANY_DUPLICATES_10,1995262,86.91760
std_sort,int,MANY_DUPLICATES_10,2511886,113.46300
std_sort,int,MANY_DUPLICATES_10,3162277,146.00900
std_sort,int,MANY_DUPLICATES_10,3981071,185.80300
std_sort,int,MANY_DUPLICATES_10,5011872,241.12700
std_sort,int,MANY_DUPLICATES_10,6309573,307.28700
std_sort,int,MANY_DUPLICATES_10,7943282,389.72300
std_sort,int,MANY_DUPLICATES_10,10000000,497.30600
std_sort,int,MANY_DUPLICATES_50,1000,0.02275
std_sort,int,MANY_DUPLICATES_50,1259,0.02471
std_sort,int,MANY_DUPLICATES_50,1585,0.03451
std_sort,int,MANY_DUPLICATES_50,1995,0.05072
std_sort,int,MANY_DUPLICATES_50,2512,0.06904
std_sort,int,MANY_DUPLICATES_50,3162,0.08341
std_sort,int,MANY_DUPLICATES_50,3981,0.11222
std_sort,int,MANY_DUPLICATES_50,5012,0.13334
std_sort,int,MANY_DUPLICATES_50,6310,0.18690
std_sort,int,MANY_DUPLICATES_50,7943,0.24298
std_sort,int,MANY_DUPLICATES_50,10000,0.31247
std_sort,int,MANY_DUPLICATES_50,12589,0.39022
std_sort,int,MANY_DUPLICATES_50,15849,0.53805
std_sort,int,MANY_DUPLICATES_50,19953,0.65042
std_sort,int,MANY_DUPLICATES_50,25119,0.87880
std_sort,int,MANY_DUPLICATES_50,31623,1.07287
std_sort,int,MANY_DUPLICATES_50,39811,1.49576
std_sort,int,MANY_DUPLICATES_50,50119,1.83448
std_sort,int,MANY_DUPLICATES_50,63096,2.27469
std_sort,int,MANY_DUPLICATES_50,79433,2.93656
std_sort,int,MANY_DUPLICATES_50,100000,3.85239
std_sort,int,MANY_DUPLICATES_50,125893,4.82747
std_sort,int,MANY_DUPLICATES_50,158489,6.19132
std_sort,int,MANY_DUPLICATES_50,199526,7.97642
std_sort,int,MANY_DUPLICATES_50,251189,9.99208
std_sort,int,MANY_DUPLICATES_50,316228,13.11360
std_sort,int,MANY_DUPLICATES_50,398107,16.68170
std_sort,int,MANY_DUPLICATES_50,501187,21.16840
std_sort,int,MANY_DUPLICATES_50,630957,27.31390
std_sort,int,MANY_DUPLICATES_50,794328,34.88400
std_sort,int,MANY_DUPLICATES_50,1000000,44.74430
std_sort,int,MANY_DUPLICATES_50,1258925,56.88790
std_sort,int,MANY_DUPLICATES_50,1584893,72.45660
std_sort,int,MANY_DUPLICATES_50,1995262,93.23330
std_sort,int,MANY_DUPLICATES_50,2511886,119.69500
std_sort,int,MANY_DUPLICATES_50,3162277,151.91900
std_sort,int,MANY_DUPLICATES_50,3981071,195.48400
std_sort,int,MANY_DUPLICATES_50,5011872,250.23900
std_sort,int,MANY_DUPLICATES_50,6309573,320.05300
std_sort,int,MANY_DUPLICATES_50,7943282,408.55000
std_sort,int,MANY_DUPLICATES_50,10000000,527.34700
std_sort,int,MANY_DUPLICATES_90,1000,0.01919
std_sort,int,MANY_DUPLICATES_90,1259,0.03323
std_sort,int,MANY_DUPLICATES_90,1585,0.03975
std_sort,int,MANY_DUPLICATES_90,1995,0.05571
std_sort,int,MANY_DUPLICATES_90,2512,0.06704
std_sort,int,MANY_DUPLICATES_90,3162,0.08354
std_sort,int,MANY_DUPLICATES_90,3981,0.10834
std_sort,int,MANY_DUPLICATES_90,5012,0.13509
std_sort,int,MANY_DUPLICATES_90,6310,0.18293
std_sort,int,MANY_DUPLICATES_90,7943,0.25840
std_sort,int,MANY_DUPLICATES_90,10000,0.30797
std_sort,int,MANY_DUPLICATES_90,12589,0.40323
std_sort,int,MANY_DUPLICATES_90,15849,0.51834
std_sort,int,MANY_DUPLICATES_90,19953,0.66237
std_sort,int,MANY_DUPLICATES_90,25119,0.84003
std_sort,int,MANY_DUPLICATES_90,31623,1.13251
std_sort,int,MANY_DUPLICATES_90,39811,1.46346
std_sort,int,MANY_DUPLICATES_90,50119,1.81560
std_sort,int,MANY_DUPLICATES_90,63096,2.26415
std_sort,int,MANY_DUPLICATES_90,79433,2.97740
std_sort,int,MANY_DUPLICATES_90,100000,3.75905
std_sort,int,MANY_DUPLICATES_90,125893,4.84340
std_sort,int,MANY_DUPLICATES_90,158489,6.18342
std_sort,int,MANY_DUPLICATES_90,199526,7.91505
std_sort,int,MANY_DUPLICATES_90,251189,10.16940
std_sort,int,MANY_DUPLICATES_90,316228,13.02980
std_sort,int,MANY_DUPLICATES_90,398107,16.51910
std_sort,int,MANY_DUPLICATES_90,501187,21.50300
std_sort,int,MANY_DUPLICATES_90,630957,27.12780
std_sort,int,MANY_DUPLICATES_90,794328,34.81310
std_sort,int,MANY_DUPLICATES_90,1000000,44.82490
std_sort,int,MANY_DUPLICATES_90,1258925,57.64570
std_sort,int,MANY_DUPLICATES_90,1584893,74.33650
std_sort,int,MANY_DUPLICATES_90,1995262,94.09280
std_sort,int,MANY_DUPLICATES_90,2511886,119.03400
std_sort,int,MANY_DUPLICATES_90,3162277,150.87800
std_sort,int,MANY_DUPLICATES_90,3981071,194.32900
std_sort,int,MANY_DUPLICATES_90,5011872,251.17800
std_sort,int,MANY_DUPLICATES_90,6309573,318.81300
std_sort,int,MANY_DUPLICATES_90,7943282,407.51800
std_sort,int,MANY_DUPLICATES_90,10000000,520.41500
std_sort,int,NEARLY_SORTED,1000,0.00641
std_sort,int,NEARLY_SORTED,1259,0.01124
std_sort,int,NEARLY_SORTED,1585,0.01267
std_sort,int,NEARLY_SORTED,1995,0.01544
std_sort,int,NEARLY_SORTED,2512,0.02841
std_sort,int,NEARLY_SORTED,3162,0.03336
std_sort,int,NEARLY_SORTED,3981,0.04031
std_sort,int,NEARLY_SORTED,5012,0.05210
std_sort,int,NEARLY_SORTED,6310,0.06448
std_sort,int,NEARLY_SORTED,7943,0.10208
std_sort,int,NEARLY_SORTED,10000,0.12708
std_sort,int,NEARLY_SORTED,12589,0.15167
std_sort,int,NEARLY_SORTED,15849,0.20288
std_sort,int,NEARLY_SORTED,19953,0.24804
std_sort,int,NEARLY_SORTED,25119,0.32182
std_sort,int,NEARLY_SORTED,31623,0.41512
std_sort,int,NEARLY_SORTED,39811,0.51655
std_sort,int,NEARLY_SORTED,50119,0.67128
std_sort,int,NEARLY_SORTED,63096,0.86162
std_sort,int,NEARLY_SORTED,79433,1.09900
std_sort,int,NEARLY_SORTED,100000,1.46102
std_sort,int,NEARLY_SORTED,125893,1.81923
std_sort,int,NEARLY_SORTED,158489,2.27572
std_sort,int,NEARLY_SORTED,199526,2.94750
std_sort,int,NEARLY_SORTED,251189,3.73955
std_sort,int,NEARLY_SORTED,316228,4.78646
std_sort,int,NEARLY_SORTED,398107,6.10460
std_sort,int,NEARLY_SORTED,501187,7.82346
std_sort,int,NEARLY_SORTED,630957,9.96149
std_sort,int,NEARLY_SORTED,794328,12.79700
std_sort,int,NEARLY_SORTED,1000000,16.36880
std_sort,int,NEARLY_SORTED,1258925,20.98750
std_sort,int,NEARLY_SORTED,1584893,27.29270
std_sort,int,NEARLY_SORTED,1995262,34.75480
std_sort,int,NEARLY_SORTED,2511886,43.98370
std_sort,int,NEARLY_SORTED,3162277,56.20150
std_sort,int,NEARLY_SORTED,3981071,72.35890
std_sort,int,NEARLY_SORTED,5011872,93.01110
std_sort,int,NEARLY_SORTED,6309573,116.66500
std_sort,int,NEARLY_SORTED,7943282,150.97000
std_sort,int,NEARLY_SORTED,10000000,195.72700
std_sort,int,ORGAN_PIPE,1000,0.02074
std_sort,int,ORGAN_PIPE,1259,0.02361
std_sort,int,ORGAN_PIPE,1585,0.03255
std_sort,int,ORGAN_PIPE,1995,0.04388
std_sort,int,ORGAN_PIPE,2512,0.05696
std_sort,int,ORGAN_PIPE,3162,0.07891
std_sort,int,ORGAN_PIPE,3981,0.09264
std_sort,int,ORGAN_PIPE,5012,0.12200
std_sort,int,ORGAN_PIPE,6310,0.17420
std_sort,int,ORGAN_PIPE,7943,0.21381
std_sort,int,ORGAN_PIPE,10000,0.29258
std_sort,int,ORGAN_PIPE,12589,0.39979
std_sort,int,ORGAN_PIPE,15849,0.47035
std_sort,int,ORGAN_PIPE,19953,0.62343
std_sort,int,ORGAN_PIPE,25119,0.87080
std_sort,int,ORGAN_PIPE,31623,1.02984
std_sort,int,ORGAN_PIPE,39811,1.28692
std_sort,int,ORGAN_PIPE,50119,1.78856
std_sort,int,ORGAN_PIPE,63096,2.16060
std_sort,int,ORGAN_PIPE,79433,2.81273
std_sort,int,ORGAN_PIPE,100000,3.68216
std_sort,int,ORGAN_PIPE,125893,4.53757
std_sort,int,ORGAN_PIPE,158489,5.75117
std_sort,int,ORGAN_PIPE,199526,7.43960
std_sort,int,ORGAN_PIPE,251189,9.20377
std_sort,int,ORGAN_PIPE,316228,11.88220
std_sort,int,ORGAN_PIPE,398107,15.39650
std_sort,int,ORGAN_PIPE,501187,19.16690
std_sort,int,ORGAN_PIPE,630957,24.45440
std_sort,int,ORGAN_PIPE,794328,31.43380
std_sort,int,ORGAN_PIPE,1000000,39.22080
std_sort,int,ORGAN_PIPE,1258925,50.35080
std_sort,int,ORGAN_PIPE,1584893,65.04370
std_sort,int,ORGAN_PIPE,1995262,80.96890
std_sort,int,ORGAN_PIPE,2511886,104.89400
std_sort,int,ORGAN_PIPE,3162277,137.74000
std_sort,int,ORGAN_PIPE,3981071,167.99000
std_sort,int,ORGAN_PIPE,5011872,217.87200
std_sort,int,ORGAN_PIPE,6309573,284.29400
std_sort,int,ORGAN_PIPE,7943282,362.74300
std_sort,int,ORGAN_PIPE,10000000,466.15100
std_sort,int,RANDOM,1000,0.02429
std_sort,int,RANDOM,1259,0.02819
std_sort,int,RANDOM,1585,0.03712
std_sort,int,RANDOM,1995,0.05475
std_sort,int,RANDOM,2512,0.06412
std_sort,int,RANDOM,3162,0.07558
std_sort,int,RANDOM,3981,0.10582
std_sort,int,RANDOM,5012,0.14448
std_sort,int,RANDOM,6310,0.17893
std_sort,int,RANDOM,7943,0.25647
std_sort,int,RANDOM,10000,0.30067
std_sort,int,RANDOM,12589,0.38515
std_sort,int,RANDOM,15849,0.51275
std_sort,int,RANDOM,19953,0.67072
std_sort,int,RANDOM,25119,0.86538
std_sort,int,RANDOM,31623,1.09225
std_sort,int,RANDOM,39811,1.37783
std_sort,int,RANDOM,50119,1.78739
std_sort,int,RANDOM,63096,2.25354
std_sort,int,RANDOM,79433,2.93388
std_sort,int,RANDOM,100000,3.78319
std_sort,int,RANDOM,125893,4.78188
std_sort,int,RANDOM,158489,6.17654
std_sort,int,RANDOM,199526,7.80004
std_sort,int,RANDOM,251189,10.05130
std_sort,int,RANDOM,316228,12.91810
std_sort,int,RANDOM,398107,16.68010
std_sort,int,RANDOM,501187,21.69920
std_sort,int,RANDOM,630957,27.37350
std_sort,int,RANDOM,794328,34.27720
std_sort,int,RANDOM,1000000,45.07680
std_sort,int,RANDOM,1258925,56.84440
std_sort,int,RANDOM,1584893,72.09150
std_sort,int,RANDOM,1995262,93.15000
std_sort,int,RANDOM,2511886,119.48900
std_sort,int,RANDOM,3162277,151.23800
std_sort,int,RANDOM,3981071,194.82600
std_sort,int,RANDOM,5011872,250.39000
std_sort,int,RANDOM,6309573,320.50900
std_sort,int,RANDOM,7943282,405.49200
std_sort,int,RANDOM,10000000,539.41900
std_sort,int,REVERSE_SORTED,1000,0.00280
std_sort,int,REVERSE_SORTED,1259,0.00354
std_sort,int,REVERSE_SORTED,1585,0.00455
std_sort,int,REVERSE_SORTED,1995,0.00463
std_sort,int,REVERSE_SORTED,2512,0.00588
std_sort,int,REVERSE_SORTED,3162,0.00848
std_sort,int,REVERSE_SORTED,3981,0.00937
std_sort,int,REVERSE_SORTED,5012,0.01263
std_sort,int,REVERSE_SORTED,6310,0.01522
std_sort,int,REVERSE_SORTED,7943,0.01977
std_sort,int,REVERSE_SORTED,10000,0.02794
std_sort,int,REVERSE_SORTED,12589,0.03268
std_sort,int,REVERSE_SORTED,15849,0.04189
std_sort,int,REVERSE_SORTED,19953,0.05457
std_sort,int,REVERSE_SORTED,25119,0.06852
std_sort,int,REVERSE_SORTED,31623,0.09192
std_sort,int,REVERSE_SORTED,39811,0.11650
std_sort,int,REVERSE_SORTED,50119,0.13850
std_sort,int,REVERSE_SORTED,63096,0.20828
std_sort,int,REVERSE_SORTED,79433,0.25691
std_sort,int,REVERSE_SORTED,100000,0.29612
std_sort,int,REVERSE_SORTED,125893,0.40763
std_sort,int,REVERSE_SORTED,158489,0.51520
std_sort,int,REVERSE_SORTED,199526,0.61693
std_sort,int,REVERSE_SORTED,251189,0.82833
std_sort,int,REVERSE_SORTED,316228,1.08906
std_sort,int,REVERSE_SORTED,398107,1.31148
std_sort,int,REVERSE_SORTED,501187,1.62538
std_sort,int,REVERSE_SORTED,630957,2.17266
std_sort,int,REVERSE_SORTED,794328,2.60983
std_sort,int,REVERSE_SORTED,1000000,3.34470
std_sort,int,REVERSE_SORTED,1258925,4.54993
std_sort,int,REVERSE_SORTED,1584893,5.59132
std_sort,int,REVERSE_SORTED,1995262,6.95727
std_sort,int,REVERSE_SORTED,2511886,9.56915
std_sort,int,REVERSE_SORTED,3162277,11.67650
std_sort,int,REVERSE_SORTED,3981071,15.24640
std_sort,int,REVERSE_SORTED,5011872,20.51170
std_sort,int,REVERSE_SORTED,6309573,25.28910
std_sort,int,REVERSE_SORTED,7943282,33.51320
std_sort,int,REVERSE_SORTED,10000000,44.01840
std_sort,int,SAWTOOTH,1000,0.01603
std_sort,int,SAWTOOTH,1259,0.01254
std_sort,int,SAWTOOTH,1585,0.02569
std_sort,int,SAWTOOTH,1995,0.02828
std_sort,int,SAWTOOTH,2512,0.04117
std_sort,int,SAWTOOTH,3162,0.04670
std_sort,int,SAWTOOTH,3981,0.05929
std_sort,int,SAWTOOTH,5012,0.08087
std_sort,int,SAWTOOTH,6310,0.10015
std_sort,int,SAWTOOTH,7943,0.13176
std_sort,int,SAWTOOTH,10000,0.16547
std_sort,int,SAWTOOTH,12589,0.18860
std_sort,int,SAWTOOTH,15849,0.25150
std_sort,int,SAWTOOTH,19953,0.34583
std_sort,int,SAWTOOTH,25119,0.41932
std_sort,int,SAWTOOTH,31623,0.51094
std_sort,int,SAWTOOTH,39811,0.64728
std_sort,int,SAWTOOTH,50119,0.84076
std_sort,int,SAWTOOTH,63096,1.07468
std_sort,int,SAWTOOTH,79433,1.31605
std_sort,int,SAWTOOTH,100000,1.66764
std_sort,int,SAWTOOTH,125893,2.13551
std_sort,int,SAWTOOTH,158489,2.60024
std_sort,int,SAWTOOTH,199526,3.47023
std_sort,int,SAWTOOTH,251189,4.31630
std_sort,int,SAWTOOTH,316228,5.43247
std_sort,int,SAWTOOTH,398107,6.71971
std_sort,int,SAWTOOTH,501187,8.60461
std_sort,int,SAWTOOTH,630957,10.72890
std_sort,int,SAWTOOTH,794328,13.73080
std_sort,int,SAWTOOTH,1000000,18.25980
std_sort,int,SAWTOOTH,1258925,23.31900
std_sort,int,SAWTOOTH,1584893,28.47270
std_sort,int,SAWTOOTH,1995262,36.43690
std_sort,int,SAWTOOTH,2511886,44.80750
std_sort,int,SAWTOOTH,3162277,55.67130
std_sort,int,SAWTOOTH,3981071,72.48250
std_sort,int,SAWTOOTH,5011872,91.90420
std_sort,int,SAWTOOTH,6309573,117.24600
std_sort,int,SAWTOOTH,7943282,152.01400
std_sort,int,SAWTOOTH,10000000,205.02800
std_stable_sort,double,MANY_DUPLICATES_10,1000,0.02199
std_stable_sort,double,MANY_DUPLICATES_10,1259,0.03636
std_stable_sort,double,MANY_DUPLICATES_10,1585,0.04414
std_stable_sort,double,MANY_DUPLICATES_10,1995,0.04596
std_stable_sort,double,MANY_DUPLICATES_10,2512,0.07023
std_stable_sort,double,MANY_DUPLICATES_10,3162,0.10573
std_stable_sort,double,MANY_DUPLICATES_10,3981,0.12351
std_stable_sort,double,MANY_DUPLICATES_10,5012,0.17748
std_stable_sort,double,MANY_DUPLICATES_10,6310,0.22290
std_stable_sort,double,MANY_DUPLICATES_10,7943,0.29872
std_stable_sort,double,MANY_DUPLICATES_10,10000,0.37246
std_stable_sort,double,MANY_DUPLICATES_10,12589,0.53086
std_stable_sort,double,MANY_DUPLICATES_10,15849,0.66606
std_stable_sort,double,MANY_DUPLICATES_10,19953,0.83737
std_stable_sort,double,MANY_DUPLICATES_10,25119,1.09068
std_stable_sort,double,MANY_DUPLICATES_10,31623,1.40667
std_stable_sort,double,MANY_DUPLICATES_10,39811,1.78465
std_stable_sort,double,MANY_DUPLICATES_10,50119,2.31442
std_stable_sort,double,MANY_DUPLICATES_10,63096,2.97220
std_stable_sort,double,MANY_DUPLICATES_10,79433,3.77323
std_stable_sort,double,MANY_DUPLICATES_10,100000,4.91451
std_stable_sort,double,MANY_DUPLICATES_10,125893,6.42740
std_stable_sort,double,MANY_DUPLICATES_10,158489,8.13716
std_stable_sort,double,MANY_DUPLICATES_10,199526,10.39560
std_stable_sort,double,MANY_DUPLICATES_10,251189,13.47560
std_stable_sort,double,MANY_DUPLICATES_10,316228,17.19450
std_stable_sort,double,MANY_DUPLICATES_10,398107,22.12270
std_stable_sort,double,MANY_DUPLICATES_10,501187,28.25550
std_stable_sort,double,MANY_DUPLICATES_10,630957,35.69870
std_stable_sort,double,MANY_DUPLICATES_10,794328,46.36780
std_stable_sort,double,MANY_DUPLICATES_10,1000000,60.13480
std_stable_sort,double,MANY_DUPLICATES_10,1258925,76.57360
std_stable_sort,double,MANY_DUPLICATES_10,1584893,97.99220
std_stable_sort,double,MANY_DUPLICATES_10,1995262,128.40400
std_stable_sort,double,MANY_DUPLICATES_10,2511886,161.69800
std_stable_sort,double,MANY_DUPLICATES_10,3162277,211.39000
std_stable_sort,double,MANY_DUPLICATES_10,3981071,280.29300
std_stable_sort,double,MANY_DUPLICATES_10,5011872,361.40900
std_stable_sort,double,MANY_DUPLICATES_10,6309573,456.82200
std_stable_sort,double,MANY_DUPLICATES_10,7943282,583.06600
std_stable_sort,double,MANY_DUPLICATES_10,10000000,765.49900
std_stable_sort,double,MANY_DUPLICATES_50,1000,0.02456
std_stable_sort,double,MANY_DUPLICATES_50,1259,0.03131
std_stable_sort,double,MANY_DUPLICATES_50,1585,0.05085
std_stable_sort,double,MANY_DUPLICATES_50,1995,0.06522
std_stable_sort,double,MANY_DUPLICATES_50,2512,0.07556
std_stable_sort,double,MANY_DUPLICATES_50,3162,0.10561
std_stable_sort,double,MANY_DUPLICATES_50,3981,0.13875
std_stable_sort,double,MANY_DUPLICATES_50,5012,0.17486
std_stable_sort,double,MANY_DUPLICATES_50,6310,0.22360
std_stable_sort,double,MANY_DUPLICATES_50,7943,0.29590
std_stable_sort,double,MANY_DUPLICATES_50,10000,0.39434
std_stable_sort,double,MANY_DUPLICATES_50,12589,0.49687
std_stable_sort,double,MANY_DUPLICATES_50,15849,0.67044
std_stable_sort,double,MANY_DUPLICATES_50,19953,0.84862
std_stable_sort,double,MANY_DUPLICATES_50,25119,1.09968
std_stable_sort,double,MANY_DUPLICATES_50,31623,1.38149
std_stable_sort,double,MANY_DUPLICATES_50,39811,1.79232
std_stable_sort,double,MANY_DUPLICATES_50,50119,2.26629
std_stable_sort,double,MANY_DUPLICATES_50,63096,2.98479
std_stable_sort,double,MANY_DUPLICATES_50,79433,3.78805
std_stable_sort,double,MANY_DUPLICATES_50,100000,4.83681
std_stable_sort,double,MANY_DUPLICATES_50,125893,6.30515
std_stable_sort,double,MANY_DUPLICATES_50,158489,8.04549
std_stable_sort,double,MANY_DUPLICATES_50,199526,10.63110
std_stable_sort,double,MANY_DUPLICATES_50,251189,13.52870
std_stable_sort,double,MANY_DUPLICATES_50,316228,17.23310
std_stable_sort,double,MANY_DUPLICATES_50,398107,22.41050
std_stable_sort,double,MANY_DUPLICATES_50,501187,29.30730
std_stable_sort,double,MANY_DUPLICATES_50,630957,36.32220
std_stable_sort,double,MANY_DUPLICATES_50,794328,46.39650
std_stable_sort,double,MANY_DUPLICATES_50,1000000,60.20000
std_stable_sort,double,MANY_DUPLICATES_50,1258925,76.68600
std_stable_sort,double,MANY_DUPLICATES_50,1584893,98.87790
std_stable_sort,double,MANY_DUPLICATES_50,1995262,126.19200
std_stable_sort,double,MANY_DUPLICATES_50,2511886,161.59800
std_stable_sort,double,MANY_DUPLICATES_50,3162277,211.77900
std_stable_sort,double,MANY_DUPLICATES_50,3981071,280.42600
std_stable_sort,double,MANY_DUPLICATES_50,5011872,358.55700
std_stable_sort,double,MANY_DUPLICATES_50,6309573,458.52300
std_stable_sort,double,MANY_DUPLICATES_50,7943282,590.15000
std_stable_sort,double,MANY_DUPLICATES_50,10000000,750.50500
std_stable_sort,double,MANY_DUPLICATES_90,1000,0.03089
std_stable_sort,double,MANY_DUPLICATES_90,1259,0.03577
std_stable_sort,double,MANY_DUPLICATES_90,1585,0.04212
std_stable_sort,double,MANY_DUPLICATES_90,1995,0.06056
std_stable_sort,double,MANY_DUPLICATES_90,2512,0.07981
std_stable_sort,double,MANY_DUPLICATES_90,3162,0.10665
std_stable_sort,double,MANY_DUPLICATES_90,3981,0.12166
std_stable_sort,double,MANY_DUPLICATES_90,5012,0.20068
std_stable_sort,double,MANY_DUPLICATES_90,6310,0.23666
std_stable_sort,double,MANY_DUPLICATES_90,7943,0.29786
std_stable_sort,double,MANY_DUPLICATES_90,10000,0.40676
std_stable_sort,double,MANY_DUPLICATES_90,12589,0.51323
std_stable_sort,double,MANY_DUPLICATES_90,15849,0.67266
std_stable_sort,double,MANY_DUPLICATES_90,19953,0.83807
std_stable_sort,double,MANY_DUPLICATES_90,25119,1.10075
std_stable_sort,double,MANY_DUPLICATES_90,31623,1.40500
std_stable_sort,double,MANY_DUPLICATES_90,39811,1.78370
std_stable_sort,double,MANY_DUPLICATES_90,50119,2.30290
std_stable_sort,double,MANY_DUPLICATES_90,63096,2.92120
std_stable_sort,double,MANY_DUPLICATES_90,79433,3.79680
std_stable_sort,double,MANY_DUPLICATES_90,100000,4.90944
std_stable_sort,double,MANY_DUPLICATES_90,125893,6.30517
std_stable_sort,double,MANY_DUPLICATES_90,158489,7.94067
std_stable_sort,double,MANY_DUPLICATES_90,199526,10.30020
std_stable_sort,double,MANY_DUPLICATES_90,251189,13.37140
std_stable_sort,double,MANY_DUPLICATES_90,316228,17.08240
std_stable_sort,double,MANY_DUPLICATES_90,398107,22.54950
std_stable_sort,double,MANY_DUPLICATES_90,501187,28.02490
std_stable_sort,double,MANY_DUPLICATES_90,630957,36.10340
std_stable_sort,double,MANY_DUPLICATES_90,794328,46.64420
std_stable_sort,double,MANY_DUPLICATES_90,1000000,59.88220
std_stable_sort,double,MANY_DUPLICATES_90,1258925,77.07090
std_stable_sort,double,MANY_DUPLICATES_90,1584893,98.53540
std_stable_sort,double,MANY_DUPLICATES_90,1995262,128.87600
std_stable_sort,double,MANY_DUPLICATES_90,2511886,163.62300
std_stable_sort,double,MANY_DUPLICATES_90,3162277,211.69400
std_stable_sort,double,MANY_DUPLICATES_90,3981071,278.41900
std_stable_sort,double,MANY_DUPLICATES_90,5011872,354.29800
std_stable_sort,double,MANY_DUPLICATES_90,6309573,456.35300
std_stable_sort,double,MANY_DUPLICATES_90,7943282,589.26000
std_stable_sort,double,MANY_DUPLICATES_90,10000000,753.69900
std_stable_sort,double,NEARLY_SORTED,1000,0.00861
std_stable_sort,double,NEARLY_SORTED,1259,0.01611
std_stable_sort,double,NEARLY_SORTED,1585,0.01997
std_stable_sort,double,NEARLY_SORTED,1995,0.02746
std_stable_sort,double,NEARLY_SORTED,2512,0.02848
std_stable_sort,double,NEARLY_SORTED,3162,0.03773
std_stable_sort,double,NEARLY_SORTED,3981,0.05497
std_stable_sort,double,NEARLY_SORTED,5012,0.07110
std_stable_sort,double,NEARLY_SORTED,6310,0.08884
std_stable_sort,double,NEARLY_SORTED,7943,0.11089
std_stable_sort,double,NEARLY_SORTED,10000,0.14701
std_stable_sort,double,NEARLY_SORTED,12589,0.20811
std_stable_sort,double,NEARLY_SORTED,15849,0.23739
std_stable_sort,double,NEARLY_SORTED,19953,0.28073
std_stable_sort,double,NEARLY_SORTED,25119,0.37499
std_stable_sort,double,NEARLY_SORTED,31623,0.50450
std_stable_sort,double,NEARLY_SORTED,39811,0.62300
std_stable_sort,double,NEARLY_SORTED,50119,0.78339
std_stable_sort,double,NEARLY_SORTED,63096,1.01639
std_stable_sort,double,NEARLY_SORTED,79433,1.29571
std_stable_sort,double,NEARLY_SORTED,100000,1.63495
std_stable_sort,double,NEARLY_SORTED,125893,2.16126
std_stable_sort,double,NEARLY_SORTED,158489,2.63454
std_stable_sort,double,NEARLY_SORTED,199526,3.42367
std_stable_sort,double,NEARLY_SORTED,251189,4.45082
std_stable_sort,double,NEARLY_SORTED,316228,5.71611
std_stable_sort,double,NEARLY_SORTED,398107,7.33239
std_stable_sort,double,NEARLY_SORTED,501187,9.36773
std_stable_sort,double,NEARLY_SORTED,630957,11.81980
std_stable_sort,double,NEARLY_SORTED,794328,15.09750
std_stable_sort,double,NEARLY_SORTED,1000000,19.98660
std_stable_sort,double,NEARLY_SORTED,1258925,25.45810
std_stable_sort,double,NEARLY_SORTED,1584893,32.78060
std_stable_sort,double,NEARLY_SORTED,1995262,43.92420
std_stable_sort,double,NEARLY_SORTED,2511886,54.32510
std_stable_sort,double,NEARLY_SORTED,3162277,69.20670
std_stable_sort,double,NEARLY_SORTED,3981071,97.92690
std_stable_sort,double,NEARLY_SORTED,5011872,126.90400
std_stable_sort,double,NEARLY_SORTED,6309573,162.63300
std_stable_sort,double,NEARLY_SORTED,7943282,217.51900
std_stable_sort,double,NEARLY_SORTED,10000000,291.04200
std_stable_sort,double,ORGAN_PIPE,1000,0.00507
std_stable_sort,double,ORGAN_PIPE,1259,0.00691
std_stable_sort,double,ORGAN_PIPE,1585,0.00828
std_stable_sort,double,ORGAN_PIPE,1995,0.01011
std_stable_sort,double,ORGAN_PIPE,2512,0.01217
std_stable_sort,double,ORGAN_PIPE,3162,0.01561
std_stable_sort,double,ORGAN_PIPE,3981,0.02012
std_stable_sort,double,ORGAN_PIPE,5012,0.02414
std_stable_sort,double,ORGAN_PIPE,6310,0.03115
std_stable_sort,double,ORGAN_PIPE,7943,0.03925
std_stable_sort,double,ORGAN_PIPE,10000,0.05226
std_stable_sort,double,ORGAN_PIPE,12589,0.07408
std_stable_sort,double,ORGAN_PIPE,15849,0.10648
std_stable_sort,double,ORGAN_PIPE,19953,0.10980
std_stable_sort,double,ORGAN_PIPE,25119,0.13614
std_stable_sort,double,ORGAN_PIPE,31623,0.17685
std_stable_sort,double,ORGAN_PIPE,39811,0.21671
std_stable_sort,double,ORGAN_PIPE,50119,0.28614
std_stable_sort,double,ORGAN_PIPE,63096,0.40047
std_stable_sort,double,ORGAN_PIPE,79433,0.47341
std_stable_sort,double,ORGAN_PIPE,100000,0.59188
std_stable_sort,double,ORGAN_PIPE,125893,0.75433
std_stable_sort,double,ORGAN_PIPE,158489,0.93721
std_stable_sort,double,ORGAN_PIPE,199526,1.19695
std_stable_sort,double,ORGAN_PIPE,251189,1.63841
std_stable_sort,double,ORGAN_PIPE,316228,2.13523
std_stable_sort,double,ORGAN_PIPE,398107,2.80732
std_stable_sort,double,ORGAN_PIPE,501187,3.52009
std_stable_sort,double,ORGAN_PIPE,630957,4.45378
std_stable_sort,double,ORGAN_PIPE,794328,5.68108
std_stable_sort,double,ORGAN_PIPE,1000000,7.67046
std_stable_sort,double,ORGAN_PIPE,1258925,9.71865
std_stable_sort,double,ORGAN_PIPE,1584893,12.42330
std_stable_sort,double,ORGAN_PIPE,1995262,15.91530
std_stable_sort,double,ORGAN_PIPE,2511886,21.48950
std_stable_sort,double,ORGAN_PIPE,3162277,29.44080
std_stable_sort,double,ORGAN_PIPE,3981071,47.17140
std_stable_sort,double,ORGAN_PIPE,5011872,65.02910
std_stable_sort,double,ORGAN_PIPE,6309573,89.63070
std_stable_sort,double,ORGAN_PIPE,7943282,126.33500
std_stable_sort,double,ORGAN_PIPE,10000000,166.15500
std_stable_sort,double,RANDOM,1000,0.02417
std_stable_sort,double,RANDOM,1259,0.02524
std_stable_sort,double,RANDOM,1585,0.04907
std_stable_sort,double,RANDOM,1995,0.04719
std_stable_sort,double,RANDOM,2512,0.07881
std_stable_sort,double,RANDOM,3162,0.09323
std_stable_sort,double,RANDOM,3981,0.12905
std_stable_sort,double,RANDOM,5012,0.17255
std_stable_sort,double,RANDOM,6310,0.24038
std_stable_sort,double,RANDOM,7943,0.29012
std_stable_sort,double,RANDOM,10000,0.38357
std_stable_sort,double,RANDOM,12589,0.56235
std_stable_sort,double,RANDOM,15849,0.64863
std_stable_sort,double,RANDOM,19953,0.84740
std_stable_sort,double,RANDOM,25119,1.04391
std_stable_sort,double,RANDOM,31623,1.37001
std_stable_sort,double,RANDOM,39811,1.75924
std_stable_sort,double,RANDOM,50119,2.29343
std_stable_sort,double,RANDOM,63096,3.01331
std_stable_sort,double,RANDOM,79433,3.78011
std_stable_sort,double,RANDOM,100000,4.91713
std_stable_sort,double,RANDOM,125893,6.28258
std_stable_sort,double,RANDOM,158489,7.99608
std_stable_sort,double,RANDOM,199526,10.31810
std_stable_sort,double,RANDOM,251189,13.38970
std_stable_sort,double,RANDOM,316228,17.18310
std_stable_sort,double,RANDOM,398107,21.89890
std_stable_sort,double,RANDOM,501187,28.31120
std_stable_sort,double,RANDOM,630957,35.84170
std_stable_sort,double,RANDOM,794328,46.51570
std_stable_sort,double,RANDOM,1000000,60.53790
std_stable_sort,double,RANDOM,1258925,76.76770
std_stable_sort,double,RANDOM,1584893,99.99840
std_stable_sort,double,RANDOM,1995262,127.54900
std_stable_sort,double,RANDOM,2511886,162.93500
std_stable_sort,double,RANDOM,3162277,215.27800
std_stable_sort,double,RANDOM,3981071,275.97500
std_stable_sort,double,RANDOM,5011872,358.98600
std_stable_sort,double,RANDOM,6309573,454.25200
std_stable_sort,double,RANDOM,7943282,585.69600
std_stable_sort,double,RANDOM,10000000,753.39100
std_stable_sort,double,REVERSE_SORTED,1000,0.00620
std_stable_sort,double,REVERSE_SORTED,1259,0.00720
std_stable_sort,double,REVERSE_SORTED,1585,0.00933
std_stable_sort,double,REVERSE_SORTED,1995,0.01127
std_stable_sort,double,REVERSE_SORTED,2512,0.01376
std_stable_sort,double,REVERSE_SORTED,3162,0.01759
std_stable_sort,double,REVERSE_SORTED,3981,0.02285
std_stable_sort,double,REVERSE_SORTED,5012,0.02868
std_stable_sort,double,REVERSE_SORTED,6310,0.03680
std_stable_sort,double,REVERSE_SORTED,7943,0.04675
std_stable_sort,double,REVERSE_SORTED,10000,0.06703
std_stable_sort,double,REVERSE_SORTED,12589,0.08693
std_stable_sort,double,REVERSE_SORTED,15849,0.11243
std_stable_sort,double,REVERSE_SORTED,19953,0.13389
std_stable_sort,double,REVERSE_SORTED,25119,0.15830
std_stable_sort,double,REVERSE_SORTED,31623,0.21504
std_stable_sort,double,REVERSE_SORTED,39811,0.25336
std_stable_sort,double,REVERSE_SORTED,50119,0.32691
std_stable_sort,double,REVERSE_SORTED,63096,0.43161
std_stable_sort,double,REVERSE_SORTED,79433,0.55179
std_stable_sort,double,REVERSE_SORTED,100000,0.69118
std_stable_sort,double,REVERSE_SORTED,125893,0.84347
std_stable_sort,double,REVERSE_SORTED,158489,1.13869
std_stable_sort,double,REVERSE_SORTED,199526,1.39559
std_stable_sort,double,REVERSE_SORTED,251189,1.95046
std_stable_sort,double,REVERSE_SORTED,316228,2.53717
std_stable_sort,double,REVERSE_SORTED,398107,3.13424
std_stable_sort,double,REVERSE_SORTED,501187,4.09020
std_stable_sort,double,REVERSE_SORTED,630957,5.13036
std_stable_sort,double,REVERSE_SORTED,794328,6.62035
std_stable_sort,double,REVERSE_SORTED,1000000,8.68313
std_stable_sort,double,REVERSE_SORTED,1258925,11.03810
std_stable_sort,double,REVERSE_SORTED,1584893,14.10260
std_stable_sort,double,REVERSE_SORTED,1995262,18.30170
std_stable_sort,double,REVERSE_SORTED,2511886,23.95520
std_stable_sort,double,REVERSE_SORTED,3162277,32.52110
std_stable_sort,double,REVERSE_SORTED,3981071,49.68820
std_stable_sort,double,REVERSE_SORTED,5011872,70.79180
std_stable_sort,double,REVERSE_SORTED,6309573,97.12600
std_stable_sort,double,REVERSE_SORTED,7943282,125.23300
std_stable_sort,double,REVERSE_SORTED,10000000,174.78400
std_stable_sort,double,SAWTOOTH,1000,0.00564
std_stable_sort,double,SAWTOOTH,1259,0.00874
std_stable_sort,double,SAWTOOTH,1585,0.00855
std_stable_sort,double,SAWTOOTH,1995,0.01045
std_stable_sort,double,SAWTOOTH,2512,0.01201
std_stable_sort,double,SAWTOOTH,3162,0.01530
std_stable_sort,double,SAWTOOTH,3981,0.02081
std_stable_sort,double,SAWTOOTH,5012,0.02457
std_stable_sort,double,SAWTOOTH,6310,0.02871
std_stable_sort,double,SAWTOOTH,7943,0.03742
std_stable_sort,double,SAWTOOTH,10000,0.04434
std_stable_sort,double,SAWTOOTH,12589,0.07209
std_stable_sort,double,SAWTOOTH,15849,0.10364
std_stable_sort,double,SAWTOOTH,19953,0.09702
std_stable_sort,double,SAWTOOTH,25119,0.11983
std_stable_sort,double,SAWTOOTH,31623,0.16455
std_stable_sort,double,SAWTOOTH,39811,0.19511
std_stable_sort,double,SAWTOOTH,50119,0.25130
std_stable_sort,double,SAWTOOTH,63096,0.35856
std_stable_sort,double,SAWTOOTH,79433,0.40166
std_stable_sort,double,SAWTOOTH,100000,0.52829
std_stable_sort,double,SAWTOOTH,125893,0.67391
std_stable_sort,double,SAWTOOTH,158489,0.87487
std_stable_sort,double,SAWTOOTH,199526,1.08477
std_stable_sort,double,SAWTOOTH,251189,1.54459
std_stable_sort,double,SAWTOOTH,316228,1.92309
std_stable_sort,double,SAWTOOTH,398107,2.55446
std_stable_sort,double,SAWTOOTH,501187,3.23072
std_stable_sort,double,SAWTOOTH,630957,3.92516
std_stable_sort,double,SAWTOOTH,794328,4.95525
std_stable_sort,double,SAWTOOTH,1000000,6.80830
std_stable_sort,double,SAWTOOTH,1258925,8.74462
std_stable_sort,double,SAWTOOTH,1584893,11.02790
std_stable_sort,double,SAWTOOTH,1995262,14.93470
std_stable_sort,double,SAWTOOTH,2511886,19.35810
std_stable_sort,double,SAWTOOTH,3162277,26.36140
std_stable_sort,double,SAWTOOTH,3981071,43.85900
std_stable_sort,double,SAWTOOTH,5011872,59.82120
std_stable_sort,double,SAWTOOTH,6309573,81.00340
std_stable_sort,double,SAWTOOTH,7943282,111.12600
std_stable_sort,double,SAWTOOTH,10000000,151.93900
std_stable_sort,int,MANY_DUPLICATES_10,1000,0.02216
std_stable_sort,int,MANY_DUPLICATES_10,1259,0.03459
std_stable_sort,int,MANY_DUPLICATES_10,1585,0.03827
std_stable_sort,int,MANY_DUPLICATES_10,1995,0.04633
std_stable_sort,int,MANY_DUPLICATES_10,2512,0.07182
std_stable_sort,int,MANY_DUPLICATES_10,3162,0.09112
std_stable_sort,int,MANY_DUPLICATES_10,3981,0.10816
std_stable_sort,int,MANY_DUPLICATES_10,5012,0.15304
std_stable_sort,int,MANY_DUPLICATES_10,6310,0.20435
std_stable_sort,int,MANY_DUPLICATES_10,7943,0.24705
std_stable_sort,int,MANY_DUPLICATES_10,10000,0.33740
std_stable_sort,int,MANY_DUPLICATES_10,12589,0.41587
std_stable_sort,int,MANY_DUPLICATES_10,15849,0.58038
std_stable_sort,int,MANY_DUPLICATES_10,19953,0.71193
std_stable_sort,int,MANY_DUPLICATES_10,25119,0.93454
std_stable_sort,int,MANY_DUPLICATES_10,31623,1.20869
std_stable_sort,int,MANY_DUPLICATES_10,39811,1.50333
std_stable_sort,int,MANY_DUPLICATES_10,50119,1.93044
std_stable_sort,int,MANY_DUPLICATES_10,63096,2.51374
std_stable_sort,int,MANY_DUPLICATES_10,79433,3.21227
std_stable_sort,int,MANY_DUPLICATES_10,100000,4.16890
std_stable_sort,int,MANY_DUPLICATES_10,125893,5.27252
std_stable_sort,int,MANY_DUPLICATES_10,158489,6.77116
std_stable_sort,int,MANY_DUPLICATES_10,199526,8.72347
std_stable_sort,int,MANY_DUPLICATES_10,251189,11.27310
std_stable_sort,int,MANY_DUPLICATES_10,316228,14.68640
std_stable_sort,int,MANY_DUPLICATES_10,398107,18.43180
std_stable_sort,int,MANY_DUPLICATES_10,501187,24.02240
std_stable_sort,int,MANY_DUPLICATES_10,630957,30.90270
std_stable_sort,int,MANY_DUPLICATES_10,794328,39.60880
std_stable_sort,int,MANY_DUPLICATES_10,1000000,50.99180
std_stable_sort,int,MANY_DUPLICATES_10,1258925,65.77350
std_stable_sort,int,MANY_DUPLICATES_10,1584893,83.07210
std_stable_sort,int,MANY_DUPLICATES_10,1995262,105.87600
std_stable_sort,int,MANY_DUPLICATES_10,2511886,137.34000
std_stable_sort,int,MANY_DUPLICATES_10,3162277,176.38500
std_stable_sort,int,MANY_DUPLICATES_10,3981071,228.05600
std_stable_sort,int,MANY_DUPLICATES_10,5011872,295.16000
std_stable_sort,int,MANY_DUPLICATES_10,6309573,380.10000
std_stable_sort,int,MANY_DUPLICATES_10,7943282,488.43400
std_stable_sort,int,MANY_DUPLICATES_10,10000000,615.13900
std_stable_sort,int,MANY_DUPLICATES_50,1000,0.01956
std_stable_sort,int,MANY_DUPLICATES_50,1259,0.03650
std_stable_sort,int,MANY_DUPLICATES_50,1585,0.04936
std_stable_sort,int,MANY_DUPLICATES_50,1995,0.05623
std_stable_sort,int,MANY_DUPLICATES_50,2512,0.07389
std_stable_sort,int,MANY_DUPLICATES_50,3162,0.09554
std_stable_sort,int,MANY_DUPLICATES_50,3981,0.11161
std_stable_sort,int,MANY_DUPLICATES_50,5012,0.16307
std_stable_sort,int,MANY_DUPLICATES_50,6310,0.19723
std_stable_sort,int,MANY_DUPLICATES_50,7943,0.26442
std_stable_sort,int,MANY_DUPLICATES_50,10000,0.33449
std_stable_sort,int,MANY_DUPLICATES_50,12589,0.43930
std_stable_sort,int,MANY_DUPLICATES_50,15849,0.56538
std_stable_sort,int,MANY_DUPLICATES_50,19953,0.71433
std_stable_sort,int,MANY_DUPLICATES_50,25119,0.96498
std_stable_sort,int,MANY_DUPLICATES_50,31623,1.25339
std_stable_sort,int,MANY_DUPLICATES_50,39811,1.56894
std_stable_sort,int,MANY_DUPLICATES_50,50119,2.02146
std_stable_sort,int,MANY_DUPLICATES_50,63096,2.61175
std_stable_sort,int,MANY_DUPLICATES_50,79433,3.31442
std_stable_sort,int,MANY_DUPLICATES_50,100000,4.29575
std_stable_sort,int,MANY_DUPLICATES_50,125893,5.47977
std_stable_sort,int,MANY_DUPLICATES_50,158489,7.00204
std_stable_sort,int,MANY_DUPLICATES_50,199526,9.03112
std_stable_sort,int,MANY_DUPLICATES_50,251189,11.64810
std_stable_sort,int,MANY_DUPLICATES_50,316228,14.99010
std_stable_sort,int,MANY_DUPLICATES_50,398107,19.41290
std_stable_sort,int,MANY_DUPLICATES_50,501187,24.50260
std_stable_sort,int,MANY_DUPLICATES_50,630957,31.38770
std_stable_sort,int,MANY_DUPLICATES_50,794328,40.96420
std_stable_sort,int,MANY_DUPLICATES_50,1000000,53.45940
std_stable_sort,int,MANY_DUPLICATES_50,1258925,66.69420
std_stable_sort,int,MANY_DUPLICATES_50,1584893,86.99320
std_stable_sort,int,MANY_DUPLICATES_50,1995262,111.92200
std_stable_sort,int,MANY_DUPLICATES_50,2511886,142.08200
std_stable_sort,int,MANY_DUPLICATES_50,3162277,182.58700
std_stable_sort,int,MANY_DUPLICATES_50,3981071,235.66200
std_stable_sort,int,MANY_DUPLICATES_50,5011872,300.52700
std_stable_sort,int,MANY_DUPLICATES_50,6309573,382.05400
std_stable_sort,int,MANY_DUPLICATES_50,7943282,498.12000
std_stable_sort,int,MANY_DUPLICATES_50,10000000,639.76900
std_stable_sort,int,MANY_DUPLICATES_90,1000,0.02241
std_stable_sort,int,MANY_DUPLICATES_90,1259,0.02982
std_stable_sort,int,MANY_DUPLICATES_90,1585,0.04473
std_stable_sort,int,MANY_DUPLICATES_90,1995,0.05443
std_stable_sort,int,MANY_DUPLICATES_90,2512,0.07815
std_stable_sort,int,MANY_DUPLICATES_90,3162,0.08537
std_stable_sort,int,MANY_DUPLICATES_90,3981,0.12053
std_stable_sort,int,MANY_DUPLICATES_90,5012,0.14924
std_stable_sort,int,MANY_DUPLICATES_90,6310,0.19723
std_stable_sort,int,MANY_DUPLICATES_90,7943,0.25822
std_stable_sort,int,MANY_DUPLICATES_90,10000,0.33813
std_stable_sort,int,MANY_DUPLICATES_90,12589,0.45002
std_stable_sort,int,MANY_DUPLICATES_90,15849,0.59425
std_stable_sort,int,MANY_DUPLICATES_90,19953,0.72268
std_stable_sort,int,MANY_DUPLICATES_90,25119,1.01070
std_stable_sort,int,MANY_DUPLICATES_90,31623,1.23998
std_stable_sort,int,MANY_DUPLICATES_90,39811,1.65031
std_stable_sort,int,MANY_DUPLICATES_90,50119,2.07493
std_stable_sort,int,MANY_DUPLICATES_90,63096,2.61176
std_stable_sort,int,MANY_DUPLICATES_90,79433,3.36697
std_stable_sort,int,MANY_DUPLICATES_90,100000,4.30521
std_stable_sort,int,MANY_DUPLICATES_90,125893,5.49505
std_stable_sort,int,MANY_DUPLICATES_90,158489,7.05624
std_stable_sort,int,MANY_DUPLICATES_90,199526,9.05024
std_stable_sort,int,MANY_DUPLICATES_90,251189,11.79440
std_stable_sort,int,MANY_DUPLICATES_90,316228,15.24170
std_stable_sort,int,MANY_DUPLICATES_90,398107,19.39180
std_stable_sort,int,MANY_DUPLICATES_90,501187,24.70990
std_stable_sort,int,MANY_DUPLICATES_90,630957,31.41140
std_stable_sort,int,MANY_DUPLICATES_90,794328,41.29230
std_stable_sort,int,MANY_DUPLICATES_90,1000000,52.42580
std_stable_sort,int,MANY_DUPLICATES_90,1258925,67.03110
std_stable_sort,int,MANY_DUPLICATES_90,1584893,86.23190
std_stable_sort,int,MANY_DUPLICATES_90,1995262,111.64900
std_stable_sort,int,MANY_DUPLICATES_90,2511886,142.14500
std_stable_sort,int,MANY_DUPLICATES_90,3162277,184.68700
std_stable_sort,int,MANY_DUPLICATES_90,3981071,235.31500
std_stable_sort,int,MANY_DUPLICATES_90,5011872,298.32900
std_stable_sort,int,MANY_DUPLICATES_90,6309573,391.63100
std_stable_sort,int,MANY_DUPLICATES_90,7943282,494.08000
std_stable_sort,int,MANY_DUPLICATES_90,10000000,629.54100
std_stable_sort,int,NEARLY_SORTED,1000,0.01159
std_stable_sort,int,NEARLY_SORTED,1259,0.01623
std_stable_sort,int,NEARLY_SORTED,1585,0.01983
std_stable_sort,int,NEARLY_SORTED,1995,0.02011
std_stable_sort,int,NEARLY_SORTED,2512,0.03240
std_stable_sort,int,NEARLY_SORTED,3162,0.03169
std_stable_sort,int,NEARLY_SORTED,3981,0.04745
std_stable_sort,int,NEARLY_SORTED,5012,0.05698
std_stable_sort,int,NEARLY_SORTED,6310,0.07750
std_stable_sort,int,NEARLY_SORTED,7943,0.09593
std_stable_sort,int,NEARLY_SORTED,10000,0.12649
std_stable_sort,int,NEARLY_SORTED,12589,0.14632
std_stable_sort,int,NEARLY_SORTED,15849,0.21092
std_stable_sort,int,NEARLY_SORTED,19953,0.28001
std_stable_sort,int,NEARLY_SORTED,25119,0.35555
std_stable_sort,int,NEARLY_SORTED,31623,0.44372
std_stable_sort,int,NEARLY_SORTED,39811,0.53205
std_stable_sort,int,NEARLY_SORTED,50119,0.68664
std_stable_sort,int,NEARLY_SORTED,63096,0.90096
std_stable_sort,int,NEARLY_SORTED,79433,1.19411
std_stable_sort,int,NEARLY_SORTED,100000,1.49230
std_stable_sort,int,NEARLY_SORTED,125893,1.89186
std_stable_sort,int,NEARLY_SORTED,158489,2.40024
std_stable_sort,int,NEARLY_SORTED,199526,3.01416
std_stable_sort,int,NEARLY_SORTED,251189,3.88427
std_stable_sort,int,NEARLY_SORTED,316228,4.97407
std_stable_sort,int,NEARLY_SORTED,398107,6.21795
std_stable_sort,int,NEARLY_SORTED,501187,8.02454
std_stable_sort,int,NEARLY_SORTED,630957,10.11500
std_stable_sort,int,NEARLY_SORTED,794328,13.06040
std_stable_sort,int,NEARLY_SORTED,1000000,17.05660
std_stable_sort,int,NEARLY_SORTED,1258925,21.45460
std_stable_sort,int,NEARLY_SORTED,1584893,27.52160
std_stable_sort,int,NEARLY_SORTED,1995262,35.61940
std_stable_sort,int,NEARLY_SORTED,2511886,45.16020
std_stable_sort,int,NEARLY_SORTED,3162277,56.65100
std_stable_sort,int,NEARLY_SORTED,3981071,74.28650
std_stable_sort,int,NEARLY_SORTED,5011872,96.47470
std_stable_sort,int,NEARLY_SORTED,6309573,124.21100
std_stable_sort,int,NEARLY_SORTED,7943282,165.74800
std_stable_sort,int,NEARLY_SORTED,10000000,209.92600
std_stable_sort,int,ORGAN_PIPE,1000,0.00464
std_stable_sort,int,ORGAN_PIPE,1259,0.00602
std_stable_sort,int,ORGAN_PIPE,1585,0.00737
std_stable_sort,int,ORGAN_PIPE,1995,0.00878
std_stable_sort,int,ORGAN_PIPE,2512,0.01051
std_stable_sort,int,ORGAN_PIPE,3162,0.01347
std_stable_sort,int,ORGAN_PIPE,3981,0.01792
std_stable_sort,int,ORGAN_PIPE,5012,0.02049
std_stable_sort,int,ORGAN_PIPE,6310,0.02625
std_stable_sort,int,ORGAN_PIPE,7943,0.03560
std_stable_sort,int,ORGAN_PIPE,10000,0.04308
std_stable_sort,int,ORGAN_PIPE,12589,0.05357
std_stable_sort,int,ORGAN_PIPE,15849,0.07571
std_stable_sort,int,ORGAN_PIPE,19953,0.10048
std_stable_sort,int,ORGAN_PIPE,25119,0.12987
std_stable_sort,int,ORGAN_PIPE,31623,0.17232
std_stable_sort,int,ORGAN_PIPE,39811,0.18247
std_stable_sort,int,ORGAN_PIPE,50119,0.23214
std_stable_sort,int,ORGAN_PIPE,63096,0.32130
std_stable_sort,int,ORGAN_PIPE,79433,0.39820
std_stable_sort,int,ORGAN_PIPE,100000,0.49921
std_stable_sort,int,ORGAN_PIPE,125893,0.62816
std_stable_sort,int,ORGAN_PIPE,158489,0.79045
std_stable_sort,int,ORGAN_PIPE,199526,1.00361
std_stable_sort,int,ORGAN_PIPE,251189,1.31042
std_stable_sort,int,ORGAN_PIPE,316228,1.65341
std_stable_sort,int,ORGAN_PIPE,398107,2.03797
std_stable_sort,int,ORGAN_PIPE,501187,2.67652
std_stable_sort,int,ORGAN_PIPE,630957,3.43934
std_stable_sort,int,ORGAN_PIPE,794328,4.61868
std_stable_sort,int,ORGAN_PIPE,1000000,5.86260
std_stable_sort,int,ORGAN_PIPE,1258925,7.25044
std_stable_sort,int,ORGAN_PIPE,1584893,9.22456
std_stable_sort,int,ORGAN_PIPE,1995262,11.79710
std_stable_sort,int,ORGAN_PIPE,2511886,15.24200
std_stable_sort,int,ORGAN_PIPE,3162277,19.16730
std_stable_sort,int,ORGAN_PIPE,3981071,25.08030
std_stable_sort,int,ORGAN_PIPE,5011872,33.04530
std_stable_sort,int,ORGAN_PIPE,6309573,44.27380
std_stable_sort,int,ORGAN_PIPE,7943282,62.77830
std_stable_sort,int,ORGAN_PIPE,10000000,100.33300
std_stable_sort,int,RANDOM,1000,0.02491
std_stable_sort,int,RANDOM,1259,0.03226
std_stable_sort,int,RANDOM,1585,0.04686
std_stable_sort,int,RANDOM,1995,0.05144
std_stable_sort,int,RANDOM,2512,0.06383
std_stable_sort,int,RANDOM,3162,0.09023
std_stable_sort,int,RANDOM,3981,0.11561
std_stable_sort,int,RANDOM,5012,0.15962
std_stable_sort,int,RANDOM,6310,0.19732
std_stable_sort,int,RANDOM,7943,0.25423
std_stable_sort,int,RANDOM,10000,0.34118
std_stable_sort,int,RANDOM,12589,0.43635
std_stable_sort,int,RANDOM,15849,0.57960
std_stable_sort,int,RANDOM,19953,0.72243
std_stable_sort,int,RANDOM,25119,0.96154
std_stable_sort,int,RANDOM,31623,1.23639
std_stable_sort,int,RANDOM,39811,1.54884
std_stable_sort,int,RANDOM,50119,2.01095
std_stable_sort,int,RANDOM,63096,2.67487
std_stable_sort,int,RANDOM,79433,3.35391
std_stable_sort,int,RANDOM,100000,4.33167
std_stable_sort,int,RANDOM,125893,5.45942
std_stable_sort,int,RANDOM,158489,6.93973
std_stable_sort,int,RANDOM,199526,9.04872
std_stable_sort,int,RANDOM,251189,11.72490
std_stable_sort,int,RANDOM,316228,14.93180
std_stable_sort,int,RANDOM,398107,19.19200
std_stable_sort,int,RANDOM,501187,24.76300
std_stable_sort,int,RANDOM,630957,31.54700
std_stable_sort,int,RANDOM,794328,41.40790
std_stable_sort,int,RANDOM,1000000,52.18320
std_stable_sort,int,RANDOM,1258925,67.67840
std_stable_sort,int,RANDOM,1584893,86.96180
std_stable_sort,int,RANDOM,1995262,111.13600
std_stable_sort,int,RANDOM,2511886,139.23300
std_stable_sort,int,RANDOM,3162277,181.48200
std_stable_sort,int,RANDOM,3981071,232.28600
std_stable_sort,int,RANDOM,5011872,299.35500
std_stable_sort,int,RANDOM,6309573,383.01400
std_stable_sort,int,RANDOM,7943282,498.68000
std_stable_sort,int,RANDOM,10000000,638.83300
std_stable_sort,int,REVERSE_SORTED,1000,0.00548
std_stable_sort,int,REVERSE_SORTED,1259,0.00633
std_stable_sort,int,REVERSE_SORTED,1585,0.00830
std_stable_sort,int,REVERSE_SORTED,1995,0.01010
std_stable_sort,int,REVERSE_SORTED,2512,0.01240
std_stable_sort,int,REVERSE_SORTED,3162,0.01529
std_stable_sort,int,REVERSE_SORTED,3981,0.02043
std_stable_sort,int,REVERSE_SORTED,5012,0.02452
std_stable_sort,int,REVERSE_SORTED,6310,0.03198
std_stable_sort,int,REVERSE_SORTED,7943,0.03996
std_stable_sort,int,REVERSE_SORTED,10000,0.05555
std_stable_sort,int,REVERSE_SORTED,12589,0.06430
std_stable_sort,int,REVERSE_SORTED,15849,0.09063
std_stable_sort,int,REVERSE_SORTED,19953,0.11804
std_stable_sort,int,REVERSE_SORTED,25119,0.15066
std_stable_sort,int,REVERSE_SORTED,31623,0.20157
std_stable_sort,int,REVERSE_SORTED,39811,0.23168
std_stable_sort,int,REVERSE_SORTED,50119,0.27076
std_stable_sort,int,REVERSE_SORTED,63096,0.37485
std_stable_sort,int,REVERSE_SORTED,79433,0.46809
std_stable_sort,int,REVERSE_SORTED,100000,0.63419
std_stable_sort,int,REVERSE_SORTED,125893,0.75633
std_stable_sort,int,REVERSE_SORTED,158489,0.90826
std_stable_sort,int,REVERSE_SORTED,199526,1.19030
std_stable_sort,int,REVERSE_SORTED,251189,1.49971
std_stable_sort,int,REVERSE_SORTED,316228,1.95704
std_stable_sort,int,REVERSE_SORTED,398107,2.35676
std_stable_sort,int,REVERSE_SORTED,501187,3.12832
std_stable_sort,int,REVERSE_SORTED,630957,3.98454
std_stable_sort,int,REVERSE_SORTED,794328,5.06216
std_stable_sort,int,REVERSE_SORTED,1000000,6.64798
std_stable_sort,int,REVERSE_SORTED,1258925,8.50822
std_stable_sort,int,REVERSE_SORTED,1584893,10.66030
std_stable_sort,int,REVERSE_SORTED,1995262,13.65490
std_stable_sort,int,REVERSE_SORTED,2511886,17.94060
std_stable_sort,int,REVERSE_SORTED,3162277,22.11060
std_stable_sort,int,REVERSE_SORTED,3981071,29.80540
std_stable_sort,int,REVERSE_SORTED,5011872,37.37280
std_stable_sort,int,REVERSE_SORTED,6309573,49.81950
std_stable_sort,int,REVERSE_SORTED,7943282,70.20680
std_stable_sort,int,REVERSE_SORTED,10000000,94.43680
std_stable_sort,int,SAWTOOTH,1000,0.00670
std_stable_sort,int,SAWTOOTH,1259,0.00643
std_stable_sort,int,SAWTOOTH,1585,0.00860
std_stable_sort,int,SAWTOOTH,1995,0.00888
std_stable_sort,int,SAWTOOTH,2512,0.01110
std_stable_sort,int,SAWTOOTH,3162,0.01232
std_stable_sort,int,SAWTOOTH,3981,0.01694
std_stable_sort,int,SAWTOOTH,5012,0.01919
std_stable_sort,int,SAWTOOTH,6310,0.02444
std_stable_sort,int,SAWTOOTH,7943,0.03108
std_stable_sort,int,SAWTOOTH,10000,0.03734
std_stable_sort,int,SAWTOOTH,12589,0.04860
std_stable_sort,int,SAWTOOTH,15849,0.07566
std_stable_sort,int,SAWTOOTH,19953,0.08353
std_stable_sort,int,SAWTOOTH,25119,0.11851
std_stable_sort,int,SAWTOOTH,31623,0.13900
std_stable_sort,int,SAWTOOTH,39811,0.15518
std_stable_sort,int,SAWTOOTH,50119,0.21143
std_stable_sort,int,SAWTOOTH,63096,0.26382
std_stable_sort,int,SAWTOOTH,79433,0.34384
std_stable_sort,int,SAWTOOTH,100000,0.42757
std_stable_sort,int,SAWTOOTH,125893,0.56335
std_stable_sort,int,SAWTOOTH,158489,0.68256
std_stable_sort,int,SAWTOOTH,199526,0.83613
std_stable_sort,int,SAWTOOTH,251189,1.12947
std_stable_sort,int,SAWTOOTH,316228,1.40619
std_stable_sort,int,SAWTOOTH,398107,1.77988
std_stable_sort,int,SAWTOOTH,501187,2.39896
std_stable_sort,int,SAWTOOTH,630957,2.94024
std_stable_sort,int,SAWTOOTH,794328,3.83959
std_stable_sort,int,SAWTOOTH,1000000,5.23722
std_stable_sort,int,SAWTOOTH,1258925,6.72407
std_stable_sort,int,SAWTOOTH,1584893,8.55485
std_stable_sort,int,SAWTOOTH,1995262,10.77590
std_stable_sort,int,SAWTOOTH,2511886,13.59190
std_stable_sort,int,SAWTOOTH,3162277,16.96420
std_stable_sort,int,SAWTOOTH,3981071,23.24110
std_stable_sort,int,SAWTOOTH,5011872,30.19920
std_stable_sort,int,SAWTOOTH,6309573,40.09680
std_stable_sort,int,SAWTOOTH,7943282,54.20230
std_stable_sort,int,SAWTOOTH,10000000,74.18260
