Algorithm,Pattern,Size,Comparisons,Swaps,Assignments
dual_pivot_sequential,RANDOM,1000,17705,1160,10201
dual_pivot_sequential,RANDOM,1259,19650,1703,10908
dual_pivot_sequential,RANDOM,1585,27857,2301,14460
dual_pivot_sequential,RANDOM,1995,34004,3397,17446
dual_pivot_sequential,RANDOM,2512,53163,4683,24420
dual_pivot_sequential,RANDOM,3162,63559,5003,32068
dual_pivot_sequential,RANDOM,3981,80638,7132,39885
dual_pivot_sequential,RANDOM,5012,115429,8315,52994
dual_pivot_sequential,RANDOM,6310,139006,11288,66781
dual_pivot_sequential,RANDOM,7943,193214,15982,85252
dual_pivot_sequential,RANDOM,10000,218576,23213,102143
dual_pivot_sequential,RANDOM,12589,302516,27281,135499
dual_pivot_sequential,RANDOM,15849,391587,36142,172192
dual_pivot_sequential,RANDOM,19953,512266,48822,223604
dual_pivot_sequential,RANDOM,25119,653486,61977,281719
dual_pivot_sequential,RANDOM,31623,793317,87339,345483
dual_pivot_sequential,RANDOM,39811,1112520,104825,455459
dual_pivot_sequential,RANDOM,50119,1353020,133899,574645
dual_pivot_sequential,RANDOM,63096,2059620,159768,786127
dual_pivot_sequential,RANDOM,79433,2339839,232876,943459
dual_pivot_sequential,RANDOM,100000,3008763,310323,1203735
dual_pivot_sequential,NEARLY_SORTED,1000,9568,1381,5719
dual_pivot_sequential,NEARLY_SORTED,1259,12037,1576,6652
dual_pivot_sequential,NEARLY_SORTED,1585,17001,2265,9323
dual_pivot_sequential,NEARLY_SORTED,1995,22339,2992,11989
dual_pivot_sequential,NEARLY_SORTED,2512,30356,4332,16434
dual_pivot_sequential,NEARLY_SORTED,3162,41140,5941,22116
dual_pivot_sequential,NEARLY_SORTED,3981,54169,8163,28952
dual_pivot_sequential,NEARLY_SORTED,5012,68567,9921,36107
dual_pivot_sequential,NEARLY_SORTED,6310,90041,12208,47217
dual_pivot_sequential,NEARLY_SORTED,7943,118314,16897,58475
dual_pivot_sequential,NEARLY_SORTED,10000,155751,23771,76937
dual_pivot_sequential,NEARLY_SORTED,12589,206906,31155,97698
dual_pivot_sequential,NEARLY_SORTED,15849,269769,39197,131045
dual_pivot_sequential,NEARLY_SORTED,19953,337979,51346,157226
dual_pivot_sequential,NEARLY_SORTED,25119,447632,64155,200414
dual_pivot_sequential,NEARLY_SORTED,31623,572564,83137,258837
dual_pivot_sequential,NEARLY_SORTED,39811,774356,116987,351011
dual_pivot_sequential,NEARLY_SORTED,50119,983255,151099,431368
dual_pivot_sequential,NEARLY_SORTED,63096,1311435,201121,568245
dual_pivot_sequential,NEARLY_SORTED,79433,1689470,259222,725962
dual_pivot_sequential,NEARLY_SORTED,100000,2128882,331359,898961
dual_pivot_sequential,REVERSE_SORTED,1000,6908,1704,2150
dual_pivot_sequential,REVERSE_SORTED,1259,8965,2103,2882
dual_pivot_sequential,REVERSE_SORTED,1585,10665,2974,2009
dual_pivot_sequential,REVERSE_SORTED,1995,13478,3706,2507
dual_pivot_sequential,REVERSE_SORTED,2512,18329,5106,3280
dual_pivot_sequential,REVERSE_SORTED,3162,23022,6390,3985
dual_pivot_sequential,REVERSE_SORTED,3981,30438,8202,5514
dual_pivot_sequential,REVERSE_SORTED,5012,7519,0,7518
dual_pivot_sequential,REVERSE_SORTED,6310,9466,0,9465
dual_pivot_sequential,REVERSE_SORTED,7943,11915,0,11913
dual_pivot_sequential,REVERSE_SORTED,10000,15001,0,15000
dual_pivot_sequential,REVERSE_SORTED,12589,18884,0,18882
dual_pivot_sequential,REVERSE_SORTED,15849,23774,0,23772
dual_pivot_sequential,REVERSE_SORTED,19953,29930,0,29928
dual_pivot_sequential,REVERSE_SORTED,25119,37679,0,37677
dual_pivot_sequential,REVERSE_SORTED,31623,47435,0,47433
dual_pivot_sequential,REVERSE_SORTED,39811,59717,0,59715
dual_pivot_sequential,REVERSE_SORTED,50119,75179,0,75177
dual_pivot_sequential,REVERSE_SORTED,63096,94645,0,94644
dual_pivot_sequential,REVERSE_SORTED,79433,119150,0,119148
dual_pivot_sequential,REVERSE_SORTED,100000,150001,0,150000
dual_pivot_sequential,MANY_DUPLICATES_10,1000,16979,1504,7115
dual_pivot_sequential,MANY_DUPLICATES_10,1259,20047,1934,10193
dual_pivot_sequential,MANY_DUPLICATES_10,1585,26313,3112,11158
dual_pivot_sequential,MANY_DUPLICATES_10,1995,29727,4123,14600
dual_pivot_sequential,MANY_DUPLICATES_10,2512,49666,5120,20804
dual_pivot_sequential,MANY_DUPLICATES_10,3162,58157,7071,26339
dual_pivot_sequential,MANY_DUPLICATES_10,3981,77104,8868,34478
dual_pivot_sequential,MANY_DUPLICATES_10,5012,106069,10781,46839
dual_pivot_sequential,MANY_DUPLICATES_10,6310,132068,13998,58382
dual_pivot_sequential,MANY_DUPLICATES_10,7943,168795,20302,69961
dual_pivot_sequential,MANY_DUPLICATES_10,10000,227028,24693,96376
dual_pivot_sequential,MANY_DUPLICATES_10,12589,273659,33206,114902
dual_pivot_sequential,MANY_DUPLICATES_10,15849,363300,43644,144616
dual_pivot_sequential,MANY_DUPLICATES_10,19953,487592,56470,193585
dual_pivot_sequential,MANY_DUPLICATES_10,25119,620351,68212,245661
dual_pivot_sequential,MANY_DUPLICATES_10,31623,800009,91542,306945
dual_pivot_sequential,MANY_DUPLICATES_10,39811,999847,119229,394487
dual_pivot_sequential,MANY_DUPLICATES_10,50119,1354520,147922,497099
dual_pivot_sequential,MANY_DUPLICATES_10,63096,1891229,193392,688542
dual_pivot_sequential,MANY_DUPLICATES_10,79433,2275029,245553,834284
dual_pivot_sequential,MANY_DUPLICATES_10,100000,2970726,308739,1073743
dual_pivot_sequential,MANY_DUPLICATES_50,1000,19166,1360,9365
dual_pivot_sequential,MANY_DUPLICATES_50,1259,19580,1832,10880
dual_pivot_sequential,MANY_DUPLICATES_50,1585,29948,2260,16284
dual_pivot_sequential,MANY_DUPLICATES_50,1995,33785,3565,18330
dual_pivot_sequential,MANY_DUPLICATES_50,2512,53196,3936,27411
dual_pivot_sequential,MANY_DUPLICATES_50,3162,67680,5229,31297
dual_pivot_sequential,MANY_DUPLICATES_50,3981,81912,7472,39369
dual_pivot_sequential,MANY_DUPLICATES_50,5012,110564,9000,50956
dual_pivot_sequential,MANY_DUPLICATES_50,6310,134668,12981,63558
dual_pivot_sequential,MANY_DUPLICATES_50,7943,184722,17457,84622
dual_pivot_sequential,MANY_DUPLICATES_50,10000,223121,23747,106024
dual_pivot_sequential,MANY_DUPLICATES_50,12589,292346,29274,136525
dual_pivot_sequential,MANY_DUPLICATES_50,15849,395868,37972,171798
dual_pivot_sequential,MANY_DUPLICATES_50,19953,510175,50439,224515
dual_pivot_sequential,MANY_DUPLICATES_50,25119,649266,61222,283109
dual_pivot_sequential,MANY_DUPLICATES_50,31623,818032,84119,358335
dual_pivot_sequential,MANY_DUPLICATES_50,39811,1015823,112544,443685
dual_pivot_sequential,MANY_DUPLICATES_50,50119,1424341,133470,590318
dual_pivot_sequential,MANY_DUPLICATES_50,63096,1975804,164359,775492
dual_pivot_sequential,MANY_DUPLICATES_50,79433,2323918,237491,948935
dual_pivot_sequential,MANY_DUPLICATES_50,100000,3101140,302336,1220404
dual_pivot_sequential,MANY_DUPLICATES_90,1000,16169,1267,8982
dual_pivot_sequential,MANY_DUPLICATES_90,1259,20342,1636,11302
dual_pivot_sequential,MANY_DUPLICATES_90,1585,28220,2106,15073
dual_pivot_sequential,MANY_DUPLICATES_90,1995,35445,3377,17380
dual_pivot_sequential,MANY_DUPLICATES_90,2512,57864,3837,26652
dual_pivot_sequential,MANY_DUPLICATES_90,3162,63807,5141,31239
dual_pivot_sequential,MANY_DUPLICATES_90,3981,83570,6670,41093
dual_pivot_sequential,MANY_DUPLICATES_90,5012,121633,8897,54264
dual_pivot_sequential,MANY_DUPLICATES_90,6310,136588,11993,67821
dual_pivot_sequential,MANY_DUPLICATES_90,7943,181085,16949,87789
dual_pivot_sequential,MANY_DUPLICATES_90,10000,218599,23409,100988
dual_pivot_sequential,MANY_DUPLICATES_90,12589,297086,29160,133788
dual_pivot_sequential,MANY_DUPLICATES_90,15849,398309,37169,177036
dual_pivot_sequential,MANY_DUPLICATES_90,19953,529119,50926,230241
dual_pivot_sequential,MANY_DUPLICATES_90,25119,642023,65211,286087
dual_pivot_sequential,MANY_DUPLICATES_90,31623,820449,80124,347916
dual_pivot_sequential,MANY_DUPLICATES_90,39811,1044197,106673,460964
dual_pivot_sequential,MANY_DUPLICATES_90,50119,1396050,137468,590062
dual_pivot_sequential,MANY_DUPLICATES_90,63096,1854683,173375,757894
dual_pivot_sequential,MANY_DUPLICATES_90,79433,2324274,237098,961734
dual_pivot_sequential,MANY_DUPLICATES_90,100000,2935983,310085,1208525
dual_pivot_sequential,ORGAN_PIPE,1000,17409,3010,9145
dual_pivot_sequential,ORGAN_PIPE,1259,22655,4221,11229
dual_pivot_sequential,ORGAN_PIPE,1585,28778,5307,13711
dual_pivot_sequential,ORGAN_PIPE,1995,40277,7142,17873
dual_pivot_sequential,ORGAN_PIPE,2512,54255,9072,24246
dual_pivot_sequential,ORGAN_PIPE,3162,71270,11826,30865
dual_pivot_sequential,ORGAN_PIPE,3981,91053,14996,37640
dual_pivot_sequential,ORGAN_PIPE,5012,13783,0,11275
dual_pivot_sequential,ORGAN_PIPE,6310,17353,0,14197
dual_pivot_sequential,ORGAN_PIPE,7943,21844,0,17870
dual_pivot_sequential,ORGAN_PIPE,10000,27500,0,22498
dual_pivot_sequential,ORGAN_PIPE,12589,34621,0,28325
dual_pivot_sequential,ORGAN_PIPE,15849,43586,0,35660
dual_pivot_sequential,ORGAN_PIPE,19953,54872,0,44894
dual_pivot_sequential,ORGAN_PIPE,25119,69078,0,56516
dual_pivot_sequential,ORGAN_PIPE,31623,86964,0,71150
dual_pivot_sequential,ORGAN_PIPE,39811,109481,0,89573
dual_pivot_sequential,ORGAN_PIPE,50119,137828,0,112766
dual_pivot_sequential,ORGAN_PIPE,63096,173514,0,141964
dual_pivot_sequential,ORGAN_PIPE,79433,218442,0,178724
dual_pivot_sequential,ORGAN_PIPE,100000,275000,0,224998
dual_pivot_sequential,SAWTOOTH,1000,14605,1361,6843
dual_pivot_sequential,SAWTOOTH,1259,22685,1744,11501
dual_pivot_sequential,SAWTOOTH,1585,26433,2909,11596
dual_pivot_sequential,SAWTOOTH,1995,35168,3404,16214
dual_pivot_sequential,SAWTOOTH,2512,52223,4935,21950
dual_pivot_sequential,SAWTOOTH,3162,68548,6060,28974
dual_pivot_sequential,SAWTOOTH,3981,80208,7850,34326
dual_pivot_sequential,SAWTOOTH,5012,22592,0,18046
dual_pivot_sequential,SAWTOOTH,6310,28424,0,22085
dual_pivot_sequential,SAWTOOTH,7943,35784,0,28599
dual_pivot_sequential,SAWTOOTH,10000,45029,0,35000
dual_pivot_sequential,SAWTOOTH,12589,56706,0,45333
dual_pivot_sequential,SAWTOOTH,15849,71376,0,57069
dual_pivot_sequential,SAWTOOTH,19953,89829,0,71835
dual_pivot_sequential,SAWTOOTH,25119,113091,0,90441
dual_pivot_sequential,SAWTOOTH,31623,142344,0,113847
dual_pivot_sequential,SAWTOOTH,39811,179183,0,143321
dual_pivot_sequential,SAWTOOTH,50119,225591,0,180441
dual_pivot_sequential,SAWTOOTH,63096,283980,0,227154
dual_pivot_sequential,SAWTOOTH,79433,357489,0,285963
dual_pivot_sequential,SAWTOOTH,100000,450029,0,350000
std_sort,RANDOM,1000,11552,1617,4721
std_sort,RANDOM,1259,14674,2185,5502
std_sort,RANDOM,1585,20084,2811,7118
std_sort,RANDOM,1995,25591,3703,8944
std_sort,RANDOM,2512,32462,4899,11180
std_sort,RANDOM,3162,42996,6421,13936
std_sort,RANDOM,3981,55713,8326,17748
std_sort,RANDOM,5012,72915,10929,22498
std_sort,RANDOM,6310,92024,14337,28417
std_sort,RANDOM,7943,116100,18873,35479
std_sort,RANDOM,10000,154624,24364,45081
std_sort,RANDOM,12589,199714,31732,56462
std_sort,RANDOM,15849,261179,40841,70849
std_sort,RANDOM,19953,335620,53348,89002
std_sort,RANDOM,25119,421681,69640,111601
std_sort,RANDOM,31623,548650,89518,141006
std_sort,RANDOM,39811,710103,115657,176585
std_sort,RANDOM,50119,913349,149241,224574
std_sort,RANDOM,63096,1224508,190730,280926
std_sort,RANDOM,79433,1604848,246138,354756
std_sort,RANDOM,100000,1983552,321239,445789
std_sort,NEARLY_SORTED,1000,10724,387,3089
std_sort,NEARLY_SORTED,1259,14126,524,3815
std_sort,NEARLY_SORTED,1585,18114,714,4818
std_sort,NEARLY_SORTED,1995,24082,876,6245
std_sort,NEARLY_SORTED,2512,30481,1192,7785
std_sort,NEARLY_SORTED,3162,41454,1493,9797
std_sort,NEARLY_SORTED,3981,52938,1909,12595
std_sort,NEARLY_SORTED,5012,69204,2529,15404
std_sort,NEARLY_SORTED,6310,93990,3272,19659
std_sort,NEARLY_SORTED,7943,117683,4176,24666
std_sort,NEARLY_SORTED,10000,155135,5476,30872
std_sort,NEARLY_SORTED,12589,201776,7150,39036
std_sort,NEARLY_SORTED,15849,262943,9066,50140
std_sort,NEARLY_SORTED,19953,343534,11825,61602
std_sort,NEARLY_SORTED,25119,440495,15403,77346
std_sort,NEARLY_SORTED,31623,528647,19602,98221
std_sort,NEARLY_SORTED,39811,703728,25349,123705
std_sort,NEARLY_SORTED,50119,900387,32241,156076
std_sort,NEARLY_SORTED,63096,1121406,42073,195217
std_sort,NEARLY_SORTED,79433,1461366,53658,246591
std_sort,NEARLY_SORTED,100000,1976732,69464,310942
std_sort,REVERSE_SORTED,1000,8138,562,2934
std_sort,REVERSE_SORTED,1259,11597,756,3647
std_sort,REVERSE_SORTED,1585,14531,919,4625
std_sort,REVERSE_SORTED,1995,18221,1124,5855
std_sort,REVERSE_SORTED,2512,25642,1510,7278
std_sort,REVERSE_SORTED,3162,32142,1835,9228
std_sort,REVERSE_SORTED,3981,40332,2245,11685
std_sort,REVERSE_SORTED,5012,56166,3016,14522
std_sort,REVERSE_SORTED,6310,70444,3665,18416
std_sort,REVERSE_SORTED,7943,88407,4482,23315
std_sort,REVERSE_SORTED,10000,122058,6022,28974
std_sort,REVERSE_SORTED,12589,153126,7317,36741
std_sort,REVERSE_SORTED,15849,192246,8947,46521
std_sort,REVERSE_SORTED,19953,263495,12023,57809
std_sort,REVERSE_SORTED,25119,330653,14606,73307
std_sort,REVERSE_SORTED,31623,415205,17858,92819
std_sort,REVERSE_SORTED,39811,565556,24000,115335
std_sort,REVERSE_SORTED,50119,709868,29154,146259
std_sort,REVERSE_SORTED,63096,891546,35642,185190
std_sort,REVERSE_SORTED,79433,1207889,47907,230105
std_sort,REVERSE_SORTED,100000,1516394,58190,291806
std_sort,MANY_DUPLICATES_10,1000,9972,1813,3323
std_sort,MANY_DUPLICATES_10,1259,12861,2426,4112
std_sort,MANY_DUPLICATES_10,1585,17551,3092,5284
std_sort,MANY_DUPLICATES_10,1995,22481,4068,6551
std_sort,MANY_DUPLICATES_10,2512,29979,5263,8224
std_sort,MANY_DUPLICATES_10,3162,39593,6948,10547
std_sort,MANY_DUPLICATES_10,3981,51296,8965,13004
std_sort,MANY_DUPLICATES_10,5012,67969,11669,16589
std_sort,MANY_DUPLICATES_10,6310,84274,15467,21217
std_sort,MANY_DUPLICATES_10,7943,107859,20131,26391
std_sort,MANY_DUPLICATES_10,10000,139711,26024,33079
std_sort,MANY_DUPLICATES_10,12589,186640,33554,41568
std_sort,MANY_DUPLICATES_10,15849,238489,43565,52421
std_sort,MANY_DUPLICATES_10,19953,306955,56584,65526
std_sort,MANY_DUPLICATES_10,25119,390969,73247,82756
std_sort,MANY_DUPLICATES_10,31623,507862,94623,104645
std_sort,MANY_DUPLICATES_10,39811,653163,122697,132281
std_sort,MANY_DUPLICATES_10,50119,845603,157871,164351
std_sort,MANY_DUPLICATES_10,63096,1121477,202151,208709
std_sort,MANY_DUPLICATES_10,79433,1520562,258084,262686
std_sort,MANY_DUPLICATES_10,100000,1856953,335913,330811
std_sort,MANY_DUPLICATES_50,1000,11196,1645,4492
std_sort,MANY_DUPLICATES_50,1259,14658,2190,5319
std_sort,MANY_DUPLICATES_50,1585,19057,2944,7063
std_sort,MANY_DUPLICATES_50,1995,24654,3735,8486
std_sort,MANY_DUPLICATES_50,2512,31745,4977,10875
std_sort,MANY_DUPLICATES_50,3162,43014,6436,13612
std_sort,MANY_DUPLICATES_50,3981,54333,8424,16927
std_sort,MANY_DUPLICATES_50,5012,71616,11047,21792
std_sort,MANY_DUPLICATES_50,6310,90473,14586,27374
std_sort,MANY_DUPLICATES_50,7943,116249,18947,33621
std_sort,MANY_DUPLICATES_50,10000,155621,24229,42424
std_sort,MANY_DUPLICATES_50,12589,205901,31398,53351
std_sort,MANY_DUPLICATES_50,15849,257729,41179,67632
std_sort,MANY_DUPLICATES_50,19953,337788,53340,85447
std_sort,MANY_DUPLICATES_50,25119,412978,70196,105880
std_sort,MANY_DUPLICATES_50,31623,543480,90076,134022
std_sort,MANY_DUPLICATES_50,39811,693103,117028,169509
std_sort,MANY_DUPLICATES_50,50119,895333,150993,214277
std_sort,MANY_DUPLICATES_50,63096,1215882,191542,268814
std_sort,MANY_DUPLICATES_50,79433,1567306,248775,337235
std_sort,MANY_DUPLICATES_50,100000,1943327,323312,424983
std_sort,MANY_DUPLICATES_90,1000,11303,1639,4446
std_sort,MANY_DUPLICATES_90,1259,15048,2162,5521
std_sort,MANY_DUPLICATES_90,1585,19717,2871,6832
std_sort,MANY_DUPLICATES_90,1995,25036,3714,8723
std_sort,MANY_DUPLICATES_90,2512,34146,4810,11314
std_sort,MANY_DUPLICATES_90,3162,43906,6392,14011
std_sort,MANY_DUPLICATES_90,3981,56269,8358,17821
std_sort,MANY_DUPLICATES_90,5012,73276,10979,22083
std_sort,MANY_DUPLICATES_90,6310,90838,14423,28221
std_sort,MANY_DUPLICATES_90,7943,116742,18795,35214
std_sort,MANY_DUPLICATES_90,10000,161006,23913,44603
std_sort,MANY_DUPLICATES_90,12589,200418,31583,56140
std_sort,MANY_DUPLICATES_90,15849,260444,40970,70093
std_sort,MANY_DUPLICATES_90,19953,334627,53307,88687
std_sort,MANY_DUPLICATES_90,25119,424821,69214,112109
std_sort,MANY_DUPLICATES_90,31623,550045,89644,139942
std_sort,MANY_DUPLICATES_90,39811,703675,116589,175358
std_sort,MANY_DUPLICATES_90,50119,908798,149561,222186
std_sort,MANY_DUPLICATES_90,63096,1230184,189946,281439
std_sort,MANY_DUPLICATES_90,79433,1518043,249793,351908
std_sort,MANY_DUPLICATES_90,100000,1982235,319336,442952
std_sort,ORGAN_PIPE,1000,20460,1503,8033
std_sort,ORGAN_PIPE,1259,28280,1912,10684
std_sort,ORGAN_PIPE,1585,38728,1838,17334
std_sort,ORGAN_PIPE,1995,47219,3185,18658
std_sort,ORGAN_PIPE,2512,65373,3873,24951
std_sort,ORGAN_PIPE,3162,88479,3782,39318
std_sort,ORGAN_PIPE,3981,108556,6438,45257
std_sort,ORGAN_PIPE,5012,148693,7597,58878
std_sort,ORGAN_PIPE,6310,198788,7616,88853
std_sort,ORGAN_PIPE,7943,243300,12707,102121
std_sort,ORGAN_PIPE,10000,334485,14818,137950
std_sort,ORGAN_PIPE,12589,440188,15219,195401
std_sort,ORGAN_PIPE,15849,541356,24956,230295
std_sort,ORGAN_PIPE,19953,744311,27345,316234
std_sort,ORGAN_PIPE,25119,967028,28070,429943
std_sort,ORGAN_PIPE,31623,1187370,48014,507927
std_sort,ORGAN_PIPE,39811,1610831,55746,678340
std_sort,ORGAN_PIPE,50119,2109065,52715,940499
std_sort,ORGAN_PIPE,63096,2594640,91237,1120739
std_sort,ORGAN_PIPE,79433,3502574,103864,1490343
std_sort,ORGAN_PIPE,100000,4539618,101725,2011404
std_sort,SAWTOOTH,1000,12299,1747,3190
std_sort,SAWTOOTH,1259,14641,2325,4057
std_sort,SAWTOOTH,1585,21264,2990,5204
std_sort,SAWTOOTH,1995,26359,3973,6471
std_sort,SAWTOOTH,2512,35440,5176,7930
std_sort,SAWTOOTH,3162,48951,6788,10254
std_sort,SAWTOOTH,3981,60884,8745,13006
std_sort,SAWTOOTH,5012,80809,11438,16474
std_sort,SAWTOOTH,6310,99785,15138,20869
std_sort,SAWTOOTH,7943,130918,19689,26496
std_sort,SAWTOOTH,10000,183671,25259,32658
std_sort,SAWTOOTH,12589,223209,33036,41000
std_sort,SAWTOOTH,15849,314719,41258,52728
std_sort,SAWTOOTH,19953,404892,55060,66851
std_sort,SAWTOOTH,25119,492690,71593,82713
std_sort,SAWTOOTH,31623,651914,91381,103769
std_sort,SAWTOOTH,39811,861868,118648,130679
std_sort,SAWTOOTH,50119,1093028,155005,164971
std_sort,SAWTOOTH,63096,1457155,196282,209891
std_sort,SAWTOOTH,79433,1872632,257983,261643
std_sort,SAWTOOTH,100000,2543248,327278,328609
std_stable_sort,RANDOM,1000,9802,0,13244
std_stable_sort,RANDOM,1259,12204,0,16683
std_stable_sort,RANDOM,1585,15882,0,21025
std_stable_sort,RANDOM,1995,21365,0,26393
std_stable_sort,RANDOM,2512,26887,0,33239
std_stable_sort,RANDOM,3162,34840,0,41776
std_stable_sort,RANDOM,3981,46855,0,60689
std_stable_sort,RANDOM,5012,59043,0,76386
std_stable_sort,RANDOM,6310,76112,0,96055
std_stable_sort,RANDOM,7943,101547,0,120632
std_stable_sort,RANDOM,10000,127798,0,152388
std_stable_sort,RANDOM,12589,164773,0,191738
std_stable_sort,RANDOM,15849,218984,0,272895
std_stable_sort,RANDOM,19953,275163,0,343668
std_stable_sort,RANDOM,25119,353794,0,432780
std_stable_sort,RANDOM,31623,468036,0,544228
std_stable_sort,RANDOM,39811,588556,0,685219
std_stable_sort,RANDOM,50119,749670,0,862969
std_stable_sort,RANDOM,63096,997933,0,1212388
std_stable_sort,RANDOM,79433,1254878,0,1526110
std_stable_sort,RANDOM,100000,1595459,0,1921458
std_stable_sort,NEARLY_SORTED,1000,8895,0,12214
std_stable_sort,NEARLY_SORTED,1259,11046,0,15339
std_stable_sort,NEARLY_SORTED,1585,14341,0,19343
std_stable_sort,NEARLY_SORTED,1995,19625,0,24337
std_stable_sort,NEARLY_SORTED,2512,24722,0,30673
std_stable_sort,NEARLY_SORTED,3162,32224,0,38664
std_stable_sort,NEARLY_SORTED,3981,43197,0,56554
std_stable_sort,NEARLY_SORTED,5012,54521,0,71191
std_stable_sort,NEARLY_SORTED,6310,70783,0,89634
std_stable_sort,NEARLY_SORTED,7943,95002,0,112915
std_stable_sort,NEARLY_SORTED,10000,118985,0,142051
std_stable_sort,NEARLY_SORTED,12589,154247,0,178750
std_stable_sort,NEARLY_SORTED,15849,204999,0,256889
std_stable_sort,NEARLY_SORTED,19953,257295,0,323419
std_stable_sort,NEARLY_SORTED,25119,332162,0,407276
std_stable_sort,NEARLY_SORTED,31623,440862,0,512490
std_stable_sort,NEARLY_SORTED,39811,554069,0,645321
std_stable_sort,NEARLY_SORTED,50119,705418,0,811970
std_stable_sort,NEARLY_SORTED,63096,941208,0,1148690
std_stable_sort,NEARLY_SORTED,79433,1185945,0,1446605
std_stable_sort,NEARLY_SORTED,100000,1506449,0,1821262
std_stable_sort,REVERSE_SORTED,1000,4292,0,14701
std_stable_sort,REVERSE_SORTED,1259,5555,0,18523
std_stable_sort,REVERSE_SORTED,1585,7356,0,23312
std_stable_sort,REVERSE_SORTED,1995,9553,0,29342
std_stable_sort,REVERSE_SORTED,2512,12328,0,36949
std_stable_sort,REVERSE_SORTED,3162,16253,0,46521
std_stable_sort,REVERSE_SORTED,3981,21046,0,66527
std_stable_sort,REVERSE_SORTED,5012,27088,0,83773
std_stable_sort,REVERSE_SORTED,6310,35581,0,105457
std_stable_sort,REVERSE_SORTED,7943,45949,0,132749
std_stable_sort,REVERSE_SORTED,10000,59020,0,167131
std_stable_sort,REVERSE_SORTED,12589,77285,0,210406
std_stable_sort,REVERSE_SORTED,15849,99578,0,296599
std_stable_sort,REVERSE_SORTED,19953,127725,0,373396
std_stable_sort,REVERSE_SORTED,25119,166807,0,470074
std_stable_sort,REVERSE_SORTED,31623,214458,0,591794
std_stable_sort,REVERSE_SORTED,39811,274690,0,745023
std_stable_sort,REVERSE_SORTED,50119,357753,0,937939
std_stable_sort,REVERSE_SORTED,63096,459432,0,1306983
std_stable_sort,REVERSE_SORTED,79433,587690,0,1645390
std_stable_sort,REVERSE_SORTED,100000,763036,0,2071423
std_stable_sort,MANY_DUPLICATES_10,1000,9802,0,13223
std_stable_sort,MANY_DUPLICATES_10,1259,12218,0,16664
std_stable_sort,MANY_DUPLICATES_10,1585,15885,0,21005
std_stable_sort,MANY_DUPLICATES_10,1995,21367,0,26378
std_stable_sort,MANY_DUPLICATES_10,2512,26891,0,33218
std_stable_sort,MANY_DUPLICATES_10,3162,34833,0,41759
std_stable_sort,MANY_DUPLICATES_10,3981,46866,0,60671
std_stable_sort,MANY_DUPLICATES_10,5012,59035,0,76372
std_stable_sort,MANY_DUPLICATES_10,6310,76120,0,96040
std_stable_sort,MANY_DUPLICATES_10,7943,101532,0,120609
std_stable_sort,MANY_DUPLICATES_10,10000,127795,0,152376
std_stable_sort,MANY_DUPLICATES_10,12589,164757,0,191722
std_stable_sort,MANY_DUPLICATES_10,15849,218983,0,272875
std_stable_sort,MANY_DUPLICATES_10,19953,275159,0,343649
std_stable_sort,MANY_DUPLICATES_10,25119,353788,0,432762
std_stable_sort,MANY_DUPLICATES_10,31623,468030,0,544205
std_stable_sort,MANY_DUPLICATES_10,39811,588513,0,685280
std_stable_sort,MANY_DUPLICATES_10,50119,749677,0,862939
std_stable_sort,MANY_DUPLICATES_10,63096,997937,0,1212367
std_stable_sort,MANY_DUPLICATES_10,79433,1254875,0,1526085
std_stable_sort,MANY_DUPLICATES_10,100000,1595709,0,1921298
std_stable_sort,MANY_DUPLICATES_50,1000,9802,0,13244
std_stable_sort,MANY_DUPLICATES_50,1259,12206,0,16683
std_stable_sort,MANY_DUPLICATES_50,1585,15888,0,21023
std_stable_sort,MANY_DUPLICATES_50,1995,21364,0,26392
std_stable_sort,MANY_DUPLICATES_50,2512,26887,0,33237
std_stable_sort,MANY_DUPLICATES_50,3162,34841,0,41774
std_stable_sort,MANY_DUPLICATES_50,3981,46853,0,60688
std_stable_sort,MANY_DUPLICATES_50,5012,59042,0,76385
std_stable_sort,MANY_DUPLICATES_50,6310,76119,0,96053
std_stable_sort,MANY_DUPLICATES_50,7943,101544,0,120629
std_stable_sort,MANY_DUPLICATES_50,10000,127796,0,152386
std_stable_sort,MANY_DUPLICATES_50,12589,164772,0,191735
std_stable_sort,MANY_DUPLICATES_50,15849,218983,0,272894
std_stable_sort,MANY_DUPLICATES_50,19953,275167,0,343667
std_stable_sort,MANY_DUPLICATES_50,25119,353796,0,432779
std_stable_sort,MANY_DUPLICATES_50,31623,468036,0,544228
std_stable_sort,MANY_DUPLICATES_50,39811,588524,0,685303
std_stable_sort,MANY_DUPLICATES_50,50119,749680,0,862964
std_stable_sort,MANY_DUPLICATES_50,63096,997935,0,1212386
std_stable_sort,MANY_DUPLICATES_50,79433,1254873,0,1526107
std_stable_sort,MANY_DUPLICATES_50,100000,1595457,0,1921457
std_stable_sort,MANY_DUPLICATES_90,1000,9805,0,13243
std_stable_sort,MANY_DUPLICATES_90,1259,12206,0,16683
std_stable_sort,MANY_DUPLICATES_90,1585,15880,0,21023
std_stable_sort,MANY_DUPLICATES_90,1995,21366,0,26392
std_stable_sort,MANY_DUPLICATES_90,2512,26888,0,33239
std_stable_sort,MANY_DUPLICATES_90,3162,34842,0,41777
std_stable_sort,MANY_DUPLICATES_90,3981,46856,0,60690
std_stable_sort,MANY_DUPLICATES_90,5012,59042,0,76386
std_stable_sort,MANY_DUPLICATES_90,6310,76110,0,96056
std_stable_sort,MANY_DUPLICATES_90,7943,101544,0,120631
std_stable_sort,MANY_DUPLICATES_90,10000,127795,0,152387
std_stable_sort,MANY_DUPLICATES_90,12589,164776,0,191738
std_stable_sort,MANY_DUPLICATES_90,15849,218983,0,272895
std_stable_sort,MANY_DUPLICATES_90,19953,275168,0,343668
std_stable_sort,MANY_DUPLICATES_90,25119,353793,0,432780
std_stable_sort,MANY_DUPLICATES_90,31623,468032,0,544229
std_stable_sort,MANY_DUPLICATES_90,39811,588522,0,685306
std_stable_sort,MANY_DUPLICATES_90,50119,749669,0,862967
std_stable_sort,MANY_DUPLICATES_90,63096,997936,0,1212390
std_stable_sort,MANY_DUPLICATES_90,79433,1255345,0,1526385
std_stable_sort,MANY_DUPLICATES_90,100000,1595770,0,1921354
std_stable_sort,ORGAN_PIPE,1000,5626,0,13205
std_stable_sort,ORGAN_PIPE,1259,7072,0,16631
std_stable_sort,ORGAN_PIPE,1585,9139,0,20936
std_stable_sort,ORGAN_PIPE,1995,12227,0,26352
std_stable_sort,ORGAN_PIPE,2512,15378,0,33185
std_stable_sort,ORGAN_PIPE,3162,19821,0,41779
std_stable_sort,ORGAN_PIPE,3981,26408,0,60558
std_stable_sort,ORGAN_PIPE,5012,33196,0,76253
std_stable_sort,ORGAN_PIPE,6310,42734,0,95995
std_stable_sort,ORGAN_PIPE,7943,56650,0,120837
std_stable_sort,ORGAN_PIPE,10000,71275,0,152134
std_stable_sort,ORGAN_PIPE,12589,91601,0,191524
std_stable_sort,ORGAN_PIPE,15849,121035,0,272825
std_stable_sort,ORGAN_PIPE,19953,152267,0,343468
std_stable_sort,ORGAN_PIPE,25119,195469,0,432397
std_stable_sort,ORGAN_PIPE,31623,257412,0,544359
std_stable_sort,ORGAN_PIPE,39811,323681,0,685308
std_stable_sort,ORGAN_PIPE,50119,411682,0,862757
std_stable_sort,ORGAN_PIPE,63096,545311,0,1212340
std_stable_sort,ORGAN_PIPE,79433,685855,0,1526240
std_stable_sort,ORGAN_PIPE,100000,871475,0,1921424
std_stable_sort,SAWTOOTH,1000,7953,0,11776
std_stable_sort,SAWTOOTH,1259,9749,0,14827
std_stable_sort,SAWTOOTH,1585,12476,0,18647
std_stable_sort,SAWTOOTH,1995,16959,0,23442
std_stable_sort,SAWTOOTH,2512,20510,0,29508
std_stable_sort,SAWTOOTH,3162,26455,0,37117
std_stable_sort,SAWTOOTH,3981,35876,0,54676
std_stable_sort,SAWTOOTH,5012,43522,0,68816
std_stable_sort,SAWTOOTH,6310,56071,0,86612
std_stable_sort,SAWTOOTH,7943,75717,0,109001
std_stable_sort,SAWTOOTH,10000,91989,0,137216
std_stable_sort,SAWTOOTH,12589,118084,0,172721
std_stable_sort,SAWTOOTH,15849,159596,0,249141
std_stable_sort,SAWTOOTH,19953,194062,0,313589
std_stable_sort,SAWTOOTH,25119,248787,0,394799
std_stable_sort,SAWTOOTH,31623,334560,0,497011
std_stable_sort,SAWTOOTH,39811,408190,0,625668
std_stable_sort,SAWTOOTH,50119,515526,0,787663
std_stable_sort,SAWTOOTH,63096,701127,0,1117773
std_stable_sort,SAWTOOTH,79433,854349,0,1407177
std_stable_sort,SAWTOOTH,100000,1080421,0,1771500
dual_pivot_parallel_2,RANDOM,1000,17705,1160,10201
dual_pivot_parallel_2,RANDOM,1259,19650,1703,10908
dual_pivot_parallel_2,RANDOM,1585,27857,2301,14460
dual_pivot_parallel_2,RANDOM,1995,34004,3397,17446
dual_pivot_parallel_2,RANDOM,2512,53163,4683,24420
dual_pivot_parallel_2,RANDOM,3162,63559,5003,32068
dual_pivot_parallel_2,RANDOM,3981,80638,7132,39885
dual_pivot_parallel_2,RANDOM,5012,112983,9009,53471
dual_pivot_parallel_2,RANDOM,6310,139918,11182,67991
dual_pivot_parallel_2,RANDOM,7943,189206,15737,85331
dual_pivot_parallel_2,RANDOM,10000,222270,23401,104922
dual_pivot_parallel_2,RANDOM,12589,307665,27180,140800
dual_pivot_parallel_2,RANDOM,15849,394276,36690,166999
dual_pivot_parallel_2,RANDOM,19953,513990,50125,227773
dual_pivot_parallel_2,RANDOM,25119,638370,64682,288687
dual_pivot_parallel_2,RANDOM,31623,794862,86037,354035
dual_pivot_parallel_2,RANDOM,39811,1121133,101479,475904
dual_pivot_parallel_2,RANDOM,50119,1377227,133157,594068
dual_pivot_parallel_2,RANDOM,63096,2041023,169241,800059
dual_pivot_parallel_2,RANDOM,79433,2330708,227189,952444
dual_pivot_parallel_2,RANDOM,100000,3066465,307752,1240095
dual_pivot_parallel_2,RANDOM,125893,3762047,394464,1535982
dual_pivot_parallel_2,RANDOM,158489,4942284,501903,1985268
dual_pivot_parallel_2,RANDOM,199526,6265681,676002,2507400
dual_pivot_parallel_2,RANDOM,251189,8239200,853468,3198927
dual_pivot_parallel_2,RANDOM,316228,10032655,1176167,3986963
dual_pivot_parallel_2,RANDOM,398107,13748104,1386423,5242948
dual_pivot_parallel_2,RANDOM,501187,16827322,1807828,6503052
dual_pivot_parallel_2,RANDOM,630957,23355297,2346156,8686080
dual_pivot_parallel_2,RANDOM,794328,27954590,3068746,10534413
dual_pivot_parallel_2,RANDOM,1000000,40584149,3599466,14288365
dual_pivot_parallel_2,RANDOM,1258925,47275579,4790146,17313731
dual_pivot_parallel_2,RANDOM,1584893,59765752,6346533,21878698
dual_pivot_parallel_2,RANDOM,1995262,76016293,8428502,27719406
dual_pivot_parallel_2,RANDOM,2511886,100201891,10700116,36000602
dual_pivot_parallel_2,RANDOM,3162277,134653614,13313678,46574968
dual_pivot_parallel_2,RANDOM,3981071,160106973,17058189,56929343
dual_pivot_parallel_2,RANDOM,5011872,216224738,21577538,74486932
dual_pivot_parallel_2,RANDOM,6309573,274281835,27951907,94651339
dual_pivot_parallel_2,RANDOM,7943282,339227688,36921125,118021213
dual_pivot_parallel_2,RANDOM,10000000,433884936,46931485,149707276
dual_pivot_parallel_2,NEARLY_SORTED,1000,9568,1381,5719
dual_pivot_parallel_2,NEARLY_SORTED,1259,12037,1576,6652
dual_pivot_parallel_2,NEARLY_SORTED,1585,17001,2265,9323
dual_pivot_parallel_2,NEARLY_SORTED,1995,22339,2992,11989
dual_pivot_parallel_2,NEARLY_SORTED,2512,30356,4332,16434
dual_pivot_parallel_2,NEARLY_SORTED,3162,41140,5941,22116
dual_pivot_parallel_2,NEARLY_SORTED,3981,54169,8163,28952
dual_pivot_parallel_2,NEARLY_SORTED,5012,68535,9910,36092
dual_pivot_parallel_2,NEARLY_SORTED,6310,89999,12099,47589
dual_pivot_parallel_2,NEARLY_SORTED,7943,118309,16886,58548
dual_pivot_parallel_2,NEARLY_SORTED,10000,155706,23707,77348
dual_pivot_parallel_2,NEARLY_SORTED,12589,209050,31047,99328
dual_pivot_parallel_2,NEARLY_SORTED,15849,271892,39213,134872
dual_pivot_parallel_2,NEARLY_SORTED,19953,346642,50862,162792
dual_pivot_parallel_2,NEARLY_SORTED,25119,447113,64421,201392
dual_pivot_parallel_2,NEARLY_SORTED,31623,574298,80010,269380
dual_pivot_parallel_2,NEARLY_SORTED,39811,765069,122734,354224
dual_pivot_parallel_2,NEARLY_SORTED,50119,998269,149471,454250
dual_pivot_parallel_2,NEARLY_SORTED,63096,1307884,197523,570845
dual_pivot_parallel_2,NEARLY_SORTED,79433,1693792,264778,733483
dual_pivot_parallel_2,NEARLY_SORTED,100000,2161808,331585,916758
dual_pivot_parallel_2,NEARLY_SORTED,125893,2850536,430467,1186315
dual_pivot_parallel_2,NEARLY_SORTED,158489,3560544,535120,1450947
dual_pivot_parallel_2,NEARLY_SORTED,199526,4712212,740151,1926957
dual_pivot_parallel_2,NEARLY_SORTED,251189,6004789,921614,2421109
dual_pivot_parallel_2,NEARLY_SORTED,316228,7715388,1232913,3063594
dual_pivot_parallel_2,NEARLY_SORTED,398107,9974429,1590542,3910126
dual_pivot_parallel_2,NEARLY_SORTED,501187,12954212,2063925,5017719
dual_pivot_parallel_2,NEARLY_SORTED,630957,16519610,2563530,6352759
dual_pivot_parallel_2,NEARLY_SORTED,794328,21471669,3482957,8168925
dual_pivot_parallel_2,NEARLY_SORTED,1000000,27537342,4390181,10301845
dual_pivot_parallel_2,NEARLY_SORTED,1258925,35252553,5608755,13189445
dual_pivot_parallel_2,NEARLY_SORTED,1584893,47334507,6925233,16917944
dual_pivot_parallel_2,NEARLY_SORTED,1995262,58047071,9355101,21299188
dual_pivot_parallel_2,NEARLY_SORTED,2511886,75079048,11598594,27165575
dual_pivot_parallel_2,NEARLY_SORTED,3162277,95079893,15175735,34676947
dual_pivot_parallel_2,NEARLY_SORTED,3981071,123540937,18385640,43865839
dual_pivot_parallel_2,NEARLY_SORTED,5011872,157568634,25335001,56067994
dual_pivot_parallel_2,NEARLY_SORTED,6309573,200672217,32300530,71088200
dual_pivot_parallel_2,NEARLY_SORTED,7943282,256107283,41438125,90377054
dual_pivot_parallel_2,NEARLY_SORTED,10000000,333431759,53457754,115575721
dual_pivot_parallel_2,REVERSE_SORTED,1000,6908,1704,2150
dual_pivot_parallel_2,REVERSE_SORTED,1259,8965,2103,2882
dual_pivot_parallel_2,REVERSE_SORTED,1585,10665,2974,2009
dual_pivot_parallel_2,REVERSE_SORTED,1995,13478,3706,2507
dual_pivot_parallel_2,REVERSE_SORTED,2512,18329,5106,3280
dual_pivot_parallel_2,REVERSE_SORTED,3162,23022,6390,3985
dual_pivot_parallel_2,REVERSE_SORTED,3981,30438,8202,5514
dual_pivot_parallel_2,REVERSE_SORTED,5012,39979,10964,6774
dual_pivot_parallel_2,REVERSE_SORTED,6310,49688,13813,7005
dual_pivot_parallel_2,REVERSE_SORTED,7943,66445,18657,8871
dual_pivot_parallel_2,REVERSE_SORTED,10000,83710,23393,11181
dual_pivot_parallel_2,REVERSE_SORTED,12589,108149,30419,13632
dual_pivot_parallel_2,REVERSE_SORTED,15849,142239,39877,18162
dual_pivot_parallel_2,REVERSE_SORTED,19953,187761,52941,22843
dual_pivot_parallel_2,REVERSE_SORTED,25119,239718,67037,29842
dual_pivot_parallel_2,REVERSE_SORTED,31623,309005,86974,33042
dual_pivot_parallel_2,REVERSE_SORTED,39811,398167,113164,43450
dual_pivot_parallel_2,REVERSE_SORTED,50119,507176,143640,53426
dual_pivot_parallel_2,REVERSE_SORTED,63096,665790,190158,69201
dual_pivot_parallel_2,REVERSE_SORTED,79433,844076,238346,82969
dual_pivot_parallel_2,REVERSE_SORTED,100000,1092963,311846,108486
dual_pivot_parallel_2,REVERSE_SORTED,125893,1411715,400097,130595
dual_pivot_parallel_2,REVERSE_SORTED,158489,1834404,527293,171060
dual_pivot_parallel_2,REVERSE_SORTED,199526,2343062,666772,213492
dual_pivot_parallel_2,REVERSE_SORTED,251189,3023013,870491,267098
dual_pivot_parallel_2,REVERSE_SORTED,316228,3881466,1106249,333751
dual_pivot_parallel_2,REVERSE_SORTED,398107,4942912,1417461,414014
dual_pivot_parallel_2,REVERSE_SORTED,501187,6427731,1836631,531899
dual_pivot_parallel_2,REVERSE_SORTED,630957,8077438,2322732,638264
dual_pivot_parallel_2,REVERSE_SORTED,794328,10547515,3020671,844553
dual_pivot_parallel_2,REVERSE_SORTED,1000000,13464258,3881264,1026222
dual_pivot_parallel_2,REVERSE_SORTED,1258925,17478052,5024518,1353916
dual_pivot_parallel_2,REVERSE_SORTED,1584893,22137207,6370564,1615945
dual_pivot_parallel_2,REVERSE_SORTED,1995262,28722951,8267176,2123249
dual_pivot_parallel_2,REVERSE_SORTED,2511886,36406375,10466051,2552621
dual_pivot_parallel_2,REVERSE_SORTED,3162277,46719882,13464194,3303706
dual_pivot_parallel_2,REVERSE_SORTED,3981071,59712049,17225864,4028011
dual_pivot_parallel_2,REVERSE_SORTED,5011872,75922085,21885113,5101044
dual_pivot_parallel_2,REVERSE_SORTED,6309573,97976788,28256553,6330161
dual_pivot_parallel_2,REVERSE_SORTED,7943282,125743249,36326444,8243544
dual_pivot_parallel_2,REVERSE_SORTED,10000000,161622142,46579116,10303796
dual_pivot_parallel_2,MANY_DUPLICATES_10,1000,16979,1504,7115
dual_pivot_parallel_2,MANY_DUPLICATES_10,1259,20047,1934,10193
dual_pivot_parallel_2,MANY_DUPLICATES_10,1585,26313,3112,11158
dual_pivot_parallel_2,MANY_DUPLICATES_10,1995,29727,4123,14600
dual_pivot_parallel_2,MANY_DUPLICATES_10,2512,49666,5120,20804
dual_pivot_parallel_2,MANY_DUPLICATES_10,3162,58157,7071,26339
dual_pivot_parallel_2,MANY_DUPLICATES_10,3981,77104,8868,34478
dual_pivot_parallel_2,MANY_DUPLICATES_10,5012,106885,12016,46670
dual_pivot_parallel_2,MANY_DUPLICATES_10,6310,133346,13914,60045
dual_pivot_parallel_2,MANY_DUPLICATES_10,7943,164173,20194,71345
dual_pivot_parallel_2,MANY_DUPLICATES_10,10000,230498,24579,99389
dual_pivot_parallel_2,MANY_DUPLICATES_10,12589,272821,32399,118885
dual_pivot_parallel_2,MANY_DUPLICATES_10,15849,363894,43450,145328
dual_pivot_parallel_2,MANY_DUPLICATES_10,19953,510277,54317,200509
dual_pivot_parallel_2,MANY_DUPLICATES_10,25119,622817,70394,247479
dual_pivot_parallel_2,MANY_DUPLICATES_10,31623,801388,88953,308914
dual_pivot_parallel_2,MANY_DUPLICATES_10,39811,1020771,114608,404319
dual_pivot_parallel_2,MANY_DUPLICATES_10,50119,1381053,146622,523403
dual_pivot_parallel_2,MANY_DUPLICATES_10,63096,1886064,189348,690122
dual_pivot_parallel_2,MANY_DUPLICATES_10,79433,2272152,246075,832509
dual_pivot_parallel_2,MANY_DUPLICATES_10,100000,2784534,327671,1044645
dual_pivot_parallel_2,MANY_DUPLICATES_10,125893,3483920,442959,1338144
dual_pivot_parallel_2,MANY_DUPLICATES_10,158489,4757752,533918,1725384
dual_pivot_parallel_2,MANY_DUPLICATES_10,199526,6050367,757731,2207111
dual_pivot_parallel_2,MANY_DUPLICATES_10,251189,7623123,1018993,2785002
dual_pivot_parallel_2,MANY_DUPLICATES_10,316228,11343622,1141160,3864335
dual_pivot_parallel_2,MANY_DUPLICATES_10,398107,12910674,1600207,4648118
dual_pivot_parallel_2,MANY_DUPLICATES_10,501187,16926418,1923198,5927847
dual_pivot_parallel_2,MANY_DUPLICATES_10,630957,22789248,2480733,7703022
dual_pivot_parallel_2,MANY_DUPLICATES_10,794328,26835037,3349844,9385019
dual_pivot_parallel_2,MANY_DUPLICATES_10,1000000,33833033,4609355,11941333
dual_pivot_parallel_2,MANY_DUPLICATES_10,1258925,47107930,5212223,15860550
dual_pivot_parallel_2,MANY_DUPLICATES_10,1584893,57135025,6863983,19516419
dual_pivot_parallel_2,MANY_DUPLICATES_10,1995262,75989205,8421295,25339380
dual_pivot_parallel_2,MANY_DUPLICATES_10,2511886,95436311,11881640,32144576
dual_pivot_parallel_2,MANY_DUPLICATES_10,3162277,127105168,13807867,41671742
dual_pivot_parallel_2,MANY_DUPLICATES_10,3981071,160896737,18369933,52865024
dual_pivot_parallel_2,MANY_DUPLICATES_10,5011872,208655816,23474699,67655144
dual_pivot_parallel_2,MANY_DUPLICATES_10,6309573,262654958,30660447,85350560
dual_pivot_parallel_2,MANY_DUPLICATES_10,7943282,329962168,40478153,107526205
dual_pivot_parallel_2,MANY_DUPLICATES_10,10000000,414530097,51561872,135107741
dual_pivot_parallel_2,MANY_DUPLICATES_50,1000,19166,1360,9365
dual_pivot_parallel_2,MANY_DUPLICATES_50,1259,19580,1832,10880
dual_pivot_parallel_2,MANY_DUPLICATES_50,1585,29948,2260,16284
dual_pivot_parallel_2,MANY_DUPLICATES_50,1995,33785,3565,18330
dual_pivot_parallel_2,MANY_DUPLICATES_50,2512,53196,3936,27411
dual_pivot_parallel_2,MANY_DUPLICATES_50,3162,67680,5229,31297
dual_pivot_parallel_2,MANY_DUPLICATES_50,3981,81912,7472,39369
dual_pivot_parallel_2,MANY_DUPLICATES_50,5012,114467,8881,53085
dual_pivot_parallel_2,MANY_DUPLICATES_50,6310,135174,12952,64605
dual_pivot_parallel_2,MANY_DUPLICATES_50,7943,184933,15803,84955
dual_pivot_parallel_2,MANY_DUPLICATES_50,10000,224586,24067,107722
dual_pivot_parallel_2,MANY_DUPLICATES_50,12589,297904,29203,140919
dual_pivot_parallel_2,MANY_DUPLICATES_50,15849,404015,37056,173819
dual_pivot_parallel_2,MANY_DUPLICATES_50,19953,512239,50420,227271
dual_pivot_parallel_2,MANY_DUPLICATES_50,25119,654553,64266,293666
dual_pivot_parallel_2,MANY_DUPLICATES_50,31623,828636,81981,364405
dual_pivot_parallel_2,MANY_DUPLICATES_50,39811,1016407,112505,443089
dual_pivot_parallel_2,MANY_DUPLICATES_50,50119,1400737,138917,585543
dual_pivot_parallel_2,MANY_DUPLICATES_50,63096,1982139,164629,788726
dual_pivot_parallel_2,MANY_DUPLICATES_50,79433,2355787,227782,961177
dual_pivot_parallel_2,MANY_DUPLICATES_50,100000,2993705,291585,1213473
dual_pivot_parallel_2,MANY_DUPLICATES_50,125893,3831412,389318,1541255
dual_pivot_parallel_2,MANY_DUPLICATES_50,158489,5086792,502550,1998972
dual_pivot_parallel_2,MANY_DUPLICATES_50,199526,6370411,676128,2497100
dual_pivot_parallel_2,MANY_DUPLICATES_50,251189,8289439,849383,3188322
dual_pivot_parallel_2,MANY_DUPLICATES_50,316228,10632974,1065234,4031727
dual_pivot_parallel_2,MANY_DUPLICATES_50,398107,13484819,1426690,5122647
dual_pivot_parallel_2,MANY_DUPLICATES_50,501187,18454112,1694348,6680296
dual_pivot_parallel_2,MANY_DUPLICATES_50,630957,21843628,2370526,8256683
dual_pivot_parallel_2,MANY_DUPLICATES_50,794328,29480621,2944717,10768295
dual_pivot_parallel_2,MANY_DUPLICATES_50,1000000,37922973,3808499,13785992
dual_pivot_parallel_2,MANY_DUPLICATES_50,1258925,50599813,4662730,17770336
dual_pivot_parallel_2,MANY_DUPLICATES_50,1584893,58293822,6520240,21514252
dual_pivot_parallel_2,MANY_DUPLICATES_50,1995262,78056957,8161473,28042844
dual_pivot_parallel_2,MANY_DUPLICATES_50,2511886,101425759,10768775,35763090
dual_pivot_parallel_2,MANY_DUPLICATES_50,3162277,125534805,13746105,44566276
dual_pivot_parallel_2,MANY_DUPLICATES_50,3981071,157392376,18322151,56358462
dual_pivot_parallel_2,MANY_DUPLICATES_50,5011872,209141052,21983423,72628636
dual_pivot_parallel_2,MANY_DUPLICATES_50,6309573,260371784,28368574,91134403
dual_pivot_parallel_2,MANY_DUPLICATES_50,7943282,343461252,36062662,118172368
dual_pivot_parallel_2,MANY_DUPLICATES_50,10000000,432013638,47072378,148440370
dual_pivot_parallel_2,MANY_DUPLICATES_90,1000,16169,1267,8982
dual_pivot_parallel_2,MANY_DUPLICATES_90,1259,20342,1636,11302
dual_pivot_parallel_2,MANY_DUPLICATES_90,1585,28220,2106,15073
dual_pivot_parallel_2,MANY_DUPLICATES_90,1995,35445,3377,17380
dual_pivot_parallel_2,MANY_DUPLICATES_90,2512,57864,3837,26652
dual_pivot_parallel_2,MANY_DUPLICATES_90,3162,63807,5141,31239
dual_pivot_parallel_2,MANY_DUPLICATES_90,3981,83570,6670,41093
dual_pivot_parallel_2,MANY_DUPLICATES_90,5012,116083,9410,53844
dual_pivot_parallel_2,MANY_DUPLICATES_90,6310,136862,11960,68252
dual_pivot_parallel_2,MANY_DUPLICATES_90,7943,184840,16110,90297
dual_pivot_parallel_2,MANY_DUPLICATES_90,10000,223224,23525,105226
dual_pivot_parallel_2,MANY_DUPLICATES_90,12589,300324,28728,138495
dual_pivot_parallel_2,MANY_DUPLICATES_90,15849,395161,37687,175419
dual_pivot_parallel_2,MANY_DUPLICATES_90,19953,517341,50874,226141
dual_pivot_parallel_2,MANY_DUPLICATES_90,25119,644381,64959,287532
dual_pivot_parallel_2,MANY_DUPLICATES_90,31623,811796,81270,354820
dual_pivot_parallel_2,MANY_DUPLICATES_90,39811,1061314,105681,463309
dual_pivot_parallel_2,MANY_DUPLICATES_90,50119,1388565,135400,588109
dual_pivot_parallel_2,MANY_DUPLICATES_90,63096,1859263,173756,756426
dual_pivot_parallel_2,MANY_DUPLICATES_90,79433,2302072,238051,959223
dual_pivot_parallel_2,MANY_DUPLICATES_90,100000,2953500,308143,1205930
dual_pivot_parallel_2,MANY_DUPLICATES_90,125893,3915684,456220,1578204
dual_pivot_parallel_2,MANY_DUPLICATES_90,158489,4893848,520829,1969698
dual_pivot_parallel_2,MANY_DUPLICATES_90,199526,6645494,632743,2553717
dual_pivot_parallel_2,MANY_DUPLICATES_90,251189,8037391,854151,3173040
dual_pivot_parallel_2,MANY_DUPLICATES_90,316228,10787795,1029049,4127942
dual_pivot_parallel_2,MANY_DUPLICATES_90,398107,13916137,1377992,5246485
dual_pivot_parallel_2,MANY_DUPLICATES_90,501187,16930047,1859684,6527553
dual_pivot_parallel_2,MANY_DUPLICATES_90,630957,22921268,2270509,8478449
dual_pivot_parallel_2,MANY_DUPLICATES_90,794328,29426710,2965418,10839653
dual_pivot_parallel_2,MANY_DUPLICATES_90,1000000,37181111,3861574,13687284
dual_pivot_parallel_2,MANY_DUPLICATES_90,1258925,46175858,5066137,17095836
dual_pivot_parallel_2,MANY_DUPLICATES_90,1584893,58104306,6777270,21583248
dual_pivot_parallel_2,MANY_DUPLICATES_90,1995262,76749212,8203735,28027925
dual_pivot_parallel_2,MANY_DUPLICATES_90,2511886,99835511,10238022,35640378
dual_pivot_parallel_2,MANY_DUPLICATES_90,3162277,122500634,14056868,44431697
dual_pivot_parallel_2,MANY_DUPLICATES_90,3981071,160936670,17634868,57273168
dual_pivot_parallel_2,MANY_DUPLICATES_90,5011872,203687848,22969693,72478714
dual_pivot_parallel_2,MANY_DUPLICATES_90,6309573,277825664,28304710,94953125
dual_pivot_parallel_2,MANY_DUPLICATES_90,7943282,350504208,35177200,119557459
dual_pivot_parallel_2,MANY_DUPLICATES_90,10000000,454911026,46344340,154093470
dual_pivot_parallel_2,ORGAN_PIPE,1000,17409,3010,9145
dual_pivot_parallel_2,ORGAN_PIPE,1259,22655,4221,11229
dual_pivot_parallel_2,ORGAN_PIPE,1585,28778,5307,13711
dual_pivot_parallel_2,ORGAN_PIPE,1995,40277,7142,17873
dual_pivot_parallel_2,ORGAN_PIPE,2512,54255,9072,24246
dual_pivot_parallel_2,ORGAN_PIPE,3162,71270,11826,30865
dual_pivot_parallel_2,ORGAN_PIPE,3981,91053,14996,37640
dual_pivot_parallel_2,ORGAN_PIPE,5012,118136,19930,50192
dual_pivot_parallel_2,ORGAN_PIPE,6310,158660,24940,67732
dual_pivot_parallel_2,ORGAN_PIPE,7943,198378,31766,82354
dual_pivot_parallel_2,ORGAN_PIPE,10000,266988,41484,109241
dual_pivot_parallel_2,ORGAN_PIPE,12589,346035,54088,143499
dual_pivot_parallel_2,ORGAN_PIPE,15849,442942,69717,175149
dual_pivot_parallel_2,ORGAN_PIPE,19953,570469,92469,227230
dual_pivot_parallel_2,ORGAN_PIPE,25119,759486,112277,291688
dual_pivot_parallel_2,ORGAN_PIPE,31623,978380,147266,377184
dual_pivot_parallel_2,ORGAN_PIPE,39811,1244475,189947,462833
dual_pivot_parallel_2,ORGAN_PIPE,50119,1693770,235709,617576
dual_pivot_parallel_2,ORGAN_PIPE,63096,2104156,315134,758027
dual_pivot_parallel_2,ORGAN_PIPE,79433,2753796,392540,988527
dual_pivot_parallel_2,ORGAN_PIPE,100000,3596314,502499,1255141
dual_pivot_parallel_2,ORGAN_PIPE,125893,4647250,637435,1579965
dual_pivot_parallel_2,ORGAN_PIPE,158489,5946997,822138,2036844
dual_pivot_parallel_2,ORGAN_PIPE,199526,7663716,1036540,2581545
dual_pivot_parallel_2,ORGAN_PIPE,251189,9952707,1324561,3291504
dual_pivot_parallel_2,ORGAN_PIPE,316228,12721641,1706502,4161297
dual_pivot_parallel_2,ORGAN_PIPE,398107,16533969,2178921,5405260
dual_pivot_parallel_2,ORGAN_PIPE,501187,21109938,2771568,6748090
dual_pivot_parallel_2,ORGAN_PIPE,630957,27280530,3573042,8712299
dual_pivot_parallel_2,ORGAN_PIPE,794328,34941347,4597126,11051926
dual_pivot_parallel_2,ORGAN_PIPE,1000000,44842890,5809835,14113763
dual_pivot_parallel_2,ORGAN_PIPE,1258925,57984534,7465938,17950531
dual_pivot_parallel_2,ORGAN_PIPE,1584893,74237800,9567117,22806302
dual_pivot_parallel_2,ORGAN_PIPE,1995262,95299048,12210242,28945033
dual_pivot_parallel_2,ORGAN_PIPE,2511886,123184189,15537936,37057444
dual_pivot_parallel_2,ORGAN_PIPE,3162277,157111965,19930469,47003631
dual_pivot_parallel_2,ORGAN_PIPE,3981071,201553388,25314159,59896984
dual_pivot_parallel_2,ORGAN_PIPE,5011872,258695027,32359047,76331176
dual_pivot_parallel_2,ORGAN_PIPE,6309573,331345570,41413791,96586276
dual_pivot_parallel_2,ORGAN_PIPE,7943282,424553057,52733538,122921920
dual_pivot_parallel_2,ORGAN_PIPE,10000000,542214166,67452908,156512158
dual_pivot_parallel_2,SAWTOOTH,1000,14605,1361,6843
dual_pivot_parallel_2,SAWTOOTH,1259,22685,1744,11501
dual_pivot_parallel_2,SAWTOOTH,1585,26433,2909,11596
dual_pivot_parallel_2,SAWTOOTH,1995,35168,3404,16214
dual_pivot_parallel_2,SAWTOOTH,2512,52223,4935,21950
dual_pivot_parallel_2,SAWTOOTH,3162,68548,6060,28974
dual_pivot_parallel_2,SAWTOOTH,3981,80208,7850,34326
dual_pivot_parallel_2,SAWTOOTH,5012,106920,10722,42326
dual_pivot_parallel_2,SAWTOOTH,6310,134237,14413,57546
dual_pivot_parallel_2,SAWTOOTH,7943,173256,19032,76352
dual_pivot_parallel_2,SAWTOOTH,10000,238003,22107,93492
dual_pivot_parallel_2,SAWTOOTH,12589,315275,30115,119816
dual_pivot_parallel_2,SAWTOOTH,15849,385538,41041,151582
dual_pivot_parallel_2,SAWTOOTH,19953,513130,52997,201599
dual_pivot_parallel_2,SAWTOOTH,25119,668100,66549,246010
dual_pivot_parallel_2,SAWTOOTH,31623,844269,86274,318014
dual_pivot_parallel_2,SAWTOOTH,39811,1097731,113957,410366
dual_pivot_parallel_2,SAWTOOTH,50119,1429407,145155,527846
dual_pivot_parallel_2,SAWTOOTH,63096,1794251,192949,655929
dual_pivot_parallel_2,SAWTOOTH,79433,2343129,239887,829842
dual_pivot_parallel_2,SAWTOOTH,100000,2995845,314511,1089294
dual_pivot_parallel_2,SAWTOOTH,125893,3936668,402248,1373199
dual_pivot_parallel_2,SAWTOOTH,158489,5055981,540909,1768083
dual_pivot_parallel_2,SAWTOOTH,199526,6481400,665018,2236023
dual_pivot_parallel_2,SAWTOOTH,251189,8149216,890652,2825925
dual_pivot_parallel_2,SAWTOOTH,316228,10644994,1114466,3593290
dual_pivot_parallel_2,SAWTOOTH,398107,13839801,1464214,4663463
dual_pivot_parallel_2,SAWTOOTH,501187,17652613,1874911,5844979
dual_pivot_parallel_2,SAWTOOTH,630957,22730473,2364644,7465945
dual_pivot_parallel_2,SAWTOOTH,794328,28626183,3121350,9430772
dual_pivot_parallel_2,SAWTOOTH,1000000,37682850,3955940,12140596
dual_pivot_parallel_2,SAWTOOTH,1258925,48622828,5104635,15575427
dual_pivot_parallel_2,SAWTOOTH,1584893,61246706,6576689,19586917
dual_pivot_parallel_2,SAWTOOTH,1995262,80589399,8363971,25167494
dual_pivot_parallel_2,SAWTOOTH,2511886,99673220,10856238,31636878
dual_pivot_parallel_2,SAWTOOTH,3162277,127439071,14066539,40020008
dual_pivot_parallel_2,SAWTOOTH,3981071,169499959,17568184,52098095
dual_pivot_parallel_2,SAWTOOTH,5011872,217978855,22516167,66212641
dual_pivot_parallel_2,SAWTOOTH,6309573,277436725,28551218,84142090
dual_pivot_parallel_2,SAWTOOTH,7943282,356035504,36712225,107055588
dual_pivot_parallel_2,SAWTOOTH,10000000,457370597,47472162,136618606
dual_pivot_parallel_4,RANDOM,1000,17705,1160,10201
dual_pivot_parallel_4,RANDOM,1259,19650,1703,10908
dual_pivot_parallel_4,RANDOM,1585,27857,2301,14460
dual_pivot_parallel_4,RANDOM,1995,34004,3397,17446
dual_pivot_parallel_4,RANDOM,2512,53163,4683,24420
dual_pivot_parallel_4,RANDOM,3162,63559,5003,32068
dual_pivot_parallel_4,RANDOM,3981,80638,7132,39885
dual_pivot_parallel_4,RANDOM,5012,112974,9009,53472
dual_pivot_parallel_4,RANDOM,6310,139901,11182,67996
dual_pivot_parallel_4,RANDOM,7943,189206,15737,85331
dual_pivot_parallel_4,RANDOM,10000,222088,23401,104763
dual_pivot_parallel_4,RANDOM,12589,307719,27151,140974
dual_pivot_parallel_4,RANDOM,15849,394254,36690,167004
dual_pivot_parallel_4,RANDOM,19953,513698,50125,227486
dual_pivot_parallel_4,RANDOM,25119,638346,64682,288691
dual_pivot_parallel_4,RANDOM,31623,794834,86037,354037
dual_pivot_parallel_4,RANDOM,39811,1121133,101479,475904
dual_pivot_parallel_4,RANDOM,50119,1377207,133157,594072
dual_pivot_parallel_4,RANDOM,63096,2041022,169241,800061
dual_pivot_parallel_4,RANDOM,79433,2330696,227189,952445
dual_pivot_parallel_4,RANDOM,100000,3066446,307752,1240099
dual_pivot_parallel_4,RANDOM,125893,3762078,394431,1536074
dual_pivot_parallel_4,RANDOM,158489,4942284,501903,1985268
dual_pivot_parallel_4,RANDOM,199526,6265763,675969,2507555
dual_pivot_parallel_4,RANDOM,251189,8239234,853419,3199069
dual_pivot_parallel_4,RANDOM,316228,10032651,1176167,3986966
dual_pivot_parallel_4,RANDOM,398107,13748449,1386388,5243451
dual_pivot_parallel_4,RANDOM,501187,16827573,1807796,6503373
dual_pivot_parallel_4,RANDOM,630957,23355285,2346156,8686082
dual_pivot_parallel_4,RANDOM,794328,27954589,3068746,10534414
dual_pivot_parallel_4,RANDOM,1000000,40584345,3599431,14288681
dual_pivot_parallel_4,RANDOM,1258925,47275736,4790123,17314077
dual_pivot_parallel_4,RANDOM,1584893,59765733,6346533,21878703
dual_pivot_parallel_4,RANDOM,1995262,76016273,8428502,27719410
dual_pivot_parallel_4,RANDOM,2511886,100202142,10700077,36000981
dual_pivot_parallel_4,RANDOM,3162277,134654021,13313650,46575527
dual_pivot_parallel_4,RANDOM,3981071,160106954,17058189,56929347
dual_pivot_parallel_4,RANDOM,5011872,216224719,21577538,74486935
dual_pivot_parallel_4,RANDOM,6309573,274282024,27951888,94651617
dual_pivot_parallel_4,RANDOM,7943282,339227516,36921125,118021027
dual_pivot_parallel_4,RANDOM,10000000,433884827,46931485,149707182
dual_pivot_parallel_4,NEARLY_SORTED,1000,9568,1381,5719
dual_pivot_parallel_4,NEARLY_SORTED,1259,12037,1576,6652
dual_pivot_parallel_4,NEARLY_SORTED,1585,17001,2265,9323
dual_pivot_parallel_4,NEARLY_SORTED,1995,22339,2992,11989
dual_pivot_parallel_4,NEARLY_SORTED,2512,30356,4332,16434
dual_pivot_parallel_4,NEARLY_SORTED,3162,41140,5941,22116
dual_pivot_parallel_4,NEARLY_SORTED,3981,54169,8163,28952
dual_pivot_parallel_4,NEARLY_SORTED,5012,68517,9876,36155
dual_pivot_parallel_4,NEARLY_SORTED,6310,89924,12064,47598
dual_pivot_parallel_4,NEARLY_SORTED,7943,118237,16842,58537
dual_pivot_parallel_4,NEARLY_SORTED,10000,155645,23676,77377
dual_pivot_parallel_4,NEARLY_SORTED,12589,208997,31010,99344
dual_pivot_parallel_4,NEARLY_SORTED,15849,271705,39164,134782
dual_pivot_parallel_4,NEARLY_SORTED,19953,346628,50763,162927
dual_pivot_parallel_4,NEARLY_SORTED,25119,447140,64370,201515
dual_pivot_parallel_4,NEARLY_SORTED,31623,574248,80010,269323
dual_pivot_parallel_4,NEARLY_SORTED,39811,765037,122685,354308
dual_pivot_parallel_4,NEARLY_SORTED,50119,998353,149453,454459
dual_pivot_parallel_4,NEARLY_SORTED,63096,1307734,197431,570873
dual_pivot_parallel_4,NEARLY_SORTED,79433,1693788,264737,733580
dual_pivot_parallel_4,NEARLY_SORTED,100000,2161809,331539,916868
dual_pivot_parallel_4,NEARLY_SORTED,125893,2850539,430428,1186395
dual_pivot_parallel_4,NEARLY_SORTED,158489,3560494,535120,1450909
dual_pivot_parallel_4,NEARLY_SORTED,199526,4712115,740100,1926977
dual_pivot_parallel_4,NEARLY_SORTED,251189,6004711,921562,2421116
dual_pivot_parallel_4,NEARLY_SORTED,316228,7715445,1232855,3063756
dual_pivot_parallel_4,NEARLY_SORTED,398107,9974412,1590542,3910129
dual_pivot_parallel_4,NEARLY_SORTED,501187,12954133,2063904,5017784
dual_pivot_parallel_4,NEARLY_SORTED,630957,16519568,2563508,6352754
dual_pivot_parallel_4,NEARLY_SORTED,794328,21471506,3482907,8168877
dual_pivot_parallel_4,NEARLY_SORTED,1000000,27537366,4390143,10301956
dual_pivot_parallel_4,NEARLY_SORTED,1258925,35252507,5608701,13189511
dual_pivot_parallel_4,NEARLY_SORTED,1584893,47334472,6925233,16917920
dual_pivot_parallel_4,NEARLY_SORTED,1995262,58047125,9355080,21299318
dual_pivot_parallel_4,NEARLY_SORTED,2511886,75078994,11598524,27165741
dual_pivot_parallel_4,NEARLY_SORTED,3162277,95079870,15175694,34677021
dual_pivot_parallel_4,NEARLY_SORTED,3981071,123540935,18385610,43865920
dual_pivot_parallel_4,NEARLY_SORTED,5011872,157568589,25334952,56068067
dual_pivot_parallel_4,NEARLY_SORTED,6309573,200672235,32300498,71088303
dual_pivot_parallel_4,NEARLY_SORTED,7943282,256107233,41438105,90377025
dual_pivot_parallel_4,NEARLY_SORTED,10000000,333431622,53457718,115575630
dual_pivot_parallel_4,REVERSE_SORTED,1000,6908,1704,2150
dual_pivot_parallel_4,REVERSE_SORTED,1259,8965,2103,2882
dual_pivot_parallel_4,REVERSE_SORTED,1585,10665,2974,2009
dual_pivot_parallel_4,REVERSE_SORTED,1995,13478,3706,2507
dual_pivot_parallel_4,REVERSE_SORTED,2512,18329,5106,3280
dual_pivot_parallel_4,REVERSE_SORTED,3162,23022,6390,3985
dual_pivot_parallel_4,REVERSE_SORTED,3981,30438,8202,5514
dual_pivot_parallel_4,REVERSE_SORTED,5012,39908,10932,6739
dual_pivot_parallel_4,REVERSE_SORTED,6310,49606,13775,6992
dual_pivot_parallel_4,REVERSE_SORTED,7943,66462,18657,8872
dual_pivot_parallel_4,REVERSE_SORTED,10000,83669,23367,11158
dual_pivot_parallel_4,REVERSE_SORTED,12589,108081,30387,13600
dual_pivot_parallel_4,REVERSE_SORTED,15849,142160,39839,18152
dual_pivot_parallel_4,REVERSE_SORTED,19953,187690,52909,22808
dual_pivot_parallel_4,REVERSE_SORTED,25119,239636,66999,29829
dual_pivot_parallel_4,REVERSE_SORTED,31623,309022,86974,33043
dual_pivot_parallel_4,REVERSE_SORTED,39811,398126,113138,43427
dual_pivot_parallel_4,REVERSE_SORTED,50119,507108,143608,53394
dual_pivot_parallel_4,REVERSE_SORTED,63096,665711,190120,69191
dual_pivot_parallel_4,REVERSE_SORTED,79433,844005,238314,82934
dual_pivot_parallel_4,REVERSE_SORTED,100000,1092881,311808,108473
dual_pivot_parallel_4,REVERSE_SORTED,125893,1411732,400097,130596
dual_pivot_parallel_4,REVERSE_SORTED,158489,1834363,527267,171037
dual_pivot_parallel_4,REVERSE_SORTED,199526,2343015,666743,213460
dual_pivot_parallel_4,REVERSE_SORTED,251189,3022934,870453,267088
dual_pivot_parallel_4,REVERSE_SORTED,316228,3881398,1106217,333719
dual_pivot_parallel_4,REVERSE_SORTED,398107,4942830,1417423,414001
dual_pivot_parallel_4,REVERSE_SORTED,501187,6427613,1836584,531883
dual_pivot_parallel_4,REVERSE_SORTED,630957,8077397,2322706,638241
dual_pivot_parallel_4,REVERSE_SORTED,794328,10547468,3020642,844521
dual_pivot_parallel_4,REVERSE_SORTED,1000000,13464179,3881226,1026212
dual_pivot_parallel_4,REVERSE_SORTED,1258925,17477984,5024486,1353884
dual_pivot_parallel_4,REVERSE_SORTED,1584893,22137125,6370526,1615932
dual_pivot_parallel_4,REVERSE_SORTED,1995262,28722833,8267129,2123233
dual_pivot_parallel_4,REVERSE_SORTED,2511886,36406334,10466025,2552598
dual_pivot_parallel_4,REVERSE_SORTED,3162277,46719835,13464165,3303674
dual_pivot_parallel_4,REVERSE_SORTED,3981071,59711975,17225829,4027970
dual_pivot_parallel_4,REVERSE_SORTED,5011872,75922017,21885081,5101012
dual_pivot_parallel_4,REVERSE_SORTED,6309573,97976706,28256515,6330148
dual_pivot_parallel_4,REVERSE_SORTED,7943282,125743131,36326397,8243528
dual_pivot_parallel_4,REVERSE_SORTED,10000000,161622101,46579090,10303773
dual_pivot_parallel_4,MANY_DUPLICATES_10,1000,16979,1504,7115
dual_pivot_parallel_4,MANY_DUPLICATES_10,1259,20047,1934,10193
dual_pivot_parallel_4,MANY_DUPLICATES_10,1585,26313,3112,11158
dual_pivot_parallel_4,MANY_DUPLICATES_10,1995,29727,4123,14600
dual_pivot_parallel_4,MANY_DUPLICATES_10,2512,49666,5120,20804
dual_pivot_parallel_4,MANY_DUPLICATES_10,3162,58157,7071,26339
dual_pivot_parallel_4,MANY_DUPLICATES_10,3981,77104,8868,34478
dual_pivot_parallel_4,MANY_DUPLICATES_10,5012,107019,11980,46900
dual_pivot_parallel_4,MANY_DUPLICATES_10,6310,133341,13914,60050
dual_pivot_parallel_4,MANY_DUPLICATES_10,7943,164173,20194,71345
dual_pivot_parallel_4,MANY_DUPLICATES_10,10000,230481,24579,99397
dual_pivot_parallel_4,MANY_DUPLICATES_10,12589,273119,32353,119353
dual_pivot_parallel_4,MANY_DUPLICATES_10,15849,364258,43372,145890
dual_pivot_parallel_4,MANY_DUPLICATES_10,19953,510576,54297,200964
dual_pivot_parallel_4,MANY_DUPLICATES_10,25119,622751,70394,247421
dual_pivot_parallel_4,MANY_DUPLICATES_10,31623,801388,88953,308914
dual_pivot_parallel_4,MANY_DUPLICATES_10,39811,1021046,114578,404724
dual_pivot_parallel_4,MANY_DUPLICATES_10,50119,1381053,146622,523403
dual_pivot_parallel_4,MANY_DUPLICATES_10,63096,1886395,189318,690588
dual_pivot_parallel_4,MANY_DUPLICATES_10,79433,2272152,246075,832520
dual_pivot_parallel_4,MANY_DUPLICATES_10,100000,2784585,327658,1044841
dual_pivot_parallel_4,MANY_DUPLICATES_10,125893,3483910,442959,1338156
dual_pivot_parallel_4,MANY_DUPLICATES_10,158489,4757752,533918,1725384
dual_pivot_parallel_4,MANY_DUPLICATES_10,199526,6050367,757731,2207127
dual_pivot_parallel_4,MANY_DUPLICATES_10,251189,7623204,1018960,2785177
dual_pivot_parallel_4,MANY_DUPLICATES_10,316228,11343622,1141160,3864335
dual_pivot_parallel_4,MANY_DUPLICATES_10,398107,12910674,1600207,4648118
dual_pivot_parallel_4,MANY_DUPLICATES_10,501187,16926827,1923191,5928475
dual_pivot_parallel_4,MANY_DUPLICATES_10,630957,22789248,2480733,7703022
dual_pivot_parallel_4,MANY_DUPLICATES_10,794328,26835341,3349813,9385511
dual_pivot_parallel_4,MANY_DUPLICATES_10,1000000,33833289,4609293,11941757
dual_pivot_parallel_4,MANY_DUPLICATES_10,1258925,47107930,5212223,15860562
dual_pivot_parallel_4,MANY_DUPLICATES_10,1584893,57135253,6863937,19516758
dual_pivot_parallel_4,MANY_DUPLICATES_10,1995262,75989179,8421234,25339459
dual_pivot_parallel_4,MANY_DUPLICATES_10,2511886,95436299,11881640,32144586
dual_pivot_parallel_4,MANY_DUPLICATES_10,3162277,127105168,13807867,41671742
dual_pivot_parallel_4,MANY_DUPLICATES_10,3981071,160896732,18369933,52865034
dual_pivot_parallel_4,MANY_DUPLICATES_10,5011872,208655816,23474699,67655144
dual_pivot_parallel_4,MANY_DUPLICATES_10,6309573,262655528,30660397,85351291
dual_pivot_parallel_4,MANY_DUPLICATES_10,7943282,329962168,40478153,107526205
dual_pivot_parallel_4,MANY_DUPLICATES_10,10000000,414530091,51561872,135107750
dual_pivot_parallel_4,MANY_DUPLICATES_50,1000,19166,1360,9365
dual_pivot_parallel_4,MANY_DUPLICATES_50,1259,19580,1832,10880
dual_pivot_parallel_4,MANY_DUPLICATES_50,1585,29948,2260,16284
dual_pivot_parallel_4,MANY_DUPLICATES_50,1995,33785,3565,18330
dual_pivot_parallel_4,MANY_DUPLICATES_50,2512,53196,3936,27411
dual_pivot_parallel_4,MANY_DUPLICATES_50,3162,67680,5229,31297
dual_pivot_parallel_4,MANY_DUPLICATES_50,3981,81912,7472,39369
dual_pivot_parallel_4,MANY_DUPLICATES_50,5012,114570,8846,53249
dual_pivot_parallel_4,MANY_DUPLICATES_50,6310,135165,12952,64610
dual_pivot_parallel_4,MANY_DUPLICATES_50,7943,184890,15772,85043
dual_pivot_parallel_4,MANY_DUPLICATES_50,10000,224586,24067,107722
dual_pivot_parallel_4,MANY_DUPLICATES_50,12589,297964,29184,141136
dual_pivot_parallel_4,MANY_DUPLICATES_50,15849,403994,37056,173823
dual_pivot_parallel_4,MANY_DUPLICATES_50,19953,512255,50407,227355
dual_pivot_parallel_4,MANY_DUPLICATES_50,25119,654553,64266,293666
dual_pivot_parallel_4,MANY_DUPLICATES_50,31623,828636,81981,364408
dual_pivot_parallel_4,MANY_DUPLICATES_50,39811,1016574,112463,443389
dual_pivot_parallel_4,MANY_DUPLICATES_50,50119,1400866,138897,585806
dual_pivot_parallel_4,MANY_DUPLICATES_50,63096,1982139,164629,788729
dual_pivot_parallel_4,MANY_DUPLICATES_50,79433,2355777,227782,961180
dual_pivot_parallel_4,MANY_DUPLICATES_50,100000,2993688,291585,1213478
dual_pivot_parallel_4,MANY_DUPLICATES_50,125893,3831241,389318,1541100
dual_pivot_parallel_4,MANY_DUPLICATES_50,158489,5086629,502550,1998818
dual_pivot_parallel_4,MANY_DUPLICATES_50,199526,6370426,676116,2497225
dual_pivot_parallel_4,MANY_DUPLICATES_50,251189,8289421,849383,3188328
dual_pivot_parallel_4,MANY_DUPLICATES_50,316228,10632958,1065234,4031728
dual_pivot_parallel_4,MANY_DUPLICATES_50,398107,13484799,1426690,5122650
dual_pivot_parallel_4,MANY_DUPLICATES_50,501187,18454112,1694348,6680298
dual_pivot_parallel_4,MANY_DUPLICATES_50,630957,21843618,2370526,8256685
dual_pivot_parallel_4,MANY_DUPLICATES_50,794328,29480604,2944717,10768299
dual_pivot_parallel_4,MANY_DUPLICATES_50,1000000,37922962,3808499,13785994
dual_pivot_parallel_4,MANY_DUPLICATES_50,1258925,50599808,4662730,17770336
dual_pivot_parallel_4,MANY_DUPLICATES_50,1584893,58293710,6520233,21514260
dual_pivot_parallel_4,MANY_DUPLICATES_50,1995262,78056951,8161473,28042851
dual_pivot_parallel_4,MANY_DUPLICATES_50,2511886,101425755,10768775,35763093
dual_pivot_parallel_4,MANY_DUPLICATES_50,3162277,125534805,13746105,44566276
dual_pivot_parallel_4,MANY_DUPLICATES_50,3981071,157392351,18322151,56358467
dual_pivot_parallel_4,MANY_DUPLICATES_50,5011872,209141036,21983423,72628639
dual_pivot_parallel_4,MANY_DUPLICATES_50,6309573,260371774,28368574,91134411
dual_pivot_parallel_4,MANY_DUPLICATES_50,7943282,343461247,36062629,118172439
dual_pivot_parallel_4,MANY_DUPLICATES_50,10000000,432013637,47072378,148440372
dual_pivot_parallel_4,MANY_DUPLICATES_90,1000,16169,1267,8982
dual_pivot_parallel_4,MANY_DUPLICATES_90,1259,20342,1636,11302
dual_pivot_parallel_4,MANY_DUPLICATES_90,1585,28220,2106,15073
dual_pivot_parallel_4,MANY_DUPLICATES_90,1995,35445,3377,17380
dual_pivot_parallel_4,MANY_DUPLICATES_90,2512,57864,3837,26652
dual_pivot_parallel_4,MANY_DUPLICATES_90,3162,63807,5141,31239
dual_pivot_parallel_4,MANY_DUPLICATES_90,3981,83570,6670,41093
dual_pivot_parallel_4,MANY_DUPLICATES_90,5012,116076,9410,53847
dual_pivot_parallel_4,MANY_DUPLICATES_90,6310,136845,11960,68257
dual_pivot_parallel_4,MANY_DUPLICATES_90,7943,184814,16110,90299
dual_pivot_parallel_4,MANY_DUPLICATES_90,10000,223223,23525,105228
dual_pivot_parallel_4,MANY_DUPLICATES_90,12589,300278,28711,138578
dual_pivot_parallel_4,MANY_DUPLICATES_90,15849,395139,37687,175424
dual_pivot_parallel_4,MANY_DUPLICATES_90,19953,517322,50874,226145
dual_pivot_parallel_4,MANY_DUPLICATES_90,25119,644381,64959,287534
dual_pivot_parallel_4,MANY_DUPLICATES_90,31623,811795,81270,354821
dual_pivot_parallel_4,MANY_DUPLICATES_90,39811,1061190,105681,463186
dual_pivot_parallel_4,MANY_DUPLICATES_90,50119,1388546,135400,588114
dual_pivot_parallel_4,MANY_DUPLICATES_90,63096,1859262,173756,756428
dual_pivot_parallel_4,MANY_DUPLICATES_90,79433,2302047,238051,959227
dual_pivot_parallel_4,MANY_DUPLICATES_90,100000,2953500,308143,1205930
dual_pivot_parallel_4,MANY_DUPLICATES_90,125893,3915718,456199,1578368
dual_pivot_parallel_4,MANY_DUPLICATES_90,158489,4893831,520829,1969701
dual_pivot_parallel_4,MANY_DUPLICATES_90,199526,6645470,632743,2553721
dual_pivot_parallel_4,MANY_DUPLICATES_90,251189,8037364,854151,3173042
dual_pivot_parallel_4,MANY_DUPLICATES_90,316228,10787794,1029049,4127942
dual_pivot_parallel_4,MANY_DUPLICATES_90,398107,13916117,1377992,5246487
dual_pivot_parallel_4,MANY_DUPLICATES_90,501187,16929924,1859684,6527427
dual_pivot_parallel_4,MANY_DUPLICATES_90,630957,22921374,2270485,8478684
dual_pivot_parallel_4,MANY_DUPLICATES_90,794328,29426695,2965418,10839654
dual_pivot_parallel_4,MANY_DUPLICATES_90,1000000,37181111,3861574,13687284
dual_pivot_parallel_4,MANY_DUPLICATES_90,1258925,46175858,5066137,17095839
dual_pivot_parallel_4,MANY_DUPLICATES_90,1584893,58104306,6777270,21583248
dual_pivot_parallel_4,MANY_DUPLICATES_90,1995262,76749170,8203724,28027946
dual_pivot_parallel_4,MANY_DUPLICATES_90,2511886,99835488,10238022,35640379
dual_pivot_parallel_4,MANY_DUPLICATES_90,3162277,122501244,14056780,44432603
dual_pivot_parallel_4,MANY_DUPLICATES_90,3981071,160936668,17634868,57273169
dual_pivot_parallel_4,MANY_DUPLICATES_90,5011872,203687848,22969693,72478714
dual_pivot_parallel_4,MANY_DUPLICATES_90,6309573,277825681,28304698,94953245
dual_pivot_parallel_4,MANY_DUPLICATES_90,7943282,350504104,35177200,119557368
dual_pivot_parallel_4,MANY_DUPLICATES_90,10000000,454911022,46344340,154093474
dual_pivot_parallel_4,ORGAN_PIPE,1000,17409,3010,9145
dual_pivot_parallel_4,ORGAN_PIPE,1259,22655,4221,11229
dual_pivot_parallel_4,ORGAN_PIPE,1585,28778,5307,13711
dual_pivot_parallel_4,ORGAN_PIPE,1995,40277,7142,17873
dual_pivot_parallel_4,ORGAN_PIPE,2512,54255,9072,24246
dual_pivot_parallel_4,ORGAN_PIPE,3162,71270,11826,30865
dual_pivot_parallel_4,ORGAN_PIPE,3981,91053,14996,37640
dual_pivot_parallel_4,ORGAN_PIPE,5012,118136,19930,50192
dual_pivot_parallel_4,ORGAN_PIPE,6310,158660,24940,67732
dual_pivot_parallel_4,ORGAN_PIPE,7943,198378,31766,82354
dual_pivot_parallel_4,ORGAN_PIPE,10000,266988,41484,109241
dual_pivot_parallel_4,ORGAN_PIPE,12589,346035,54088,143499
dual_pivot_parallel_4,ORGAN_PIPE,15849,442942,69717,175149
dual_pivot_parallel_4,ORGAN_PIPE,19953,570469,92469,227230
dual_pivot_parallel_4,ORGAN_PIPE,25119,759486,112277,291688
dual_pivot_parallel_4,ORGAN_PIPE,31623,978380,147266,377184
dual_pivot_parallel_4,ORGAN_PIPE,39811,1244475,189947,462833
dual_pivot_parallel_4,ORGAN_PIPE,50119,1693770,235709,617576
dual_pivot_parallel_4,ORGAN_PIPE,63096,2104156,315134,758027
dual_pivot_parallel_4,ORGAN_PIPE,79433,2753796,392540,988527
dual_pivot_parallel_4,ORGAN_PIPE,100000,3596314,502499,1255141
dual_pivot_parallel_4,ORGAN_PIPE,125893,4647250,637435,1579965
dual_pivot_parallel_4,ORGAN_PIPE,158489,5946997,822138,2036844
dual_pivot_parallel_4,ORGAN_PIPE,199526,7663716,1036540,2581545
dual_pivot_parallel_4,ORGAN_PIPE,251189,9952707,1324561,3291504
dual_pivot_parallel_4,ORGAN_PIPE,316228,12721641,1706502,4161297
dual_pivot_parallel_4,ORGAN_PIPE,398107,16533969,2178921,5405260
dual_pivot_parallel_4,ORGAN_PIPE,501187,21109938,2771568,6748090
dual_pivot_parallel_4,ORGAN_PIPE,630957,27280530,3573042,8712299
dual_pivot_parallel_4,ORGAN_PIPE,794328,34941347,4597126,11051926
dual_pivot_parallel_4,ORGAN_PIPE,1000000,44842890,5809835,14113763
dual_pivot_parallel_4,ORGAN_PIPE,1258925,57984534,7465938,17950531
dual_pivot_parallel_4,ORGAN_PIPE,1584893,74237800,9567117,22806302
dual_pivot_parallel_4,ORGAN_PIPE,1995262,95299048,12210242,28945033
dual_pivot_parallel_4,ORGAN_PIPE,2511886,123184189,15537936,37057444
dual_pivot_parallel_4,ORGAN_PIPE,3162277,157111965,19930469,47003631
dual_pivot_parallel_4,ORGAN_PIPE,3981071,201553388,25314159,59896984
dual_pivot_parallel_4,ORGAN_PIPE,5011872,258695027,32359047,76331176
dual_pivot_parallel_4,ORGAN_PIPE,6309573,331345570,41413791,96586276
dual_pivot_parallel_4,ORGAN_PIPE,7943282,424553057,52733538,122921920
dual_pivot_parallel_4,ORGAN_PIPE,10000000,542214166,67452908,156512158
dual_pivot_parallel_4,SAWTOOTH,1000,14605,1361,6843
dual_pivot_parallel_4,SAWTOOTH,1259,22685,1744,11501
dual_pivot_parallel_4,SAWTOOTH,1585,26433,2909,11596
dual_pivot_parallel_4,SAWTOOTH,1995,35168,3404,16214
dual_pivot_parallel_4,SAWTOOTH,2512,52223,4935,21950
dual_pivot_parallel_4,SAWTOOTH,3162,68548,6060,28974
dual_pivot_parallel_4,SAWTOOTH,3981,80208,7850,34326
dual_pivot_parallel_4,SAWTOOTH,5012,106920,10722,42326
dual_pivot_parallel_4,SAWTOOTH,6310,134237,14413,57546
dual_pivot_parallel_4,SAWTOOTH,7943,173256,19032,76362
dual_pivot_parallel_4,SAWTOOTH,10000,238003,22107,93492
dual_pivot_parallel_4,SAWTOOTH,12589,315355,30079,119973
dual_pivot_parallel_4,SAWTOOTH,15849,385618,41005,151739
dual_pivot_parallel_4,SAWTOOTH,19953,513130,52997,201609
dual_pivot_parallel_4,SAWTOOTH,25119,668180,66513,246167
dual_pivot_parallel_4,SAWTOOTH,31623,844269,86274,318024
dual_pivot_parallel_4,SAWTOOTH,39811,1097731,113957,410366
dual_pivot_parallel_4,SAWTOOTH,50119,1429487,145119,528003
dual_pivot_parallel_4,SAWTOOTH,63096,1794240,192949,655939
dual_pivot_parallel_4,SAWTOOTH,79433,2343129,239887,829852
dual_pivot_parallel_4,SAWTOOTH,100000,2995845,314511,1089294
dual_pivot_parallel_4,SAWTOOTH,125893,3936668,402248,1373209
dual_pivot_parallel_4,SAWTOOTH,158489,5056061,540873,1768240
dual_pivot_parallel_4,SAWTOOTH,199526,6481389,665018,2236033
dual_pivot_parallel_4,SAWTOOTH,251189,8149296,890616,2826082
dual_pivot_parallel_4,SAWTOOTH,316228,10644893,1114466,3593195
dual_pivot_parallel_4,SAWTOOTH,398107,13839700,1464214,4663368
dual_pivot_parallel_4,SAWTOOTH,501187,17652512,1874911,5844884
dual_pivot_parallel_4,SAWTOOTH,630957,22730372,2364644,7465850
dual_pivot_parallel_4,SAWTOOTH,794328,28626082,3121350,9430677
dual_pivot_parallel_4,SAWTOOTH,1000000,37682850,3955940,12140596
dual_pivot_parallel_4,SAWTOOTH,1258925,48622817,5104635,15575437
dual_pivot_parallel_4,SAWTOOTH,1584893,61246706,6576689,19586927
dual_pivot_parallel_4,SAWTOOTH,1995262,80589399,8363971,25167494
dual_pivot_parallel_4,SAWTOOTH,2511886,99673209,10856238,31636888
dual_pivot_parallel_4,SAWTOOTH,3162277,127438970,14066539,40019913
dual_pivot_parallel_4,SAWTOOTH,3981071,169499959,17568184,52098095
dual_pivot_parallel_4,SAWTOOTH,5011872,217978855,22516167,66212641
dual_pivot_parallel_4,SAWTOOTH,6309573,277436725,28551218,84142100
dual_pivot_parallel_4,SAWTOOTH,7943282,356035504,36712225,107055588
dual_pivot_parallel_4,SAWTOOTH,10000000,457370597,47472162,136618606
dual_pivot_parallel_8,RANDOM,1000,17705,1160,10201
dual_pivot_parallel_8,RANDOM,1259,19650,1703,10908
dual_pivot_parallel_8,RANDOM,1585,27857,2301,14460
dual_pivot_parallel_8,RANDOM,1995,34004,3397,17446
dual_pivot_parallel_8,RANDOM,2512,53163,4683,24420
dual_pivot_parallel_8,RANDOM,3162,63559,5003,32068
dual_pivot_parallel_8,RANDOM,3981,80638,7132,39885
dual_pivot_parallel_8,RANDOM,5012,112983,9009,53471
dual_pivot_parallel_8,RANDOM,6310,139918,11182,67991
dual_pivot_parallel_8,RANDOM,7943,189610,15684,85926
dual_pivot_parallel_8,RANDOM,10000,222270,23401,104922
dual_pivot_parallel_8,RANDOM,12589,309419,26966,143287
dual_pivot_parallel_8,RANDOM,15849,397029,36471,170494
dual_pivot_parallel_8,RANDOM,19953,516821,49963,231155
dual_pivot_parallel_8,RANDOM,25119,639255,64614,289687
dual_pivot_parallel_8,RANDOM,31623,799095,85662,359896
dual_pivot_parallel_8,RANDOM,39811,1123007,101306,478514
dual_pivot_parallel_8,RANDOM,50119,1383274,132765,601944
dual_pivot_parallel_8,RANDOM,63096,2044679,168835,805598
dual_pivot_parallel_8,RANDOM,79433,2337515,226697,961191
dual_pivot_parallel_8,RANDOM,100000,3075310,307000,1252041
dual_pivot_parallel_8,RANDOM,125893,3779850,393145,1558955
dual_pivot_parallel_8,RANDOM,158489,4959065,500752,2007552
dual_pivot_parallel_8,RANDOM,199526,6293769,674482,2542461
dual_pivot_parallel_8,RANDOM,251189,8255992,851907,3223495
dual_pivot_parallel_8,RANDOM,316228,10071740,1173831,4038691
dual_pivot_parallel_8,RANDOM,398107,13791740,1383911,5298336
dual_pivot_parallel_8,RANDOM,501187,16872353,1804830,6564479
dual_pivot_parallel_8,RANDOM,630957,23419016,2342374,8767962
dual_pivot_parallel_8,RANDOM,794328,28032882,3064041,10635207
dual_pivot_parallel_8,RANDOM,1000000,40680592,3594101,14410465
dual_pivot_parallel_8,RANDOM,1258925,47419596,4781766,17497563
dual_pivot_parallel_8,RANDOM,1584893,59958498,6336903,22118269
dual_pivot_parallel_8,RANDOM,1995262,76225075,8417086,27986927
dual_pivot_parallel_8,RANDOM,2511886,100499374,10684590,36373339
dual_pivot_parallel_8,RANDOM,3162277,135052335,13295209,47064166
dual_pivot_parallel_8,RANDOM,3981071,160573707,17033368,57511293
dual_pivot_parallel_8,RANDOM,5011872,216805786,21549393,75206656
dual_pivot_parallel_8,RANDOM,6309573,274960723,27919159,95493568
dual_pivot_parallel_8,RANDOM,7943282,340206020,36875546,119224720
dual_pivot_parallel_8,RANDOM,10000000,435165513,46871189,151274626
dual_pivot_parallel_8,NEARLY_SORTED,1000,9568,1381,5719
dual_pivot_parallel_8,NEARLY_SORTED,1259,12037,1576,6652
dual_pivot_parallel_8,NEARLY_SORTED,1585,17001,2265,9323
dual_pivot_parallel_8,NEARLY_SORTED,1995,22339,2992,11989
dual_pivot_parallel_8,NEARLY_SORTED,2512,30356,4332,16434
dual_pivot_parallel_8,NEARLY_SORTED,3162,41140,5941,22116
dual_pivot_parallel_8,NEARLY_SORTED,3981,54169,8163,28952
dual_pivot_parallel_8,NEARLY_SORTED,5012,68470,9843,36124
dual_pivot_parallel_8,NEARLY_SORTED,6310,90233,12026,47885
dual_pivot_parallel_8,NEARLY_SORTED,7943,119511,16636,60533
dual_pivot_parallel_8,NEARLY_SORTED,10000,155706,23707,77348
dual_pivot_parallel_8,NEARLY_SORTED,12589,211516,30603,103230
dual_pivot_parallel_8,NEARLY_SORTED,15849,274615,39004,138509
dual_pivot_parallel_8,NEARLY_SORTED,19953,345698,50762,162336
dual_pivot_parallel_8,NEARLY_SORTED,25119,449090,64268,204196
dual_pivot_parallel_8,NEARLY_SORTED,31623,577486,79066,274620
dual_pivot_parallel_8,NEARLY_SORTED,39811,766185,122330,356646
dual_pivot_parallel_8,NEARLY_SORTED,50119,1001114,148933,458545
dual_pivot_parallel_8,NEARLY_SORTED,63096,1307969,197324,571885
dual_pivot_parallel_8,NEARLY_SORTED,79433,1697975,263874,741312
dual_pivot_parallel_8,NEARLY_SORTED,100000,2166184,330903,923802
dual_pivot_parallel_8,NEARLY_SORTED,125893,2865116,428861,1206287
dual_pivot_parallel_8,NEARLY_SORTED,158489,3571426,534077,1464991
dual_pivot_parallel_8,NEARLY_SORTED,199526,4728066,738737,1947952
dual_pivot_parallel_8,NEARLY_SORTED,251189,6020732,919426,2444837
dual_pivot_parallel_8,NEARLY_SORTED,316228,7734460,1230715,3089840
dual_pivot_parallel_8,NEARLY_SORTED,398107,10004087,1587858,3949943
dual_pivot_parallel_8,NEARLY_SORTED,501187,12990915,2060375,5066626
dual_pivot_parallel_8,NEARLY_SORTED,630957,16563238,2557948,6415769
dual_pivot_parallel_8,NEARLY_SORTED,794328,21526996,3478405,8242337
dual_pivot_parallel_8,NEARLY_SORTED,1000000,27632525,4382252,10423777
dual_pivot_parallel_8,NEARLY_SORTED,1258925,35359271,5599460,13331638
dual_pivot_parallel_8,NEARLY_SORTED,1584893,47454792,6913468,17078205
dual_pivot_parallel_8,NEARLY_SORTED,1995262,58198846,9341168,21503123
dual_pivot_parallel_8,NEARLY_SORTED,2511886,75311091,11579330,27463727
dual_pivot_parallel_8,NEARLY_SORTED,3162277,95337081,15154767,35011119
dual_pivot_parallel_8,NEARLY_SORTED,3981071,123896947,18356410,44326232
dual_pivot_parallel_8,NEARLY_SORTED,5011872,157992074,25300762,56615726
dual_pivot_parallel_8,NEARLY_SORTED,6309573,201233343,32256509,71809649
dual_pivot_parallel_8,NEARLY_SORTED,7943282,256746263,41388097,91202820
dual_pivot_parallel_8,NEARLY_SORTED,10000000,334301261,53393633,116689309
dual_pivot_parallel_8,REVERSE_SORTED,1000,6908,1704,2150
dual_pivot_parallel_8,REVERSE_SORTED,1259,8965,2103,2882
dual_pivot_parallel_8,REVERSE_SORTED,1585,10665,2974,2009
dual_pivot_parallel_8,REVERSE_SORTED,1995,13478,3706,2507
dual_pivot_parallel_8,REVERSE_SORTED,2512,18329,5106,3280
dual_pivot_parallel_8,REVERSE_SORTED,3162,23022,6390,3985
dual_pivot_parallel_8,REVERSE_SORTED,3981,30438,8202,5514
dual_pivot_parallel_8,REVERSE_SORTED,5012,39979,10964,6774
dual_pivot_parallel_8,REVERSE_SORTED,6310,49688,13813,7005
dual_pivot_parallel_8,REVERSE_SORTED,7943,66445,18657,8871
dual_pivot_parallel_8,REVERSE_SORTED,10000,83710,23393,11181
dual_pivot_parallel_8,REVERSE_SORTED,12589,108149,30419,13632
dual_pivot_parallel_8,REVERSE_SORTED,15849,142041,39795,18128
dual_pivot_parallel_8,REVERSE_SORTED,19953,183633,51533,22299
dual_pivot_parallel_8,REVERSE_SORTED,25119,239718,67037,29842
dual_pivot_parallel_8,REVERSE_SORTED,31623,309005,86974,33042
dual_pivot_parallel_8,REVERSE_SORTED,39811,398167,113164,43450
dual_pivot_parallel_8,REVERSE_SORTED,50119,507176,143640,53426
dual_pivot_parallel_8,REVERSE_SORTED,63096,665790,190158,69201
dual_pivot_parallel_8,REVERSE_SORTED,79433,844076,238346,82969
dual_pivot_parallel_8,REVERSE_SORTED,100000,1092963,311846,108486
dual_pivot_parallel_8,REVERSE_SORTED,125893,1406450,398264,129932
dual_pivot_parallel_8,REVERSE_SORTED,158489,1807332,518269,166644
dual_pivot_parallel_8,REVERSE_SORTED,199526,2341986,666396,213360
dual_pivot_parallel_8,REVERSE_SORTED,251189,3018533,868987,266394
dual_pivot_parallel_8,REVERSE_SORTED,316228,3881466,1106249,333751
dual_pivot_parallel_8,REVERSE_SORTED,398107,4942912,1417461,414014
dual_pivot_parallel_8,REVERSE_SORTED,501187,6427731,1836631,531899
dual_pivot_parallel_8,REVERSE_SORTED,630957,8077438,2322732,638264
dual_pivot_parallel_8,REVERSE_SORTED,794328,10546951,3020483,844461
dual_pivot_parallel_8,REVERSE_SORTED,1000000,13341954,3839664,1007086
dual_pivot_parallel_8,REVERSE_SORTED,1258925,17399154,4997194,1342050
dual_pivot_parallel_8,REVERSE_SORTED,1584893,22127847,6367364,1614521
dual_pivot_parallel_8,REVERSE_SORTED,1995262,28703495,8260392,2120433
dual_pivot_parallel_8,REVERSE_SORTED,2511886,36406375,10466051,2552621
dual_pivot_parallel_8,REVERSE_SORTED,3162277,46719882,13464194,3303706
dual_pivot_parallel_8,REVERSE_SORTED,3981071,59712049,17225864,4028011
dual_pivot_parallel_8,REVERSE_SORTED,5011872,75922085,21885113,5101044
dual_pivot_parallel_8,REVERSE_SORTED,6309573,97908244,28232809,6319857
dual_pivot_parallel_8,REVERSE_SORTED,7943282,125087377,36125740,8161112
dual_pivot_parallel_8,REVERSE_SORTED,10000000,161607502,46574028,10301636
dual_pivot_parallel_8,MANY_DUPLICATES_10,1000,16979,1504,7115
dual_pivot_parallel_8,MANY_DUPLICATES_10,1259,20047,1934,10193
dual_pivot_parallel_8,MANY_DUPLICATES_10,1585,26313,3112,11158
dual_pivot_parallel_8,MANY_DUPLICATES_10,1995,29727,4123,14600
dual_pivot_parallel_8,MANY_DUPLICATES_10,2512,49666,5120,20804
dual_pivot_parallel_8,MANY_DUPLICATES_10,3162,58157,7071,26339
dual_pivot_parallel_8,MANY_DUPLICATES_10,3981,77104,8868,34478
dual_pivot_parallel_8,MANY_DUPLICATES_10,5012,106801,12002,46806
dual_pivot_parallel_8,MANY_DUPLICATES_10,6310,133346,13914,60045
dual_pivot_parallel_8,MANY_DUPLICATES_10,7943,164851,20066,72350
dual_pivot_parallel_8,MANY_DUPLICATES_10,10000,230604,24495,99575
dual_pivot_parallel_8,MANY_DUPLICATES_10,12589,272821,32399,118885
dual_pivot_parallel_8,MANY_DUPLICATES_10,15849,369149,42893,151694
dual_pivot_parallel_8,MANY_DUPLICATES_10,19953,509442,54285,200089
dual_pivot_parallel_8,MANY_DUPLICATES_10,25119,627301,70034,253384
dual_pivot_parallel_8,MANY_DUPLICATES_10,31623,810358,88367,319307
dual_pivot_parallel_8,MANY_DUPLICATES_10,39811,1022632,114111,407260
dual_pivot_parallel_8,MANY_DUPLICATES_10,50119,1387191,146071,532036
dual_pivot_parallel_8,MANY_DUPLICATES_10,63096,1893817,188589,699579
dual_pivot_parallel_8,MANY_DUPLICATES_10,79433,2280440,245409,842652
dual_pivot_parallel_8,MANY_DUPLICATES_10,100000,2796249,326567,1059863
dual_pivot_parallel_8,MANY_DUPLICATES_10,125893,3498234,441675,1356155
dual_pivot_parallel_8,MANY_DUPLICATES_10,158489,4776509,532167,1748764
dual_pivot_parallel_8,MANY_DUPLICATES_10,199526,6066684,756231,2228545
dual_pivot_parallel_8,MANY_DUPLICATES_10,251189,7654904,1016762,2825538
dual_pivot_parallel_8,MANY_DUPLICATES_10,316228,11391099,1137511,3922026
dual_pivot_parallel_8,MANY_DUPLICATES_10,398107,12952792,1596138,4703807
dual_pivot_parallel_8,MANY_DUPLICATES_10,501187,16980095,1918973,5995699
dual_pivot_parallel_8,MANY_DUPLICATES_10,630957,22880008,2473626,7817903
dual_pivot_parallel_8,MANY_DUPLICATES_10,794328,26943577,3340503,9522520
dual_pivot_parallel_8,MANY_DUPLICATES_10,1000000,33962300,4599504,12104264
dual_pivot_parallel_8,MANY_DUPLICATES_10,1258925,47254343,5200780,16045285
dual_pivot_parallel_8,MANY_DUPLICATES_10,1584893,57306615,6850008,19735901
dual_pivot_parallel_8,MANY_DUPLICATES_10,1995262,76222560,8404063,25629661
dual_pivot_parallel_8,MANY_DUPLICATES_10,2511886,95735457,11859398,32517030
dual_pivot_parallel_8,MANY_DUPLICATES_10,3162277,127538400,13779744,42200300
dual_pivot_parallel_8,MANY_DUPLICATES_10,3981071,161408164,18334007,53494507
dual_pivot_parallel_8,MANY_DUPLICATES_10,5011872,209303092,23431148,68452715
dual_pivot_parallel_8,MANY_DUPLICATES_10,6309573,263514188,30604569,86401777
dual_pivot_parallel_8,MANY_DUPLICATES_10,7943282,330976018,40412240,108771689
dual_pivot_parallel_8,MANY_DUPLICATES_10,10000000,415864277,51477318,136742288
dual_pivot_parallel_8,MANY_DUPLICATES_50,1000,19166,1360,9365
dual_pivot_parallel_8,MANY_DUPLICATES_50,1259,19580,1832,10880
dual_pivot_parallel_8,MANY_DUPLICATES_50,1585,29948,2260,16284
dual_pivot_parallel_8,MANY_DUPLICATES_50,1995,33785,3565,18330
dual_pivot_parallel_8,MANY_DUPLICATES_50,2512,53196,3936,27411
dual_pivot_parallel_8,MANY_DUPLICATES_50,3162,67680,5229,31297
dual_pivot_parallel_8,MANY_DUPLICATES_50,3981,81912,7472,39369
dual_pivot_parallel_8,MANY_DUPLICATES_50,5012,114467,8881,53085
dual_pivot_parallel_8,MANY_DUPLICATES_50,6310,135890,12864,65494
dual_pivot_parallel_8,MANY_DUPLICATES_50,7943,184933,15803,84955
dual_pivot_parallel_8,MANY_DUPLICATES_50,10000,226365,23853,110111
dual_pivot_parallel_8,MANY_DUPLICATES_50,12589,301957,28943,145839
dual_pivot_parallel_8,MANY_DUPLICATES_50,15849,406467,36807,177053
dual_pivot_parallel_8,MANY_DUPLICATES_50,19953,514782,50272,230415
dual_pivot_parallel_8,MANY_DUPLICATES_50,25119,657517,63939,297618
dual_pivot_parallel_8,MANY_DUPLICATES_50,31623,830112,81629,367022
dual_pivot_parallel_8,MANY_DUPLICATES_50,39811,1020599,112106,448737
dual_pivot_parallel_8,MANY_DUPLICATES_50,50119,1403688,138490,590040
dual_pivot_parallel_8,MANY_DUPLICATES_50,63096,1983136,164484,790559
dual_pivot_parallel_8,MANY_DUPLICATES_50,79433,2362065,227202,969360
dual_pivot_parallel_8,MANY_DUPLICATES_50,100000,3003694,290778,1227113
dual_pivot_parallel_8,MANY_DUPLICATES_50,125893,3839148,388801,1551765
dual_pivot_parallel_8,MANY_DUPLICATES_50,158489,5114315,500946,2033507
dual_pivot_parallel_8,MANY_DUPLICATES_50,199526,6394352,674794,2528040
dual_pivot_parallel_8,MANY_DUPLICATES_50,251189,8311846,847534,3217782
dual_pivot_parallel_8,MANY_DUPLICATES_50,316228,10678369,1062298,4088450
dual_pivot_parallel_8,MANY_DUPLICATES_50,398107,13519935,1423876,5167825
dual_pivot_parallel_8,MANY_DUPLICATES_50,501187,18499658,1691303,6739609
dual_pivot_parallel_8,MANY_DUPLICATES_50,630957,21910931,2365851,8345240
dual_pivot_parallel_8,MANY_DUPLICATES_50,794328,29562976,2939429,10872213
dual_pivot_parallel_8,MANY_DUPLICATES_50,1000000,38013093,3803207,13902746
dual_pivot_parallel_8,MANY_DUPLICATES_50,1258925,50727990,4655173,17931426
dual_pivot_parallel_8,MANY_DUPLICATES_50,1584893,58454792,6510403,21721292
dual_pivot_parallel_8,MANY_DUPLICATES_50,1995262,78273736,8148006,28320541
dual_pivot_parallel_8,MANY_DUPLICATES_50,2511886,101728314,10751937,36144172
dual_pivot_parallel_8,MANY_DUPLICATES_50,3162277,125900599,13725272,45027959
dual_pivot_parallel_8,MANY_DUPLICATES_50,3981071,157882229,18295722,56971136
dual_pivot_parallel_8,MANY_DUPLICATES_50,5011872,209742353,21950643,73377575
dual_pivot_parallel_8,MANY_DUPLICATES_50,6309573,261144530,28326010,92101184
dual_pivot_parallel_8,MANY_DUPLICATES_50,7943282,344419381,36012885,119362475
dual_pivot_parallel_8,MANY_DUPLICATES_50,10000000,433163523,47014902,149859998
dual_pivot_parallel_8,MANY_DUPLICATES_90,1000,16169,1267,8982
dual_pivot_parallel_8,MANY_DUPLICATES_90,1259,20342,1636,11302
dual_pivot_parallel_8,MANY_DUPLICATES_90,1585,28220,2106,15073
dual_pivot_parallel_8,MANY_DUPLICATES_90,1995,35445,3377,17380
dual_pivot_parallel_8,MANY_DUPLICATES_90,2512,57864,3837,26652
dual_pivot_parallel_8,MANY_DUPLICATES_90,3162,63807,5141,31239
dual_pivot_parallel_8,MANY_DUPLICATES_90,3981,83570,6670,41093
dual_pivot_parallel_8,MANY_DUPLICATES_90,5012,116083,9410,53844
dual_pivot_parallel_8,MANY_DUPLICATES_90,6310,137266,11923,69112
dual_pivot_parallel_8,MANY_DUPLICATES_90,7943,185225,16075,90890
dual_pivot_parallel_8,MANY_DUPLICATES_90,10000,223662,23481,105881
dual_pivot_parallel_8,MANY_DUPLICATES_90,12589,300648,28680,138921
dual_pivot_parallel_8,MANY_DUPLICATES_90,15849,396189,37594,177038
dual_pivot_parallel_8,MANY_DUPLICATES_90,19953,523073,50430,233243
dual_pivot_parallel_8,MANY_DUPLICATES_90,25119,646184,64796,289917
dual_pivot_parallel_8,MANY_DUPLICATES_90,31623,815309,80917,359641
dual_pivot_parallel_8,MANY_DUPLICATES_90,39811,1065413,105340,468556
dual_pivot_parallel_8,MANY_DUPLICATES_90,50119,1396036,134934,597979
dual_pivot_parallel_8,MANY_DUPLICATES_90,63096,1868536,173229,768695
dual_pivot_parallel_8,MANY_DUPLICATES_90,79433,2310552,237511,970591
dual_pivot_parallel_8,MANY_DUPLICATES_90,100000,2965793,307362,1222055
dual_pivot_parallel_8,MANY_DUPLICATES_90,125893,3923758,455554,1590221
dual_pivot_parallel_8,MANY_DUPLICATES_90,158489,4913643,519451,1995787
dual_pivot_parallel_8,MANY_DUPLICATES_90,199526,6668957,630913,2584385
dual_pivot_parallel_8,MANY_DUPLICATES_90,251189,8063744,852841,3206848
dual_pivot_parallel_8,MANY_DUPLICATES_90,316228,10817618,1027265,4166393
dual_pivot_parallel_8,MANY_DUPLICATES_90,398107,13948881,1375532,5289915
dual_pivot_parallel_8,MANY_DUPLICATES_90,501187,16999448,1855808,6615262
dual_pivot_parallel_8,MANY_DUPLICATES_90,630957,22983569,2267278,8556382
dual_pivot_parallel_8,MANY_DUPLICATES_90,794328,29506851,2961227,10940522
dual_pivot_parallel_8,MANY_DUPLICATES_90,1000000,37288654,3855107,13826072
dual_pivot_parallel_8,MANY_DUPLICATES_90,1258925,46317240,5058151,17275481
dual_pivot_parallel_8,MANY_DUPLICATES_90,1584893,58290658,6767570,21815542
dual_pivot_parallel_8,MANY_DUPLICATES_90,1995262,76967816,8191664,28306022
dual_pivot_parallel_8,MANY_DUPLICATES_90,2511886,100170887,10221118,36059959
dual_pivot_parallel_8,MANY_DUPLICATES_90,3162277,122858187,14038487,44880112
dual_pivot_parallel_8,MANY_DUPLICATES_90,3981071,161397651,17610758,57849676
dual_pivot_parallel_8,MANY_DUPLICATES_90,5011872,204321486,22937461,73272487
dual_pivot_parallel_8,MANY_DUPLICATES_90,6309573,278559079,28270493,95857436
dual_pivot_parallel_8,MANY_DUPLICATES_90,7943282,351487763,35130034,120761870
dual_pivot_parallel_8,MANY_DUPLICATES_90,10000000,456098939,46291731,155554097
dual_pivot_parallel_8,ORGAN_PIPE,1000,17409,3010,9145
dual_pivot_parallel_8,ORGAN_PIPE,1259,22655,4221,11229
dual_pivot_parallel_8,ORGAN_PIPE,1585,28778,5307,13711
dual_pivot_parallel_8,ORGAN_PIPE,1995,40277,7142,17873
dual_pivot_parallel_8,ORGAN_PIPE,2512,54255,9072,24246
dual_pivot_parallel_8,ORGAN_PIPE,3162,71270,11826,30865
dual_pivot_parallel_8,ORGAN_PIPE,3981,91053,14996,37640
dual_pivot_parallel_8,ORGAN_PIPE,5012,118136,19930,50192
dual_pivot_parallel_8,ORGAN_PIPE,6310,161118,24832,70934
dual_pivot_parallel_8,ORGAN_PIPE,7943,198378,31766,82354
dual_pivot_parallel_8,ORGAN_PIPE,10000,267547,41408,109981
dual_pivot_parallel_8,ORGAN_PIPE,12589,346625,54019,144254
dual_pivot_parallel_8,ORGAN_PIPE,15849,443936,69660,176716
dual_pivot_parallel_8,ORGAN_PIPE,19953,573581,92318,231367
dual_pivot_parallel_8,ORGAN_PIPE,25119,760220,112081,293300
dual_pivot_parallel_8,ORGAN_PIPE,31623,980084,147027,380105
dual_pivot_parallel_8,ORGAN_PIPE,39811,1247988,189371,468412
dual_pivot_parallel_8,ORGAN_PIPE,50119,1700286,235357,625364
dual_pivot_parallel_8,ORGAN_PIPE,63096,2106905,314845,763915
dual_pivot_parallel_8,ORGAN_PIPE,79433,2762404,392067,1001293
dual_pivot_parallel_8,ORGAN_PIPE,100000,3602451,502135,1264139
dual_pivot_parallel_8,ORGAN_PIPE,125893,4654284,636542,1591518
dual_pivot_parallel_8,ORGAN_PIPE,158489,5959623,821612,2053777
dual_pivot_parallel_8,ORGAN_PIPE,199526,7680166,1035071,2605726
dual_pivot_parallel_8,ORGAN_PIPE,251189,9980871,1323007,3327462
dual_pivot_parallel_8,ORGAN_PIPE,316228,12752589,1703932,4207848
dual_pivot_parallel_8,ORGAN_PIPE,398107,16570175,2176711,5457643
dual_pivot_parallel_8,ORGAN_PIPE,501187,21154336,2768097,6812387
dual_pivot_parallel_8,ORGAN_PIPE,630957,27344471,3569412,8801277
dual_pivot_parallel_8,ORGAN_PIPE,794328,35004895,4592565,11140205
dual_pivot_parallel_8,ORGAN_PIPE,1000000,44920728,5804426,14227532
dual_pivot_parallel_8,ORGAN_PIPE,1258925,58113589,7457180,18124611
dual_pivot_parallel_8,ORGAN_PIPE,1584893,74375150,9558555,22997250
dual_pivot_parallel_8,ORGAN_PIPE,1995262,95453702,12199349,29161604
dual_pivot_parallel_8,ORGAN_PIPE,2511886,123402084,15524372,37358944
dual_pivot_parallel_8,ORGAN_PIPE,3162277,157401497,19913353,47394904
dual_pivot_parallel_8,ORGAN_PIPE,3981071,201850814,25294692,60317611
dual_pivot_parallel_8,ORGAN_PIPE,5011872,259048032,32335521,76829303
dual_pivot_parallel_8,ORGAN_PIPE,6309573,331840777,41381874,97273705
dual_pivot_parallel_8,ORGAN_PIPE,7943282,425212220,52695646,123795121
dual_pivot_parallel_8,ORGAN_PIPE,10000000,543081155,67402594,157674904
dual_pivot_parallel_8,SAWTOOTH,1000,14605,1361,6843
dual_pivot_parallel_8,SAWTOOTH,1259,22685,1744,11501
dual_pivot_parallel_8,SAWTOOTH,1585,26433,2909,11596
dual_pivot_parallel_8,SAWTOOTH,1995,35168,3404,16214
dual_pivot_parallel_8,SAWTOOTH,2512,52223,4935,21950
dual_pivot_parallel_8,SAWTOOTH,3162,68548,6060,28974
dual_pivot_parallel_8,SAWTOOTH,3981,80208,7850,34326
dual_pivot_parallel_8,SAWTOOTH,5012,106920,10722,42326
dual_pivot_parallel_8,SAWTOOTH,6310,135038,14259,58740
dual_pivot_parallel_8,SAWTOOTH,7943,173641,18944,76843
dual_pivot_parallel_8,SAWTOOTH,10000,238385,22078,94012
dual_pivot_parallel_8,SAWTOOTH,12589,317420,29875,122620
dual_pivot_parallel_8,SAWTOOTH,15849,386812,40770,153528
dual_pivot_parallel_8,SAWTOOTH,19953,515572,52804,204474
dual_pivot_parallel_8,SAWTOOTH,25119,670553,66326,249168
dual_pivot_parallel_8,SAWTOOTH,31623,848504,85715,324070
dual_pivot_parallel_8,SAWTOOTH,39811,1099052,113736,413058
dual_pivot_parallel_8,SAWTOOTH,50119,1438732,144505,539464
dual_pivot_parallel_8,SAWTOOTH,63096,1803198,192181,667401
dual_pivot_parallel_8,SAWTOOTH,79433,2356679,238708,847393
dual_pivot_parallel_8,SAWTOOTH,100000,3004744,313851,1102009
dual_pivot_parallel_8,SAWTOOTH,125893,3947579,400976,1388161
dual_pivot_parallel_8,SAWTOOTH,158489,5076478,539376,1794940
dual_pivot_parallel_8,SAWTOOTH,199526,6498641,663070,2258962
dual_pivot_parallel_8,SAWTOOTH,251189,8179088,888131,2863805
dual_pivot_parallel_8,SAWTOOTH,316228,10674701,1111729,3633911
dual_pivot_parallel_8,SAWTOOTH,398107,13882604,1460936,4720381
dual_pivot_parallel_8,SAWTOOTH,501187,17693969,1870321,5901513
dual_pivot_parallel_8,SAWTOOTH,630957,22798347,2357662,7556810
dual_pivot_parallel_8,SAWTOOTH,794328,28712342,3114385,9544274
dual_pivot_parallel_8,SAWTOOTH,1000000,37782426,3946803,12275271
dual_pivot_parallel_8,SAWTOOTH,1258925,48744010,5094615,15739680
dual_pivot_parallel_8,SAWTOOTH,1584893,61396999,6564349,19785011
dual_pivot_parallel_8,SAWTOOTH,1995262,80801320,8345470,25441259
dual_pivot_parallel_8,SAWTOOTH,2511886,99918965,10836199,31958988
dual_pivot_parallel_8,SAWTOOTH,3162277,127766857,14039040,40447605
dual_pivot_parallel_8,SAWTOOTH,3981071,169874790,17537663,52582533
dual_pivot_parallel_8,SAWTOOTH,5011872,218534615,22474224,66919175
dual_pivot_parallel_8,SAWTOOTH,6309573,278073178,28501579,84957407
dual_pivot_parallel_8,SAWTOOTH,7943282,356927167,36648867,108189464
dual_pivot_parallel_8,SAWTOOTH,10000000,458446793,47395183,137976302
dual_pivot_parallel_16,RANDOM,1000,17705,1160,10201
dual_pivot_parallel_16,RANDOM,1259,19650,1703,10908
dual_pivot_parallel_16,RANDOM,1585,27857,2301,14460
dual_pivot_parallel_16,RANDOM,1995,34004,3397,17446
dual_pivot_parallel_16,RANDOM,2512,53163,4683,24420
dual_pivot_parallel_16,RANDOM,3162,63559,5003,32068
dual_pivot_parallel_16,RANDOM,3981,80638,7132,39885
dual_pivot_parallel_16,RANDOM,5012,112974,9009,53472
dual_pivot_parallel_16,RANDOM,6310,139901,11182,67996
dual_pivot_parallel_16,RANDOM,7943,189695,15654,86173
dual_pivot_parallel_16,RANDOM,10000,222088,23401,104763
dual_pivot_parallel_16,RANDOM,12589,309473,26937,143461
dual_pivot_parallel_16,RANDOM,15849,397007,36471,170499
dual_pivot_parallel_16,RANDOM,19953,516529,49963,230868
dual_pivot_parallel_16,RANDOM,25119,639231,64614,289691
dual_pivot_parallel_16,RANDOM,31623,799067,85662,359898
dual_pivot_parallel_16,RANDOM,39811,1123007,101306,478514
dual_pivot_parallel_16,RANDOM,50119,1383254,132765,601948
dual_pivot_parallel_16,RANDOM,63096,2044678,168835,805600
dual_pivot_parallel_16,RANDOM,79433,2337503,226697,961192
dual_pivot_parallel_16,RANDOM,100000,3075291,307000,1252045
dual_pivot_parallel_16,RANDOM,125893,3779881,393112,1559047
dual_pivot_parallel_16,RANDOM,158489,4959065,500752,2007552
dual_pivot_parallel_16,RANDOM,199526,6293851,674449,2542616
dual_pivot_parallel_16,RANDOM,251189,8256026,851858,3223637
dual_pivot_parallel_16,RANDOM,316228,10071736,1173831,4038694
dual_pivot_parallel_16,RANDOM,398107,13792085,1383876,5298839
dual_pivot_parallel_16,RANDOM,501187,16872604,1804798,6564800
dual_pivot_parallel_16,RANDOM,630957,23419004,2342374,8767964
dual_pivot_parallel_16,RANDOM,794328,28032881,3064041,10635208
dual_pivot_parallel_16,RANDOM,1000000,40680788,3594066,14410781
dual_pivot_parallel_16,RANDOM,1258925,47419753,4781743,17497909
dual_pivot_parallel_16,RANDOM,1584893,59958479,6336903,22118274
dual_pivot_parallel_16,RANDOM,1995262,76225570,8417038,27987609
dual_pivot_parallel_16,RANDOM,2511886,100499625,10684551,36373718
dual_pivot_parallel_16,RANDOM,3162277,135052742,13295181,47064725
dual_pivot_parallel_16,RANDOM,3981071,160573688,17033368,57511297
dual_pivot_parallel_16,RANDOM,5011872,216805767,21549393,75206659
dual_pivot_parallel_16,RANDOM,6309573,274960912,27919140,95493846
dual_pivot_parallel_16,RANDOM,7943282,340205848,36875546,119224534
dual_pivot_parallel_16,RANDOM,10000000,435165404,46871189,151274532
dual_pivot_parallel_16,NEARLY_SORTED,1000,9568,1381,5719
dual_pivot_parallel_16,NEARLY_SORTED,1259,12037,1576,6652
dual_pivot_parallel_16,NEARLY_SORTED,1585,17001,2265,9323
dual_pivot_parallel_16,NEARLY_SORTED,1995,22339,2992,11989
dual_pivot_parallel_16,NEARLY_SORTED,2512,30356,4332,16434
dual_pivot_parallel_16,NEARLY_SORTED,3162,41140,5941,22116
dual_pivot_parallel_16,NEARLY_SORTED,3981,54169,8163,28952
dual_pivot_parallel_16,NEARLY_SORTED,5012,68452,9809,36187
dual_pivot_parallel_16,NEARLY_SORTED,6310,90158,11991,47894
dual_pivot_parallel_16,NEARLY_SORTED,7943,119439,16592,60522
dual_pivot_parallel_16,NEARLY_SORTED,10000,155645,23676,77377
dual_pivot_parallel_16,NEARLY_SORTED,12589,211463,30566,103246
dual_pivot_parallel_16,NEARLY_SORTED,15849,274428,38955,138419
dual_pivot_parallel_16,NEARLY_SORTED,19953,345684,50663,162471
dual_pivot_parallel_16,NEARLY_SORTED,25119,449117,64217,204319
dual_pivot_parallel_16,NEARLY_SORTED,31623,577436,79066,274563
dual_pivot_parallel_16,NEARLY_SORTED,39811,766153,122281,356730
dual_pivot_parallel_16,NEARLY_SORTED,50119,1001198,148915,458754
dual_pivot_parallel_16,NEARLY_SORTED,63096,1307819,197232,571913
dual_pivot_parallel_16,NEARLY_SORTED,79433,1697971,263833,741409
dual_pivot_parallel_16,NEARLY_SORTED,100000,2166185,330857,923912
dual_pivot_parallel_16,NEARLY_SORTED,125893,2865119,428822,1206367
dual_pivot_parallel_16,NEARLY_SORTED,158489,3571376,534077,1464953
dual_pivot_parallel_16,NEARLY_SORTED,199526,4727969,738686,1947972
dual_pivot_parallel_16,NEARLY_SORTED,251189,6020654,919374,2444844
dual_pivot_parallel_16,NEARLY_SORTED,316228,7734517,1230657,3090002
dual_pivot_parallel_16,NEARLY_SORTED,398107,10004070,1587858,3949946
dual_pivot_parallel_16,NEARLY_SORTED,501187,12990836,2060354,5066691
dual_pivot_parallel_16,NEARLY_SORTED,630957,16563196,2557926,6415764
dual_pivot_parallel_16,NEARLY_SORTED,794328,21526833,3478355,8242289
dual_pivot_parallel_16,NEARLY_SORTED,1000000,27632549,4382214,10423888
dual_pivot_parallel_16,NEARLY_SORTED,1258925,35359225,5599406,13331704
dual_pivot_parallel_16,NEARLY_SORTED,1584893,47454757,6913468,17078181
dual_pivot_parallel_16,NEARLY_SORTED,1995262,58198900,9341147,21503253
dual_pivot_parallel_16,NEARLY_SORTED,2511886,75311037,11579260,27463893
dual_pivot_parallel_16,NEARLY_SORTED,3162277,95337058,15154726,35011193
dual_pivot_parallel_16,NEARLY_SORTED,3981071,123896945,18356380,44326313
dual_pivot_parallel_16,NEARLY_SORTED,5011872,157992029,25300713,56615799
dual_pivot_parallel_16,NEARLY_SORTED,6309573,201233361,32256477,71809752
dual_pivot_parallel_16,NEARLY_SORTED,7943282,256746213,41388077,91202791
dual_pivot_parallel_16,NEARLY_SORTED,10000000,334301124,53393597,116689218
dual_pivot_parallel_16,REVERSE_SORTED,1000,6908,1704,2150
dual_pivot_parallel_16,REVERSE_SORTED,1259,8965,2103,2882
dual_pivot_parallel_16,REVERSE_SORTED,1585,10665,2974,2009
dual_pivot_parallel_16,REVERSE_SORTED,1995,13478,3706,2507
dual_pivot_parallel_16,REVERSE_SORTED,2512,18329,5106,3280
dual_pivot_parallel_16,REVERSE_SORTED,3162,23022,6390,3985
dual_pivot_parallel_16,REVERSE_SORTED,3981,30438,8202,5514
dual_pivot_parallel_16,REVERSE_SORTED,5012,39908,10932,6739
dual_pivot_parallel_16,REVERSE_SORTED,6310,49606,13775,6992
dual_pivot_parallel_16,REVERSE_SORTED,7943,66462,18657,8872
dual_pivot_parallel_16,REVERSE_SORTED,10000,83669,23367,11158
dual_pivot_parallel_16,REVERSE_SORTED,12589,108081,30387,13600
dual_pivot_parallel_16,REVERSE_SORTED,15849,141962,39757,18118
dual_pivot_parallel_16,REVERSE_SORTED,19953,183562,51501,22264
dual_pivot_parallel_16,REVERSE_SORTED,25119,239636,66999,29829
dual_pivot_parallel_16,REVERSE_SORTED,31623,309022,86974,33043
dual_pivot_parallel_16,REVERSE_SORTED,39811,398126,113138,43427
dual_pivot_parallel_16,REVERSE_SORTED,50119,507108,143608,53394
dual_pivot_parallel_16,REVERSE_SORTED,63096,665711,190120,69191
dual_pivot_parallel_16,REVERSE_SORTED,79433,844005,238314,82934
dual_pivot_parallel_16,REVERSE_SORTED,100000,1092881,311808,108473
dual_pivot_parallel_16,REVERSE_SORTED,125893,1406332,398217,129916
dual_pivot_parallel_16,REVERSE_SORTED,158489,1807291,518243,166621
dual_pivot_parallel_16,REVERSE_SORTED,199526,2341939,666367,213328
dual_pivot_parallel_16,REVERSE_SORTED,251189,3018454,868949,266384
dual_pivot_parallel_16,REVERSE_SORTED,316228,3881398,1106217,333719
dual_pivot_parallel_16,REVERSE_SORTED,398107,4942830,1417423,414001
dual_pivot_parallel_16,REVERSE_SORTED,501187,6427613,1836584,531883
dual_pivot_parallel_16,REVERSE_SORTED,630957,8077397,2322706,638241
dual_pivot_parallel_16,REVERSE_SORTED,794328,10546904,3020454,844429
dual_pivot_parallel_16,REVERSE_SORTED,1000000,13341875,3839626,1007076
dual_pivot_parallel_16,REVERSE_SORTED,1258925,17399086,4997162,1342018
dual_pivot_parallel_16,REVERSE_SORTED,1584893,22127765,6367326,1614508
dual_pivot_parallel_16,REVERSE_SORTED,1995262,28703377,8260345,2120417
dual_pivot_parallel_16,REVERSE_SORTED,2511886,36406334,10466025,2552598
dual_pivot_parallel_16,REVERSE_SORTED,3162277,46719835,13464165,3303674
dual_pivot_parallel_16,REVERSE_SORTED,3981071,59711975,17225829,4027970
dual_pivot_parallel_16,REVERSE_SORTED,5011872,75922017,21885081,5101012
dual_pivot_parallel_16,REVERSE_SORTED,6309573,97908162,28232771,6319844
dual_pivot_parallel_16,REVERSE_SORTED,7943282,125087259,36125693,8161096
dual_pivot_parallel_16,REVERSE_SORTED,10000000,161607461,46574002,10301613
dual_pivot_parallel_16,MANY_DUPLICATES_10,1000,16979,1504,7115
dual_pivot_parallel_16,MANY_DUPLICATES_10,1259,20047,1934,10193
dual_pivot_parallel_16,MANY_DUPLICATES_10,1585,26313,3112,11158
dual_pivot_parallel_16,MANY_DUPLICATES_10,1995,29727,4123,14600
dual_pivot_parallel_16,MANY_DUPLICATES_10,2512,49666,5120,20804
dual_pivot_parallel_16,MANY_DUPLICATES_10,3162,58157,7071,26339
dual_pivot_parallel_16,MANY_DUPLICATES_10,3981,77104,8868,34478
dual_pivot_parallel_16,MANY_DUPLICATES_10,5012,106935,11966,47036
dual_pivot_parallel_16,MANY_DUPLICATES_10,6310,133341,13914,60050
dual_pivot_parallel_16,MANY_DUPLICATES_10,7943,164851,20066,72350
dual_pivot_parallel_16,MANY_DUPLICATES_10,10000,230587,24495,99583
dual_pivot_parallel_16,MANY_DUPLICATES_10,12589,273119,32353,119353
dual_pivot_parallel_16,MANY_DUPLICATES_10,15849,369513,42815,152256
dual_pivot_parallel_16,MANY_DUPLICATES_10,19953,509741,54265,200544
dual_pivot_parallel_16,MANY_DUPLICATES_10,25119,627235,70034,253326
dual_pivot_parallel_16,MANY_DUPLICATES_10,31623,810358,88367,319307
dual_pivot_parallel_16,MANY_DUPLICATES_10,39811,1022907,114081,407665
dual_pivot_parallel_16,MANY_DUPLICATES_10,50119,1387191,146071,532036
dual_pivot_parallel_16,MANY_DUPLICATES_10,63096,1894148,188559,700045
dual_pivot_parallel_16,MANY_DUPLICATES_10,79433,2280440,245409,842663
dual_pivot_parallel_16,MANY_DUPLICATES_10,100000,2796300,326554,1060059
dual_pivot_parallel_16,MANY_DUPLICATES_10,125893,3498224,441675,1356167
dual_pivot_parallel_16,MANY_DUPLICATES_10,158489,4776509,532167,1748764
dual_pivot_parallel_16,MANY_DUPLICATES_10,199526,6066684,756231,2228561
dual_pivot_parallel_16,MANY_DUPLICATES_10,251189,7654985,1016729,2825713
dual_pivot_parallel_16,MANY_DUPLICATES_10,316228,11391099,1137511,3922026
dual_pivot_parallel_16,MANY_DUPLICATES_10,398107,12952792,1596138,4703807
dual_pivot_parallel_16,MANY_DUPLICATES_10,501187,16980504,1918966,5996327
dual_pivot_parallel_16,MANY_DUPLICATES_10,630957,22880008,2473626,7817903
dual_pivot_parallel_16,MANY_DUPLICATES_10,794328,26943881,3340472,9523012
dual_pivot_parallel_16,MANY_DUPLICATES_10,1000000,33962556,4599442,12104688
dual_pivot_parallel_16,MANY_DUPLICATES_10,1258925,47254343,5200780,16045297
dual_pivot_parallel_16,MANY_DUPLICATES_10,1584893,57306843,6849962,19736240
dual_pivot_parallel_16,MANY_DUPLICATES_10,1995262,76222534,8404002,25629740
dual_pivot_parallel_16,MANY_DUPLICATES_10,2511886,95735445,11859398,32517040
dual_pivot_parallel_16,MANY_DUPLICATES_10,3162277,127538400,13779744,42200300
dual_pivot_parallel_16,MANY_DUPLICATES_10,3981071,161408159,18334007,53494517
dual_pivot_parallel_16,MANY_DUPLICATES_10,5011872,209303092,23431148,68452715
dual_pivot_parallel_16,MANY_DUPLICATES_10,6309573,263514758,30604519,86402508
dual_pivot_parallel_16,MANY_DUPLICATES_10,7943282,330976018,40412240,108771689
dual_pivot_parallel_16,MANY_DUPLICATES_10,10000000,415864271,51477318,136742297
dual_pivot_parallel_16,MANY_DUPLICATES_50,1000,19166,1360,9365
dual_pivot_parallel_16,MANY_DUPLICATES_50,1259,19580,1832,10880
dual_pivot_parallel_16,MANY_DUPLICATES_50,1585,29948,2260,16284
dual_pivot_parallel_16,MANY_DUPLICATES_50,1995,33785,3565,18330
dual_pivot_parallel_16,MANY_DUPLICATES_50,2512,53196,3936,27411
dual_pivot_parallel_16,MANY_DUPLICATES_50,3162,67680,5229,31297
dual_pivot_parallel_16,MANY_DUPLICATES_50,3981,81912,7472,39369
dual_pivot_parallel_16,MANY_DUPLICATES_50,5012,114570,8846,53249
dual_pivot_parallel_16,MANY_DUPLICATES_50,6310,135881,12864,65499
dual_pivot_parallel_16,MANY_DUPLICATES_50,7943,184890,15772,85043
dual_pivot_parallel_16,MANY_DUPLICATES_50,10000,226365,23853,110111
dual_pivot_parallel_16,MANY_DUPLICATES_50,12589,302017,28924,146056
dual_pivot_parallel_16,MANY_DUPLICATES_50,15849,406446,36807,177057
dual_pivot_parallel_16,MANY_DUPLICATES_50,19953,514798,50259,230499
dual_pivot_parallel_16,MANY_DUPLICATES_50,25119,657517,63939,297618
dual_pivot_parallel_16,MANY_DUPLICATES_50,31623,830112,81629,367025
dual_pivot_parallel_16,MANY_DUPLICATES_50,39811,1020766,112064,449037
dual_pivot_parallel_16,MANY_DUPLICATES_50,50119,1403817,138470,590303
dual_pivot_parallel_16,MANY_DUPLICATES_50,63096,1983136,164484,790562
dual_pivot_parallel_16,MANY_DUPLICATES_50,79433,2362055,227202,969363
dual_pivot_parallel_16,MANY_DUPLICATES_50,100000,3003677,290778,1227118
dual_pivot_parallel_16,MANY_DUPLICATES_50,125893,3838977,388801,1551610
dual_pivot_parallel_16,MANY_DUPLICATES_50,158489,5114152,500946,2033353
dual_pivot_parallel_16,MANY_DUPLICATES_50,199526,6394367,674782,2528165
dual_pivot_parallel_16,MANY_DUPLICATES_50,251189,8311828,847534,3217788
dual_pivot_parallel_16,MANY_DUPLICATES_50,316228,10678353,1062298,4088451
dual_pivot_parallel_16,MANY_DUPLICATES_50,398107,13519915,1423876,5167828
dual_pivot_parallel_16,MANY_DUPLICATES_50,501187,18499658,1691303,6739611
dual_pivot_parallel_16,MANY_DUPLICATES_50,630957,21910921,2365851,8345242
dual_pivot_parallel_16,MANY_DUPLICATES_50,794328,29562959,2939429,10872217
dual_pivot_parallel_16,MANY_DUPLICATES_50,1000000,38013082,3803207,13902748
dual_pivot_parallel_16,MANY_DUPLICATES_50,1258925,50727686,4655148,17931281
dual_pivot_parallel_16,MANY_DUPLICATES_50,1584893,58454680,6510396,21721300
dual_pivot_parallel_16,MANY_DUPLICATES_50,1995262,78273730,8148006,28320548
dual_pivot_parallel_16,MANY_DUPLICATES_50,2511886,101728310,10751937,36144175
dual_pivot_parallel_16,MANY_DUPLICATES_50,3162277,125900599,13725272,45027959
dual_pivot_parallel_16,MANY_DUPLICATES_50,3981071,157882204,18295722,56971141
dual_pivot_parallel_16,MANY_DUPLICATES_50,5011872,209742337,21950643,73377578
dual_pivot_parallel_16,MANY_DUPLICATES_50,6309573,261144520,28326010,92101192
dual_pivot_parallel_16,MANY_DUPLICATES_50,7943282,344419376,36012852,119362546
dual_pivot_parallel_16,MANY_DUPLICATES_50,10000000,433163522,47014902,149860000
dual_pivot_parallel_16,MANY_DUPLICATES_90,1000,16169,1267,8982
dual_pivot_parallel_16,MANY_DUPLICATES_90,1259,20342,1636,11302
dual_pivot_parallel_16,MANY_DUPLICATES_90,1585,28220,2106,15073
dual_pivot_parallel_16,MANY_DUPLICATES_90,1995,35445,3377,17380
dual_pivot_parallel_16,MANY_DUPLICATES_90,2512,57864,3837,26652
dual_pivot_parallel_16,MANY_DUPLICATES_90,3162,63807,5141,31239
dual_pivot_parallel_16,MANY_DUPLICATES_90,3981,83570,6670,41093
dual_pivot_parallel_16,MANY_DUPLICATES_90,5012,116076,9410,53847
dual_pivot_parallel_16,MANY_DUPLICATES_90,6310,137249,11923,69117
dual_pivot_parallel_16,MANY_DUPLICATES_90,7943,185199,16075,90892
dual_pivot_parallel_16,MANY_DUPLICATES_90,10000,223661,23481,105883
dual_pivot_parallel_16,MANY_DUPLICATES_90,12589,300602,28663,139004
dual_pivot_parallel_16,MANY_DUPLICATES_90,15849,396167,37594,177043
dual_pivot_parallel_16,MANY_DUPLICATES_90,19953,523054,50430,233247
dual_pivot_parallel_16,MANY_DUPLICATES_90,25119,646184,64796,289919
dual_pivot_parallel_16,MANY_DUPLICATES_90,31623,815308,80917,359642
dual_pivot_parallel_16,MANY_DUPLICATES_90,39811,1065289,105340,468433
dual_pivot_parallel_16,MANY_DUPLICATES_90,50119,1396017,134934,597984
dual_pivot_parallel_16,MANY_DUPLICATES_90,63096,1868535,173229,768697
dual_pivot_parallel_16,MANY_DUPLICATES_90,79433,2310527,237511,970595
dual_pivot_parallel_16,MANY_DUPLICATES_90,100000,2965793,307362,1222055
dual_pivot_parallel_16,MANY_DUPLICATES_90,125893,3923792,455533,1590385
dual_pivot_parallel_16,MANY_DUPLICATES_90,158489,4913626,519451,1995790
dual_pivot_parallel_16,MANY_DUPLICATES_90,199526,6668933,630913,2584389
dual_pivot_parallel_16,MANY_DUPLICATES_90,251189,8063717,852841,3206850
dual_pivot_parallel_16,MANY_DUPLICATES_90,316228,10817617,1027265,4166393
dual_pivot_parallel_16,MANY_DUPLICATES_90,398107,13948861,1375532,5289917
dual_pivot_parallel_16,MANY_DUPLICATES_90,501187,16999325,1855808,6615136
dual_pivot_parallel_16,MANY_DUPLICATES_90,630957,22983675,2267254,8556617
dual_pivot_parallel_16,MANY_DUPLICATES_90,794328,29506836,2961227,10940523
dual_pivot_parallel_16,MANY_DUPLICATES_90,1000000,37288654,3855107,13826072
dual_pivot_parallel_16,MANY_DUPLICATES_90,1258925,46317240,5058151,17275484
dual_pivot_parallel_16,MANY_DUPLICATES_90,1584893,58290658,6767570,21815542
dual_pivot_parallel_16,MANY_DUPLICATES_90,1995262,76967774,8191653,28306043
dual_pivot_parallel_16,MANY_DUPLICATES_90,2511886,100170864,10221118,36059960
dual_pivot_parallel_16,MANY_DUPLICATES_90,3162277,122858797,14038399,44881018
dual_pivot_parallel_16,MANY_DUPLICATES_90,3981071,161397649,17610758,57849677
dual_pivot_parallel_16,MANY_DUPLICATES_90,5011872,204321486,22937461,73272487
dual_pivot_parallel_16,MANY_DUPLICATES_90,6309573,278559096,28270481,95857556
dual_pivot_parallel_16,MANY_DUPLICATES_90,7943282,351487659,35130034,120761779
dual_pivot_parallel_16,MANY_DUPLICATES_90,10000000,456098935,46291731,155554101
dual_pivot_parallel_16,ORGAN_PIPE,1000,17409,3010,9145
dual_pivot_parallel_16,ORGAN_PIPE,1259,22655,4221,11229
dual_pivot_parallel_16,ORGAN_PIPE,1585,28778,5307,13711
dual_pivot_parallel_16,ORGAN_PIPE,1995,40277,7142,17873
dual_pivot_parallel_16,ORGAN_PIPE,2512,54255,9072,24246
dual_pivot_parallel_16,ORGAN_PIPE,3162,71270,11826,30865
dual_pivot_parallel_16,ORGAN_PIPE,3981,91053,14996,37640
dual_pivot_parallel_16,ORGAN_PIPE,5012,118136,19930,50192
dual_pivot_parallel_16,ORGAN_PIPE,6310,161118,24832,70934
dual_pivot_parallel_16,ORGAN_PIPE,7943,198378,31766,82354
dual_pivot_parallel_16,ORGAN_PIPE,10000,267547,41408,109981
dual_pivot_parallel_16,ORGAN_PIPE,12589,346625,54019,144254
dual_pivot_parallel_16,ORGAN_PIPE,15849,443936,69660,176716
dual_pivot_parallel_16,ORGAN_PIPE,19953,573581,92318,231367
dual_pivot_parallel_16,ORGAN_PIPE,25119,760220,112081,293300
dual_pivot_parallel_16,ORGAN_PIPE,31623,980084,147027,380105
dual_pivot_parallel_16,ORGAN_PIPE,39811,1247988,189371,468412
dual_pivot_parallel_16,ORGAN_PIPE,50119,1700286,235357,625364
dual_pivot_parallel_16,ORGAN_PIPE,63096,2106905,314845,763915
dual_pivot_parallel_16,ORGAN_PIPE,79433,2762404,392067,1001293
dual_pivot_parallel_16,ORGAN_PIPE,100000,3602451,502135,1264139
dual_pivot_parallel_16,ORGAN_PIPE,125893,4654284,636542,1591518
dual_pivot_parallel_16,ORGAN_PIPE,158489,5959623,821612,2053777
dual_pivot_parallel_16,ORGAN_PIPE,199526,7680166,1035071,2605726
dual_pivot_parallel_16,ORGAN_PIPE,251189,9980871,1323007,3327462
dual_pivot_parallel_16,ORGAN_PIPE,316228,12752589,1703932,4207848
dual_pivot_parallel_16,ORGAN_PIPE,398107,16570175,2176711,5457643
dual_pivot_parallel_16,ORGAN_PIPE,501187,21154336,2768097,6812387
dual_pivot_parallel_16,ORGAN_PIPE,630957,27344471,3569412,8801277
dual_pivot_parallel_16,ORGAN_PIPE,794328,35004895,4592565,11140205
dual_pivot_parallel_16,ORGAN_PIPE,1000000,44920728,5804426,14227532
dual_pivot_parallel_16,ORGAN_PIPE,1258925,58113589,7457180,18124611
dual_pivot_parallel_16,ORGAN_PIPE,1584893,74375150,9558555,22997250
dual_pivot_parallel_16,ORGAN_PIPE,1995262,95453702,12199349,29161604
dual_pivot_parallel_16,ORGAN_PIPE,2511886,123402084,15524372,37358944
dual_pivot_parallel_16,ORGAN_PIPE,3162277,157401497,19913353,47394904
dual_pivot_parallel_16,ORGAN_PIPE,3981071,201850814,25294692,60317611
dual_pivot_parallel_16,ORGAN_PIPE,5011872,259048032,32335521,76829303
dual_pivot_parallel_16,ORGAN_PIPE,6309573,331840777,41381874,97273705
dual_pivot_parallel_16,ORGAN_PIPE,7943282,425212220,52695646,123795121
dual_pivot_parallel_16,ORGAN_PIPE,10000000,543081155,67402594,157674904
dual_pivot_parallel_16,SAWTOOTH,1000,14605,1361,6843
dual_pivot_parallel_16,SAWTOOTH,1259,22685,1744,11501
dual_pivot_parallel_16,SAWTOOTH,1585,26433,2909,11596
dual_pivot_parallel_16,SAWTOOTH,1995,35168,3404,16214
dual_pivot_parallel_16,SAWTOOTH,2512,52223,4935,21950
dual_pivot_parallel_16,SAWTOOTH,3162,68548,6060,28974
dual_pivot_parallel_16,SAWTOOTH,3981,80208,7850,34326
dual_pivot_parallel_16,SAWTOOTH,5012,106920,10722,42326
dual_pivot_parallel_16,SAWTOOTH,6310,135038,14259,58740
dual_pivot_parallel_16,SAWTOOTH,7943,173641,18944,76853
dual_pivot_parallel_16,SAWTOOTH,10000,238385,22078,94012
dual_pivot_parallel_16,SAWTOOTH,12589,317500,29839,122777
dual_pivot_parallel_16,SAWTOOTH,15849,386892,40734,153685
dual_pivot_parallel_16,SAWTOOTH,19953,515572,52804,204484
dual_pivot_parallel_16,SAWTOOTH,25119,670633,66290,249325
dual_pivot_parallel_16,SAWTOOTH,31623,848504,85715,324080
dual_pivot_parallel_16,SAWTOOTH,39811,1099052,113736,413058
dual_pivot_parallel_16,SAWTOOTH,50119,1438812,144469,539621
dual_pivot_parallel_16,SAWTOOTH,63096,1803187,192181,667411
dual_pivot_parallel_16,SAWTOOTH,79433,2356679,238708,847403
dual_pivot_parallel_16,SAWTOOTH,100000,3004744,313851,1102009
dual_pivot_parallel_16,SAWTOOTH,125893,3947579,400976,1388171
dual_pivot_parallel_16,SAWTOOTH,158489,5076558,539340,1795097
dual_pivot_parallel_16,SAWTOOTH,199526,6498630,663070,2258972
dual_pivot_parallel_16,SAWTOOTH,251189,8179168,888095,2863962
dual_pivot_parallel_16,SAWTOOTH,316228,10674600,1111729,3633816
dual_pivot_parallel_16,SAWTOOTH,398107,13882503,1460936,4720286
dual_pivot_parallel_16,SAWTOOTH,501187,17693868,1870321,5901418
dual_pivot_parallel_16,SAWTOOTH,630957,22798246,2357662,7556715
dual_pivot_parallel_16,SAWTOOTH,794328,28712241,3114385,9544179
dual_pivot_parallel_16,SAWTOOTH,1000000,37782426,3946803,12275271
dual_pivot_parallel_16,SAWTOOTH,1258925,48743999,5094615,15739690
dual_pivot_parallel_16,SAWTOOTH,1584893,61396999,6564349,19785021
dual_pivot_parallel_16,SAWTOOTH,1995262,80801320,8345470,25441259
dual_pivot_parallel_16,SAWTOOTH,2511886,99918954,10836199,31958998
dual_pivot_parallel_16,SAWTOOTH,3162277,127766756,14039040,40447510
dual_pivot_parallel_16,SAWTOOTH,3981071,169874790,17537663,52582533
dual_pivot_parallel_16,SAWTOOTH,5011872,218534615,22474224,66919175
dual_pivot_parallel_16,SAWTOOTH,6309573,278073178,28501579,84957417
dual_pivot_parallel_16,SAWTOOTH,7943282,356927167,36648867,108189464
dual_pivot_parallel_16,SAWTOOTH,10000000,458446793,47395183,137976302
std_sort,RANDOM,125893,2650542,411020,560163
std_sort,RANDOM,158489,3259997,532609,706044
std_sort,RANDOM,199526,4324079,679747,891406
std_sort,RANDOM,251189,5292338,885340,1118442
std_sort,RANDOM,316228,6864741,1142100,1408285
std_sort,RANDOM,398107,8768270,1466700,1774598
std_sort,RANDOM,501187,11551726,1879903,2237677
std_sort,RANDOM,630957,14291748,2433799,2811406
std_sort,RANDOM,794328,18880736,3088383,3547391
std_sort,RANDOM,1000000,23458498,4011235,4460617
std_sort,RANDOM,1258925,30279074,5131087,5616463
std_sort,RANDOM,1584893,39336938,6547575,7071091
std_sort,RANDOM,1995262,49991777,8430369,8909181
std_sort,RANDOM,2511886,64768254,10755252,11198393
std_sort,RANDOM,3162277,82152000,13830765,14105846
std_sort,RANDOM,3981071,104038479,17782125,17766563
std_sort,RANDOM,5011872,135932765,22674467,22355640
std_sort,RANDOM,6309573,169163259,29212100,28151088
std_sort,RANDOM,7943282,216221259,37390461,35429351
std_sort,RANDOM,10000000,281706951,47611405,44611533
std_sort,NEARLY_SORTED,125893,2468987,88687,390346
std_sort,NEARLY_SORTED,158489,3296262,114364,493214
std_sort,NEARLY_SORTED,199526,4095436,146027,618993
std_sort,NEARLY_SORTED,251189,5266966,189539,781077
std_sort,NEARLY_SORTED,316228,6826710,242753,983469
std_sort,NEARLY_SORTED,398107,8746110,311978,1236642
std_sort,NEARLY_SORTED,501187,11210979,400122,1555386
std_sort,NEARLY_SORTED,630957,14778993,512850,1958167
std_sort,NEARLY_SORTED,794328,18877700,657057,2464957
std_sort,NEARLY_SORTED,1000000,24077606,840914,3101244
std_sort,NEARLY_SORTED,1258925,31296405,1080411,3905247
std_sort,NEARLY_SORTED,1584893,40528001,1381097,4919310
std_sort,NEARLY_SORTED,1995262,50392558,1765934,6193448
std_sort,NEARLY_SORTED,2511886,64930473,2259248,7799458
std_sort,NEARLY_SORTED,3162277,83547184,2895651,9812334
std_sort,NEARLY_SORTED,3981071,106784442,3701628,12361295
std_sort,NEARLY_SORTED,5011872,137210912,4736768,15557687
std_sort,NEARLY_SORTED,6309573,174793927,6037841,19579144
std_sort,NEARLY_SORTED,7943282,224664238,7739006,24664080
std_sort,NEARLY_SORTED,10000000,287087095,9866951,31042837
std_sort,REVERSE_SORTED,125893,1904789,71137,369485
std_sort,REVERSE_SORTED,158489,2568602,95627,459081
std_sort,REVERSE_SORTED,199526,3225194,116145,582192
std_sort,REVERSE_SORTED,251189,4051802,141977,737181
std_sort,REVERSE_SORTED,316228,5441422,190880,915914
std_sort,REVERSE_SORTED,398107,6833365,231820,1161551
std_sort,REVERSE_SORTED,501187,8585725,283360,1470791
std_sort,REVERSE_SORTED,630957,11488308,381013,1827333
std_sort,REVERSE_SORTED,794328,14428986,462698,2317446
std_sort,REVERSE_SORTED,1000000,18131082,565534,2934462
std_sort,REVERSE_SORTED,1258925,24181729,760533,3645701
std_sort,REVERSE_SORTED,1584893,30375121,923517,4623605
std_sort,REVERSE_SORTED,1995262,38172132,1128701,5854712
std_sort,REVERSE_SORTED,2511886,50762018,1518085,7273512
std_sort,REVERSE_SORTED,3162277,63769838,1843281,9224685
std_sort,REVERSE_SORTED,3981071,80145718,2252678,11681067
std_sort,REVERSE_SORTED,5011872,106297898,3030222,14511326
std_sort,REVERSE_SORTED,6309573,133549619,3679073,18404429
std_sort,REVERSE_SORTED,7943282,167857508,4495927,23305556
std_sort,REVERSE_SORTED,10000000,222097162,6048574,28951422
std_sort,MANY_DUPLICATES_10,125893,2467631,431670,416303
std_sort,MANY_DUPLICATES_10,158489,3018331,559996,523795
std_sort,MANY_DUPLICATES_10,199526,3923309,716995,660967
std_sort,MANY_DUPLICATES_10,251189,5042201,928356,832287
std_sort,MANY_DUPLICATES_10,316228,6433685,1193063,1045760
std_sort,MANY_DUPLICATES_10,398107,8116285,1538023,1314909
std_sort,MANY_DUPLICATES_10,501187,10696269,1958628,1652211
std_sort,MANY_DUPLICATES_10,630957,13669095,2526319,2086177
std_sort,MANY_DUPLICATES_10,794328,17786540,3220020,2624843
std_sort,MANY_DUPLICATES_10,1000000,22154723,4185218,3301008
std_sort,MANY_DUPLICATES_10,1258925,28837307,5319815,4163224
std_sort,MANY_DUPLICATES_10,1584893,36905801,6831039,5239798
std_sort,MANY_DUPLICATES_10,1995262,49135825,8690388,6595639
std_sort,MANY_DUPLICATES_10,2511886,60444760,11215310,8301358
std_sort,MANY_DUPLICATES_10,3162277,76565876,14438126,10450652
std_sort,MANY_DUPLICATES_10,3981071,98671137,18469889,13157935
std_sort,MANY_DUPLICATES_10,5011872,126007446,23697527,16567032
std_sort,MANY_DUPLICATES_10,6309573,159900246,30357895,20863390
std_sort,MANY_DUPLICATES_10,7943282,205473562,38840130,26256410
std_sort,MANY_DUPLICATES_10,10000000,263118587,49505102,33049817
std_sort,MANY_DUPLICATES_50,125893,2475987,417980,536084
std_sort,MANY_DUPLICATES_50,158489,3212390,537710,675884
std_sort,MANY_DUPLICATES_50,199526,4191817,688661,846419
std_sort,MANY_DUPLICATES_50,251189,5435452,881633,1065830
std_sort,MANY_DUPLICATES_50,316228,6724069,1149706,1345638
std_sort,MANY_DUPLICATES_50,398107,8617858,1477692,1699418
std_sort,MANY_DUPLICATES_50,501187,11215933,1892750,2131016
std_sort,MANY_DUPLICATES_50,630957,14095294,2445829,2684571
std_sort,MANY_DUPLICATES_50,794328,18476628,3122769,3382854
std_sort,MANY_DUPLICATES_50,1000000,23538789,4017159,4258362
std_sort,MANY_DUPLICATES_50,1258925,30075466,5148010,5356758
std_sort,MANY_DUPLICATES_50,1584893,39041546,6578307,6747846
std_sort,MANY_DUPLICATES_50,1995262,48760907,8509825,8488194
std_sort,MANY_DUPLICATES_50,2511886,62929337,10893960,10696754
std_sort,MANY_DUPLICATES_50,3162277,81100495,13899970,13473424
std_sort,MANY_DUPLICATES_50,3981071,102428540,17890975,16952788
std_sort,MANY_DUPLICATES_50,5011872,130249115,23007529,21339297
std_sort,MANY_DUPLICATES_50,6309573,167565005,29363705,26854610
std_sort,MANY_DUPLICATES_50,7943282,215500158,37483096,33814760
std_sort,MANY_DUPLICATES_50,10000000,272047306,48174428,42552553
std_sort,MANY_DUPLICATES_90,125893,2538932,413422,559855
std_sort,MANY_DUPLICATES_90,158489,3216536,535432,703258
std_sort,MANY_DUPLICATES_90,199526,4115789,690655,885003
std_sort,MANY_DUPLICATES_90,251189,5343199,884522,1114507
std_sort,MANY_DUPLICATES_90,316228,6955301,1137225,1405338
std_sort,MANY_DUPLICATES_90,398107,8833418,1461942,1765772
std_sort,MANY_DUPLICATES_90,501187,11058373,1899593,2219411
std_sort,MANY_DUPLICATES_90,630957,14544742,2417939,2798858
std_sort,MANY_DUPLICATES_90,794328,18600929,3109176,3524595
std_sort,MANY_DUPLICATES_90,1000000,23241100,4023411,4437355
std_sort,MANY_DUPLICATES_90,1258925,30303627,5132608,5579101
std_sort,MANY_DUPLICATES_90,1584893,38280547,6618788,7038805
std_sort,MANY_DUPLICATES_90,1995262,50210307,8422627,8854477
std_sort,MANY_DUPLICATES_90,2511886,63869576,10815813,11141607
std_sort,MANY_DUPLICATES_90,3162277,81302672,13875361,14027392
std_sort,MANY_DUPLICATES_90,3981071,104334878,17782816,17657849
std_sort,MANY_DUPLICATES_90,5011872,132314707,22843360,22238011
std_sort,MANY_DUPLICATES_90,6309573,171379918,29166445,27992386
std_sort,MANY_DUPLICATES_90,7943282,217760746,37340677,35241369
std_sort,MANY_DUPLICATES_90,10000000,279109563,47735497,44376637
std_sort,ORGAN_PIPE,125893,5612542,171970,2426033
std_sort,ORGAN_PIPE,158489,7508327,203962,3178169
std_sort,ORGAN_PIPE,199526,9645378,214433,4202960
std_sort,ORGAN_PIPE,251189,12000426,343140,5142058
std_sort,ORGAN_PIPE,316228,16022300,394952,6756977
std_sort,ORGAN_PIPE,398107,20584491,403270,8931066
std_sort,ORGAN_PIPE,501187,25527098,669836,10843437
std_sort,ORGAN_PIPE,630957,34091715,757040,14352019
std_sort,ORGAN_PIPE,794328,43613457,763925,18763855
std_sort,ORGAN_PIPE,1000000,54113388,1302164,22828193
std_sort,ORGAN_PIPE,1258925,72103624,1477222,30217449
std_sort,ORGAN_PIPE,1584893,91662616,1619892,38914365
std_sort,ORGAN_PIPE,1995262,114202932,2553953,47810398
std_sort,ORGAN_PIPE,2511886,152312550,2787354,63743419
std_sort,ORGAN_PIPE,3162277,193815364,2862221,82328347
std_sort,ORGAN_PIPE,3981071,240837363,4873576,100425640
std_sort,ORGAN_PIPE,5011872,319205413,5525471,132482223
std_sort,ORGAN_PIPE,6309573,405190800,5842353,169983017
std_sort,ORGAN_PIPE,7943282,505236541,9592365,209182647
std_sort,ORGAN_PIPE,10000000,667396341,10779720,274775536
std_sort,SAWTOOTH,125893,3165043,421850,425932
std_sort,SAWTOOTH,158489,3838603,548204,520656
std_sort,SAWTOOTH,199526,5451783,695761,687793
std_sort,SAWTOOTH,251189,6913102,895132,851949
std_sort,SAWTOOTH,316228,8715134,1164927,1105003
std_sort,SAWTOOTH,398107,10781889,1512073,1306799
std_sort,SAWTOOTH,501187,14045366,1929528,1670579
std_sort,SAWTOOTH,630957,17950815,2474135,2069860
std_sort,SAWTOOTH,794328,23363874,3201943,2619763
std_sort,SAWTOOTH,1000000,33306670,4010731,3606681
std_sort,SAWTOOTH,1258925,43485016,5093998,4720610
std_sort,SAWTOOTH,1584893,51080990,6670347,5266934
std_sort,SAWTOOTH,1995262,67962315,8540787,6918746
std_sort,SAWTOOTH,2511886,81199166,10925713,8313832
std_sort,SAWTOOTH,3162277,104705056,14111291,10431177
std_sort,SAWTOOTH,3981071,140148568,18110869,13824962
std_sort,SAWTOOTH,5011872,177875565,23096936,16559198
std_sort,SAWTOOTH,6309573,223296058,29414024,21008856
std_sort,SAWTOOTH,7943282,297550686,37424170,28219170
std_sort,SAWTOOTH,10000000,405425835,47894088,36398736
std_stable_sort,RANDOM,125893,2118148,0,2419151
std_stable_sort,RANDOM,158489,2663042,0,3045456
std_stable_sort,RANDOM,199526,3383519,0,3833462
std_stable_sort,RANDOM,251189,4479291,0,5328321
std_stable_sort,RANDOM,316228,5630996,0,6708768
std_stable_sort,RANDOM,398107,7149864,0,8445724
std_stable_sort,RANDOM,501187,9430349,0,10631654
std_stable_sort,RANDOM,630957,11874123,0,13385348
std_stable_sort,RANDOM,794328,15056709,0,16852756
std_stable_sort,RANDOM,1000000,19821880,0,23215840
std_stable_sort,RANDOM,1258925,24842962,0,29223683
std_stable_sort,RANDOM,1584893,31629333,0,36794291
std_stable_sort,RANDOM,1995262,41557495,0,46317770
std_stable_sort,RANDOM,2511886,52088374,0,58312137
std_stable_sort,RANDOM,3162277,66281519,0,73406902
std_stable_sort,RANDOM,3981071,86925271,0,100381661
std_stable_sort,RANDOM,5011872,108949509,0,126373709
std_stable_sort,RANDOM,6309573,138602731,0,159089506
std_stable_sort,RANDOM,7943282,181462899,0,200288407
std_stable_sort,RANDOM,10000000,227427176,0,252139924
std_stable_sort,NEARLY_SORTED,125893,2007053,0,2292937
std_stable_sort,NEARLY_SORTED,158489,2523201,0,2885449
std_stable_sort,NEARLY_SORTED,199526,3206698,0,3633054
std_stable_sort,NEARLY_SORTED,251189,4259644,0,5076146
std_stable_sort,NEARLY_SORTED,316228,5354258,0,6390352
std_stable_sort,NEARLY_SORTED,398107,6797054,0,8045712
std_stable_sort,NEARLY_SORTED,501187,8982323,0,10128634
std_stable_sort,NEARLY_SORTED,630957,11316227,0,12750334
std_stable_sort,NEARLY_SORTED,794328,14352410,0,16052159
std_stable_sort,NEARLY_SORTED,1000000,18942941,0,22207506
std_stable_sort,NEARLY_SORTED,1258925,23737675,0,27959995
std_stable_sort,NEARLY_SORTED,1584893,30231947,0,35199300
std_stable_sort,NEARLY_SORTED,1995262,39795366,0,44311016
std_stable_sort,NEARLY_SORTED,2511886,49859202,0,55785108
std_stable_sort,NEARLY_SORTED,3162277,63485692,0,70228799
std_stable_sort,NEARLY_SORTED,3981071,83393426,0,96375794
std_stable_sort,NEARLY_SORTED,5011872,104522350,0,121330277
std_stable_sort,NEARLY_SORTED,6309573,133034850,0,152745798
std_stable_sort,NEARLY_SORTED,7943282,174469717,0,192300848
std_stable_sort,NEARLY_SORTED,10000000,218603311,0,242087621
std_stable_sort,REVERSE_SORTED,125893,979738,0,2607771
std_stable_sort,REVERSE_SORTED,158489,1251874,0,3282975
std_stable_sort,REVERSE_SORTED,199526,1620925,0,4133033
std_stable_sort,REVERSE_SORTED,251189,2080699,0,5705575
std_stable_sort,REVERSE_SORTED,316228,2656142,0,7182883
std_stable_sort,REVERSE_SORTED,398107,3431255,0,9042706
std_stable_sort,REVERSE_SORTED,501187,4402092,0,11384101
std_stable_sort,REVERSE_SORTED,630957,5616659,0,14331725
std_stable_sort,REVERSE_SORTED,794328,7238890,0,18042583
std_stable_sort,REVERSE_SORTED,1000000,9281750,0,24714273
std_stable_sort,REVERSE_SORTED,1258925,11828358,0,31113422
std_stable_sort,REVERSE_SORTED,1584893,15228458,0,39169487
std_stable_sort,REVERSE_SORTED,1995262,19514679,0,49311465
std_stable_sort,REVERSE_SORTED,2511886,24842717,0,62079455
std_stable_sort,REVERSE_SORTED,3162277,31952923,0,78153415
std_stable_sort,REVERSE_SORTED,3981071,40926914,0,106351458
std_stable_sort,REVERSE_SORTED,5011872,52050140,0,133888575
std_stable_sort,REVERSE_SORTED,6309573,66896423,0,168555728
std_stable_sort,REVERSE_SORTED,7943282,85636375,0,212199093
std_stable_sort,REVERSE_SORTED,10000000,108815190,0,267142847
std_stable_sort,MANY_DUPLICATES_10,125893,2118143,0,2419125
std_stable_sort,MANY_DUPLICATES_10,158489,2662623,0,3045135
std_stable_sort,MANY_DUPLICATES_10,199526,3383566,0,3833220
std_stable_sort,MANY_DUPLICATES_10,251189,4479216,0,5329012
std_stable_sort,MANY_DUPLICATES_10,316228,5631036,0,6708114
std_stable_sort,MANY_DUPLICATES_10,398107,7149335,0,8446501
std_stable_sort,MANY_DUPLICATES_10,501187,9429478,0,10631121
std_stable_sort,MANY_DUPLICATES_10,630957,11875586,0,13385344
std_stable_sort,MANY_DUPLICATES_10,794328,15056583,0,16850373
std_stable_sort,MANY_DUPLICATES_10,1000000,19824594,0,23214392
std_stable_sort,MANY_DUPLICATES_10,1258925,24845672,0,29225374
std_stable_sort,MANY_DUPLICATES_10,1584893,31631004,0,36791738
std_stable_sort,MANY_DUPLICATES_10,1995262,41558890,0,46318782
std_stable_sort,MANY_DUPLICATES_10,2511886,52090559,0,58311716
std_stable_sort,MANY_DUPLICATES_10,3162277,66280550,0,73409832
std_stable_sort,MANY_DUPLICATES_10,3981071,86924414,0,100378831
std_stable_sort,MANY_DUPLICATES_10,5011872,108949346,0,126371661
std_stable_sort,MANY_DUPLICATES_10,6309573,138596292,0,159088718
std_stable_sort,MANY_DUPLICATES_10,7943282,181467639,0,200283871
std_stable_sort,MANY_DUPLICATES_10,10000000,227433554,0,252141746
std_stable_sort,MANY_DUPLICATES_50,125893,2117565,0,2418842
std_stable_sort,MANY_DUPLICATES_50,158489,2663139,0,3045069
std_stable_sort,MANY_DUPLICATES_50,199526,3383571,0,3833236
std_stable_sort,MANY_DUPLICATES_50,251189,4479516,0,5329383
std_stable_sort,MANY_DUPLICATES_50,316228,5630994,0,6708662
std_stable_sort,MANY_DUPLICATES_50,398107,7150272,0,8445394
std_stable_sort,MANY_DUPLICATES_50,501187,9428677,0,10632310
std_stable_sort,MANY_DUPLICATES_50,630957,11876074,0,13386651
std_stable_sort,MANY_DUPLICATES_50,794328,15056275,0,16851084
std_stable_sort,MANY_DUPLICATES_50,1000000,19822485,0,23214888
std_stable_sort,MANY_DUPLICATES_50,1258925,24846244,0,29224271
std_stable_sort,MANY_DUPLICATES_50,1584893,31630663,0,36792820
std_stable_sort,MANY_DUPLICATES_50,1995262,41558895,0,46317893
std_stable_sort,MANY_DUPLICATES_50,2511886,52088972,0,58310328
std_stable_sort,MANY_DUPLICATES_50,3162277,66280181,0,73411738
std_stable_sort,MANY_DUPLICATES_50,3981071,86920237,0,100378373
std_stable_sort,MANY_DUPLICATES_50,5011872,108952961,0,126371257
std_stable_sort,MANY_DUPLICATES_50,6309573,138601924,0,159094760
std_stable_sort,MANY_DUPLICATES_50,7943282,181468407,0,200285963
std_stable_sort,MANY_DUPLICATES_50,10000000,227425260,0,252142595
std_stable_sort,MANY_DUPLICATES_90,125893,2118295,0,2419099
std_stable_sort,MANY_DUPLICATES_90,158489,2663038,0,3045684
std_stable_sort,MANY_DUPLICATES_90,199526,3383311,0,3834143
std_stable_sort,MANY_DUPLICATES_90,251189,4479477,0,5329185
std_stable_sort,MANY_DUPLICATES_90,316228,5631503,0,6708685
std_stable_sort,MANY_DUPLICATES_90,398107,7149951,0,8446435
std_stable_sort,MANY_DUPLICATES_90,501187,9428940,0,10631513
std_stable_sort,MANY_DUPLICATES_90,630957,11875122,0,13386151
std_stable_sort,MANY_DUPLICATES_90,794328,15056515,0,16851745
std_stable_sort,MANY_DUPLICATES_90,1000000,19822235,0,23213922
std_stable_sort,MANY_DUPLICATES_90,1258925,24844277,0,29223664
std_stable_sort,MANY_DUPLICATES_90,1584893,31631920,0,36794003
std_stable_sort,MANY_DUPLICATES_90,1995262,41557739,0,46317293
std_stable_sort,MANY_DUPLICATES_90,2511886,52088005,0,58310090
std_stable_sort,MANY_DUPLICATES_90,3162277,66285649,0,73409502
std_stable_sort,MANY_DUPLICATES_90,3981071,86921516,0,100378615
std_stable_sort,MANY_DUPLICATES_90,5011872,108947146,0,126365373
std_stable_sort,MANY_DUPLICATES_90,6309573,138595308,0,159090787
std_stable_sort,MANY_DUPLICATES_90,7943282,181467120,0,200288438
std_stable_sort,MANY_DUPLICATES_90,10000000,227429978,0,252144021
std_stable_sort,ORGAN_PIPE,125893,1151728,0,2418934
std_stable_sort,ORGAN_PIPE,158489,1448178,0,3045243
std_stable_sort,ORGAN_PIPE,199526,1838575,0,3833745
std_stable_sort,ORGAN_PIPE,251189,2424677,0,5328791
std_stable_sort,ORGAN_PIPE,316228,3048972,0,6708544
std_stable_sort,ORGAN_PIPE,398107,3868275,0,8445547
std_stable_sort,ORGAN_PIPE,501187,5084313,0,10632320
std_stable_sort,ORGAN_PIPE,630957,6403038,0,13385292
std_stable_sort,ORGAN_PIPE,794328,8113920,0,16851094
std_stable_sort,ORGAN_PIPE,1000000,10649223,0,23214277
std_stable_sort,ORGAN_PIPE,1258925,13351103,0,29225036
std_stable_sort,ORGAN_PIPE,1584893,16984712,0,36792149
std_stable_sort,ORGAN_PIPE,1995262,22251797,0,46318575
std_stable_sort,ORGAN_PIPE,2511886,27897631,0,58311630
std_stable_sort,ORGAN_PIPE,3162277,35473926,0,73409996
std_stable_sort,ORGAN_PIPE,3981071,46398592,0,100379853
std_stable_sort,ORGAN_PIPE,5011872,58172371,0,126370768
std_stable_sort,ORGAN_PIPE,6309573,73955317,0,159091368
std_stable_sort,ORGAN_PIPE,7943282,96594436,0,200284173
std_stable_sort,ORGAN_PIPE,10000000,121091464,0,252142850
std_stable_sort,SAWTOOTH,125893,1466241,0,2230173
std_stable_sort,SAWTOOTH,158489,1788234,0,2807563
std_stable_sort,SAWTOOTH,199526,2262423,0,3534533
std_stable_sort,SAWTOOTH,251189,3061551,0,4952097
std_stable_sort,SAWTOOTH,316228,3732209,0,6234290
std_stable_sort,SAWTOOTH,398107,4716719,0,7848471
std_stable_sort,SAWTOOTH,501187,6155805,0,9880617
std_stable_sort,SAWTOOTH,630957,7778382,0,12438941
std_stable_sort,SAWTOOTH,794328,9826235,0,15659690
std_stable_sort,SAWTOOTH,1000000,12824285,0,21714348
std_stable_sort,SAWTOOTH,1258925,16084887,0,27336737
std_stable_sort,SAWTOOTH,1584893,20442806,0,34414884
std_stable_sort,SAWTOOTH,1995262,26655540,0,43325760
std_stable_sort,SAWTOOTH,2511886,33423258,0,54543864
std_stable_sort,SAWTOOTH,3162277,42464827,0,68666665
std_stable_sort,SAWTOOTH,3981071,55305945,0,94408324
std_stable_sort,SAWTOOTH,5011872,68955941,0,118853041
std_stable_sort,SAWTOOTH,6309573,88149384,0,149627095
std_stable_sort,SAWTOOTH,7943282,114509153,0,188369329
std_stable_sort,SAWTOOTH,10000000,142983133,0,237142932
qsort,RANDOM,1000,17705,1160,10201
qsort,RANDOM,1259,19650,1703,10908
qsort,RANDOM,1585,27857,2301,14460
qsort,RANDOM,1995,34004,3397,17446
qsort,RANDOM,2512,53163,4683,24420
qsort,RANDOM,3162,63559,5003,32068
qsort,RANDOM,3981,80638,7132,39885
qsort,RANDOM,5012,115429,8315,52994
qsort,RANDOM,6310,139006,11288,66781
qsort,RANDOM,7943,193214,15982,85252
qsort,RANDOM,10000,218576,23213,102143
qsort,RANDOM,12589,302516,27281,135499
qsort,RANDOM,15849,391587,36142,172192
qsort,RANDOM,19953,512266,48822,223604
qsort,RANDOM,25119,653486,61977,281719
qsort,RANDOM,31623,793317,87339,345483
qsort,RANDOM,39811,1112520,104825,455459
qsort,RANDOM,50119,1353020,133899,574645
qsort,RANDOM,63096,2059620,159768,786127
qsort,RANDOM,79433,2339839,232876,943459
qsort,RANDOM,100000,3008763,310323,1203735
qsort,RANDOM,125893,3740469,390988,1521262
qsort,RANDOM,158489,4836098,505326,1925557
qsort,RANDOM,199526,6275256,673119,2462430
qsort,RANDOM,251189,7993110,895335,3110024
qsort,RANDOM,316228,9938941,1176415,3926547
qsort,RANDOM,398107,13542432,1395216,5137489
qsort,RANDOM,501187,16691610,1804688,6414548
qsort,RANDOM,630957,23208766,2336251,8489311
qsort,RANDOM,794328,28942713,2963408,10708119
qsort,RANDOM,1000000,40281498,3562221,14103126
qsort,RANDOM,1258925,47495565,4790292,17200221
qsort,RANDOM,1584893,60663987,6238951,21761064
qsort,RANDOM,1995262,74472267,8556042,27308947
qsort,RANDOM,2511886,99310876,10778740,35300691
qsort,RANDOM,3162277,133595535,13314108,46194802
qsort,RANDOM,3981071,160439617,17074375,56494678
qsort,RANDOM,5011872,220251520,21287814,74465446
qsort,RANDOM,6309573,270836416,28001487,92937678
qsort,RANDOM,7943282,337307847,36533042,116664824
qsort,RANDOM,10000000,435935065,46699611,148878638
qsort,NEARLY_SORTED,1000,9568,1381,5719
qsort,NEARLY_SORTED,1259,12037,1576,6652
qsort,NEARLY_SORTED,1585,17001,2265,9323
qsort,NEARLY_SORTED,1995,22339,2992,11989
qsort,NEARLY_SORTED,2512,30356,4332,16434
qsort,NEARLY_SORTED,3162,41140,5941,22116
qsort,NEARLY_SORTED,3981,54169,8163,28952
qsort,NEARLY_SORTED,5012,68567,9921,36107
qsort,NEARLY_SORTED,6310,90041,12208,47217
qsort,NEARLY_SORTED,7943,118314,16897,58475
qsort,NEARLY_SORTED,10000,155751,23771,76937
qsort,NEARLY_SORTED,12589,206906,31155,97698
qsort,NEARLY_SORTED,15849,269769,39197,131045
qsort,NEARLY_SORTED,19953,337979,51346,157226
qsort,NEARLY_SORTED,25119,447632,64155,200414
qsort,NEARLY_SORTED,31623,572564,83137,258837
qsort,NEARLY_SORTED,39811,774356,116987,351011
qsort,NEARLY_SORTED,50119,983255,151099,431368
qsort,NEARLY_SORTED,63096,1311435,201121,568245
qsort,NEARLY_SORTED,79433,1689470,259222,725962
qsort,NEARLY_SORTED,100000,2128882,331359,898961
qsort,NEARLY_SORTED,125893,2859526,425096,1181855
qsort,NEARLY_SORTED,158489,3494660,553150,1439734
qsort,NEARLY_SORTED,199526,4713654,738496,1889247
qsort,NEARLY_SORTED,251189,5984559,926896,2397686
qsort,NEARLY_SORTED,316228,7681699,1233061,3040258
qsort,NEARLY_SORTED,398107,9877306,1597940,3878117
qsort,NEARLY_SORTED,501187,12963742,2081326,5014798
qsort,NEARLY_SORTED,630957,16385454,2570715,6251970
qsort,NEARLY_SORTED,794328,21355198,3495282,8056180
qsort,NEARLY_SORTED,1000000,27264483,4412234,10209320
qsort,NEARLY_SORTED,1258925,34796917,5652790,12976445
qsort,NEARLY_SORTED,1584893,46976566,7059425,16748706
qsort,NEARLY_SORTED,1995262,57015282,9326366,20800197
qsort,NEARLY_SORTED,2511886,73981322,11619736,26760609
qsort,NEARLY_SORTED,3162277,95381638,14975910,34235992
qsort,NEARLY_SORTED,3981071,123321854,18487660,43449358
qsort,NEARLY_SORTED,5011872,156053448,25535474,55277267
qsort,NEARLY_SORTED,6309573,200076180,32342301,70165670
qsort,NEARLY_SORTED,7943282,255362094,41362052,89303304
qsort,NEARLY_SORTED,10000000,334493660,53110852,114663813
qsort,REVERSE_SORTED,1000,6908,1704,2150
qsort,REVERSE_SORTED,1259,8965,2103,2882
qsort,REVERSE_SORTED,1585,10665,2974,2009
qsort,REVERSE_SORTED,1995,13478,3706,2507
qsort,REVERSE_SORTED,2512,18329,5106,3280
qsort,REVERSE_SORTED,3162,23022,6390,3985
qsort,REVERSE_SORTED,3981,30438,8202,5514
qsort,REVERSE_SORTED,5012,7519,0,7518
qsort,REVERSE_SORTED,6310,9466,0,9465
qsort,REVERSE_SORTED,7943,11915,0,11913
qsort,REVERSE_SORTED,10000,15001,0,15000
qsort,REVERSE_SORTED,12589,18884,0,18882
qsort,REVERSE_SORTED,15849,23774,0,23772
qsort,REVERSE_SORTED,19953,29930,0,29928
qsort,REVERSE_SORTED,25119,37679,0,37677
qsort,REVERSE_SORTED,31623,47435,0,47433
qsort,REVERSE_SORTED,39811,59717,0,59715
qsort,REVERSE_SORTED,50119,75179,0,75177
qsort,REVERSE_SORTED,63096,94645,0,94644
qsort,REVERSE_SORTED,79433,119150,0,119148
qsort,REVERSE_SORTED,100000,150001,0,150000
qsort,REVERSE_SORTED,125893,188840,0,188838
qsort,REVERSE_SORTED,158489,237734,0,237732
qsort,REVERSE_SORTED,199526,299290,0,299289
qsort,REVERSE_SORTED,251189,376784,0,376782
qsort,REVERSE_SORTED,316228,474343,0,474342
qsort,REVERSE_SORTED,398107,597161,0,597159
qsort,REVERSE_SORTED,501187,751781,0,751779
qsort,REVERSE_SORTED,630957,946436,0,946434
qsort,REVERSE_SORTED,794328,1191493,0,1191492
qsort,REVERSE_SORTED,1000000,1500001,0,1500000
qsort,REVERSE_SORTED,1258925,1888388,0,1888386
qsort,REVERSE_SORTED,1584893,2377340,0,2377338
qsort,REVERSE_SORTED,1995262,2992894,0,2992893
qsort,REVERSE_SORTED,2511886,3767830,0,3767829
qsort,REVERSE_SORTED,3162277,4743416,0,4743414
qsort,REVERSE_SORTED,3981071,5971607,0,5971605
qsort,REVERSE_SORTED,5011872,7517809,0,7517808
qsort,REVERSE_SORTED,6309573,9464360,0,9464358
qsort,REVERSE_SORTED,7943282,11914924,0,11914923
qsort,REVERSE_SORTED,10000000,15000001,0,15000000
qsort,MANY_DUPLICATES_10,1000,16979,1504,7115
qsort,MANY_DUPLICATES_10,1259,20047,1934,10193
qsort,MANY_DUPLICATES_10,1585,26313,3112,11158
qsort,MANY_DUPLICATES_10,1995,29727,4123,14600
qsort,MANY_DUPLICATES_10,2512,49666,5120,20804
qsort,MANY_DUPLICATES_10,3162,58157,7071,26339
qsort,MANY_DUPLICATES_10,3981,77104,8868,34478
qsort,MANY_DUPLICATES_10,5012,106069,10781,46839
qsort,MANY_DUPLICATES_10,6310,132068,13998,58382
qsort,MANY_DUPLICATES_10,7943,168795,20302,69961
qsort,MANY_DUPLICATES_10,10000,227028,24693,96376
qsort,MANY_DUPLICATES_10,12589,273659,33206,114902
qsort,MANY_DUPLICATES_10,15849,363300,43644,144616
qsort,MANY_DUPLICATES_10,19953,487592,56470,193585
qsort,MANY_DUPLICATES_10,25119,620351,68212,245661
qsort,MANY_DUPLICATES_10,31623,800009,91542,306945
qsort,MANY_DUPLICATES_10,39811,999847,119229,394487
qsort,MANY_DUPLICATES_10,50119,1354520,147922,497099
qsort,MANY_DUPLICATES_10,63096,1891229,193392,688542
qsort,MANY_DUPLICATES_10,79433,2275029,245553,834284
qsort,MANY_DUPLICATES_10,100000,2970726,308739,1073743
qsort,MANY_DUPLICATES_10,125893,3493895,441261,1316339
qsort,MANY_DUPLICATES_10,158489,4738155,538279,1703351
qsort,MANY_DUPLICATES_10,199526,5974745,769235,2188357
qsort,MANY_DUPLICATES_10,251189,7796365,1038791,2819262
qsort,MANY_DUPLICATES_10,316228,11332626,1161242,3833220
qsort,MANY_DUPLICATES_10,398107,12754966,1595688,4537781
qsort,MANY_DUPLICATES_10,501187,17019208,1907241,5856992
qsort,MANY_DUPLICATES_10,630957,23206827,2447242,7755957
qsort,MANY_DUPLICATES_10,794328,26879694,3290297,9315241
qsort,MANY_DUPLICATES_10,1000000,34084629,4558798,11790099
qsort,MANY_DUPLICATES_10,1258925,46842605,5290626,15656651
qsort,MANY_DUPLICATES_10,1584893,56905665,6852603,19331022
qsort,MANY_DUPLICATES_10,1995262,76855112,8332107,25244400
qsort,MANY_DUPLICATES_10,2511886,95062485,11821236,31820788
qsort,MANY_DUPLICATES_10,3162277,124239998,13942939,40687547
qsort,MANY_DUPLICATES_10,3981071,162342736,18147694,52389501
qsort,MANY_DUPLICATES_10,5011872,208325795,23181214,66904326
qsort,MANY_DUPLICATES_10,6309573,261779736,30480267,84336098
qsort,MANY_DUPLICATES_10,7943282,328979228,40641478,106093214
qsort,MANY_DUPLICATES_10,10000000,413156140,51229447,133444790
qsort,MANY_DUPLICATES_50,1000,19166,1360,9365
qsort,MANY_DUPLICATES_50,1259,19580,1832,10880
qsort,MANY_DUPLICATES_50,1585,29948,2260,16284
qsort,MANY_DUPLICATES_50,1995,33785,3565,18330
qsort,MANY_DUPLICATES_50,2512,53196,3936,27411
qsort,MANY_DUPLICATES_50,3162,67680,5229,31297
qsort,MANY_DUPLICATES_50,3981,81912,7472,39369
qsort,MANY_DUPLICATES_50,5012,110564,9000,50956
qsort,MANY_DUPLICATES_50,6310,134668,12981,63558
qsort,MANY_DUPLICATES_50,7943,184722,17457,84622
qsort,MANY_DUPLICATES_50,10000,223121,23747,106024
qsort,MANY_DUPLICATES_50,12589,292346,29274,136525
qsort,MANY_DUPLICATES_50,15849,395868,37972,171798
qsort,MANY_DUPLICATES_50,19953,510175,50439,224515
qsort,MANY_DUPLICATES_50,25119,649266,61222,283109
qsort,MANY_DUPLICATES_50,31623,818032,84119,358335
qsort,MANY_DUPLICATES_50,39811,1015823,112544,443685
qsort,MANY_DUPLICATES_50,50119,1424341,133470,590318
qsort,MANY_DUPLICATES_50,63096,1975804,164359,775492
qsort,MANY_DUPLICATES_50,79433,2323918,237491,948935
qsort,MANY_DUPLICATES_50,100000,3101140,302336,1220404
qsort,MANY_DUPLICATES_50,125893,3816876,394764,1523243
qsort,MANY_DUPLICATES_50,158489,5038537,498064,1957340
qsort,MANY_DUPLICATES_50,199526,6416237,672048,2507595
qsort,MANY_DUPLICATES_50,251189,8334832,812641,3174927
qsort,MANY_DUPLICATES_50,316228,10616719,1064450,4015095
qsort,MANY_DUPLICATES_50,398107,13577035,1403466,5107007
qsort,MANY_DUPLICATES_50,501187,18345626,1700304,6680277
qsort,MANY_DUPLICATES_50,630957,21899211,2297351,8199065
qsort,MANY_DUPLICATES_50,794328,29093247,2989301,10558805
qsort,MANY_DUPLICATES_50,1000000,38339430,3769532,13686420
qsort,MANY_DUPLICATES_50,1258925,49610120,4750918,17509435
qsort,MANY_DUPLICATES_50,1584893,58321071,6530824,21292140
qsort,MANY_DUPLICATES_50,1995262,77098083,8321780,27519656
qsort,MANY_DUPLICATES_50,2511886,100458914,10798688,35306489
qsort,MANY_DUPLICATES_50,3162277,124695502,13790814,44222922
qsort,MANY_DUPLICATES_50,3981071,157664741,18258865,55998358
qsort,MANY_DUPLICATES_50,5011872,207442759,22349273,71794336
qsort,MANY_DUPLICATES_50,6309573,264715340,28349109,91134653
qsort,MANY_DUPLICATES_50,7943282,339795551,35913930,116306769
qsort,MANY_DUPLICATES_50,10000000,432521877,47551484,147280128
qsort,MANY_DUPLICATES_90,1000,16169,1267,8982
qsort,MANY_DUPLICATES_90,1259,20342,1636,11302
qsort,MANY_DUPLICATES_90,1585,28220,2106,15073
qsort,MANY_DUPLICATES_90,1995,35445,3377,17380
qsort,MANY_DUPLICATES_90,2512,57864,3837,26652
qsort,MANY_DUPLICATES_90,3162,63807,5141,31239
qsort,MANY_DUPLICATES_90,3981,83570,6670,41093
qsort,MANY_DUPLICATES_90,5012,121633,8897,54264
qsort,MANY_DUPLICATES_90,6310,136588,11993,67821
qsort,MANY_DUPLICATES_90,7943,181085,16949,87789
qsort,MANY_DUPLICATES_90,10000,218599,23409,100988
qsort,MANY_DUPLICATES_90,12589,297086,29160,133788
qsort,MANY_DUPLICATES_90,15849,398309,37169,177036
qsort,MANY_DUPLICATES_90,19953,529119,50926,230241
qsort,MANY_DUPLICATES_90,25119,642023,65211,286087
qsort,MANY_DUPLICATES_90,31623,820449,80124,347916
qsort,MANY_DUPLICATES_90,39811,1044197,106673,460964
qsort,MANY_DUPLICATES_90,50119,1396050,137468,590062
qsort,MANY_DUPLICATES_90,63096,1854683,173375,757894
qsort,MANY_DUPLICATES_90,79433,2324274,237098,961734
qsort,MANY_DUPLICATES_90,100000,2935983,310085,1208525
qsort,MANY_DUPLICATES_90,125893,3804944,453803,1538770
qsort,MANY_DUPLICATES_90,158489,4972608,515998,1945526
qsort,MANY_DUPLICATES_90,199526,6758706,619931,2589057
qsort,MANY_DUPLICATES_90,251189,7927292,863023,3109809
qsort,MANY_DUPLICATES_90,316228,10413097,1067850,4007968
qsort,MANY_DUPLICATES_90,398107,13957274,1364708,5205810
qsort,MANY_DUPLICATES_90,501187,16542554,1898403,6444030
qsort,MANY_DUPLICATES_90,630957,23303611,2248606,8539209
qsort,MANY_DUPLICATES_90,794328,29254449,3030369,10733292
qsort,MANY_DUPLICATES_90,1000000,37340190,3820447,13599258
qsort,MANY_DUPLICATES_90,1258925,45831326,5019232,16961184
qsort,MANY_DUPLICATES_90,1584893,58839106,6710856,21566800
qsort,MANY_DUPLICATES_90,1995262,76125121,8195488,27514647
qsort,MANY_DUPLICATES_90,2511886,100328807,10258400,35509119
qsort,MANY_DUPLICATES_90,3162277,124445894,13696523,44341398
qsort,MANY_DUPLICATES_90,3981071,160888319,17576404,56752234
qsort,MANY_DUPLICATES_90,5011872,201538132,23310907,71372313
qsort,MANY_DUPLICATES_90,6309573,282565638,27865765,95028480
qsort,MANY_DUPLICATES_90,7943282,353134507,34987771,119150541
qsort,MANY_DUPLICATES_90,10000000,454900293,46258825,152499802
qsort,ORGAN_PIPE,1000,17409,3010,9145
qsort,ORGAN_PIPE,1259,22655,4221,11229
qsort,ORGAN_PIPE,1585,28778,5307,13711
qsort,ORGAN_PIPE,1995,40277,7142,17873
qsort,ORGAN_PIPE,2512,54255,9072,24246
qsort,ORGAN_PIPE,3162,71270,11826,30865
qsort,ORGAN_PIPE,3981,91053,14996,37640
qsort,ORGAN_PIPE,5012,13783,0,11275
qsort,ORGAN_PIPE,6310,17353,0,14197
qsort,ORGAN_PIPE,7943,21844,0,17870
qsort,ORGAN_PIPE,10000,27500,0,22498
qsort,ORGAN_PIPE,12589,34621,0,28325
qsort,ORGAN_PIPE,15849,43586,0,35660
qsort,ORGAN_PIPE,19953,54872,0,44894
qsort,ORGAN_PIPE,25119,69078,0,56516
qsort,ORGAN_PIPE,31623,86964,0,71150
qsort,ORGAN_PIPE,39811,109481,0,89573
qsort,ORGAN_PIPE,50119,137828,0,112766
qsort,ORGAN_PIPE,63096,173514,0,141964
qsort,ORGAN_PIPE,79433,218442,0,178724
qsort,ORGAN_PIPE,100000,275000,0,224998
qsort,ORGAN_PIPE,125893,346207,0,283259
qsort,ORGAN_PIPE,158489,435846,0,356600
qsort,ORGAN_PIPE,199526,548697,0,448933
qsort,ORGAN_PIPE,251189,690771,0,565175
qsort,ORGAN_PIPE,316228,869627,0,711511
qsort,ORGAN_PIPE,398107,1094795,0,895739
qsort,ORGAN_PIPE,501187,1378265,0,1127669
qsort,ORGAN_PIPE,630957,1735133,0,1419653
qsort,ORGAN_PIPE,794328,2184402,0,1787236
qsort,ORGAN_PIPE,1000000,2750000,0,2249998
qsort,ORGAN_PIPE,1258925,3462045,0,2832581
qsort,ORGAN_PIPE,1584893,4358457,0,3566009
qsort,ORGAN_PIPE,1995262,5486971,0,4489339
qsort,ORGAN_PIPE,2511886,6907687,0,5651743
qsort,ORGAN_PIPE,3162277,8696263,0,7115123
qsort,ORGAN_PIPE,3981071,10947946,0,8957408
qsort,ORGAN_PIPE,5011872,13782648,0,11276710
qsort,ORGAN_PIPE,6309573,17351327,0,14196539
qsort,ORGAN_PIPE,7943282,21844026,0,17872384
qsort,ORGAN_PIPE,10000000,27500000,0,22499998
qsort,SAWTOOTH,1000,14605,1361,6843
qsort,SAWTOOTH,1259,22685,1744,11501
qsort,SAWTOOTH,1585,26433,2909,11596
qsort,SAWTOOTH,1995,35168,3404,16214
qsort,SAWTOOTH,2512,52223,4935,21950
qsort,SAWTOOTH,3162,68548,6060,28974
qsort,SAWTOOTH,3981,80208,7850,34326
qsort,SAWTOOTH,5012,22592,0,18046
qsort,SAWTOOTH,6310,28424,0,22085
qsort,SAWTOOTH,7943,35784,0,28599
qsort,SAWTOOTH,10000,45029,0,35000
qsort,SAWTOOTH,12589,56706,0,45333
qsort,SAWTOOTH,15849,71376,0,57069
qsort,SAWTOOTH,19953,89829,0,71835
qsort,SAWTOOTH,25119,113091,0,90441
qsort,SAWTOOTH,31623,142344,0,113847
qsort,SAWTOOTH,39811,179183,0,143321
qsort,SAWTOOTH,50119,225591,0,180441
qsort,SAWTOOTH,63096,283980,0,227154
qsort,SAWTOOTH,79433,357489,0,285963
qsort,SAWTOOTH,100000,450029,0,350000
qsort,SAWTOOTH,125893,566559,0,453219
qsort,SAWTOOTH,158489,713256,0,570573
qsort,SAWTOOTH,199526,897915,0,718302
qsort,SAWTOOTH,251189,1130406,0,904293
qsort,SAWTOOTH,316228,1423079,0,1138432
qsort,SAWTOOTH,398107,1791532,0,1433195
qsort,SAWTOOTH,501187,2255392,0,1804283
qsort,SAWTOOTH,630957,2839357,0,2271455
qsort,SAWTOOTH,794328,3574529,0,2859592
qsort,SAWTOOTH,1000000,4500029,0,3500000
qsort,SAWTOOTH,1258925,5665208,0,4532137
qsort,SAWTOOTH,1584893,7132059,0,5705619
qsort,SAWTOOTH,1995262,8978717,0,7182946
qsort,SAWTOOTH,2511886,11303535,0,9042798
qsort,SAWTOOTH,3162277,14230297,0,11384207
qsort,SAWTOOTH,3981071,17914853,0,14331857
qsort,SAWTOOTH,5011872,22553462,0,18042742
qsort,SAWTOOTH,6309573,28393119,0,22714467
qsort,SAWTOOTH,7943282,35744807,0,28595818
qsort,SAWTOOTH,10000000,45000029,0,35000000
dual_pivot_sequential,RANDOM,125893,3740469,390988,1521262
dual_pivot_sequential,RANDOM,158489,4836098,505326,1925557
dual_pivot_sequential,RANDOM,199526,6275256,673119,2462430
dual_pivot_sequential,RANDOM,251189,7993110,895335,3110024
dual_pivot_sequential,RANDOM,316228,9938941,1176415,3926547
dual_pivot_sequential,RANDOM,398107,13542432,1395216,5137489
dual_pivot_sequential,RANDOM,501187,16691610,1804688,6414548
dual_pivot_sequential,RANDOM,630957,23208766,2336251,8489311
dual_pivot_sequential,RANDOM,794328,28942713,2963408,10708119
dual_pivot_sequential,RANDOM,1000000,40281498,3562221,14103126
dual_pivot_sequential,RANDOM,1258925,47495565,4790292,17200221
dual_pivot_sequential,RANDOM,1584893,60663987,6238951,21761064
dual_pivot_sequential,RANDOM,1995262,74472267,8556042,27308947
dual_pivot_sequential,RANDOM,2511886,99310876,10778740,35300691
dual_pivot_sequential,RANDOM,3162277,133595535,13314108,46194802
dual_pivot_sequential,RANDOM,3981071,160439617,17074375,56494678
dual_pivot_sequential,RANDOM,5011872,220251520,21287814,74465446
dual_pivot_sequential,RANDOM,6309573,270836416,28001487,92937678
dual_pivot_sequential,RANDOM,7943282,337307847,36533042,116664824
dual_pivot_sequential,RANDOM,10000000,435935065,46699611,148878638
dual_pivot_sequential,NEARLY_SORTED,125893,2859526,425096,1181855
dual_pivot_sequential,NEARLY_SORTED,158489,3494660,553150,1439734
dual_pivot_sequential,NEARLY_SORTED,199526,4713654,738496,1889247
dual_pivot_sequential,NEARLY_SORTED,251189,5984559,926896,2397686
dual_pivot_sequential,NEARLY_SORTED,316228,7681699,1233061,3040258
dual_pivot_sequential,NEARLY_SORTED,398107,9877306,1597940,3878117
dual_pivot_sequential,NEARLY_SORTED,501187,12963742,2081326,5014798
dual_pivot_sequential,NEARLY_SORTED,630957,16385454,2570715,6251970
dual_pivot_sequential,NEARLY_SORTED,794328,21355198,3495282,8056180
dual_pivot_sequential,NEARLY_SORTED,1000000,27264483,4412234,10209320
dual_pivot_sequential,NEARLY_SORTED,1258925,34796917,5652790,12976445
dual_pivot_sequential,NEARLY_SORTED,1584893,46976566,7059425,16748706
dual_pivot_sequential,NEARLY_SORTED,1995262,57015282,9326366,20800197
dual_pivot_sequential,NEARLY_SORTED,2511886,73981322,11619736,26760609
dual_pivot_sequential,NEARLY_SORTED,3162277,95381638,14975910,34235992
dual_pivot_sequential,NEARLY_SORTED,3981071,123321854,18487660,43449358
dual_pivot_sequential,NEARLY_SORTED,5011872,156053448,25535474,55277267
dual_pivot_sequential,NEARLY_SORTED,6309573,200076180,32342301,70165670
dual_pivot_sequential,NEARLY_SORTED,7943282,255362094,41362052,89303304
dual_pivot_sequential,NEARLY_SORTED,10000000,334493660,53110852,114663813
dual_pivot_sequential,REVERSE_SORTED,125893,188840,0,188838
dual_pivot_sequential,REVERSE_SORTED,158489,237734,0,237732
dual_pivot_sequential,REVERSE_SORTED,199526,299290,0,299289
dual_pivot_sequential,REVERSE_SORTED,251189,376784,0,376782
dual_pivot_sequential,REVERSE_SORTED,316228,474343,0,474342
dual_pivot_sequential,REVERSE_SORTED,398107,597161,0,597159
dual_pivot_sequential,REVERSE_SORTED,501187,751781,0,751779
dual_pivot_sequential,REVERSE_SORTED,630957,946436,0,946434
dual_pivot_sequential,REVERSE_SORTED,794328,1191493,0,1191492
dual_pivot_sequential,REVERSE_SORTED,1000000,1500001,0,1500000
dual_pivot_sequential,REVERSE_SORTED,1258925,1888388,0,1888386
dual_pivot_sequential,REVERSE_SORTED,1584893,2377340,0,2377338
dual_pivot_sequential,REVERSE_SORTED,1995262,2992894,0,2992893
dual_pivot_sequential,REVERSE_SORTED,2511886,3767830,0,3767829
dual_pivot_sequential,REVERSE_SORTED,3162277,4743416,0,4743414
dual_pivot_sequential,REVERSE_SORTED,3981071,5971607,0,5971605
dual_pivot_sequential,REVERSE_SORTED,5011872,7517809,0,7517808
dual_pivot_sequential,REVERSE_SORTED,6309573,9464360,0,9464358
dual_pivot_sequential,REVERSE_SORTED,7943282,11914924,0,11914923
dual_pivot_sequential,REVERSE_SORTED,10000000,15000001,0,15000000
dual_pivot_sequential,MANY_DUPLICATES_10,125893,3493895,441261,1316339
dual_pivot_sequential,MANY_DUPLICATES_10,158489,4738155,538279,1703351
dual_pivot_sequential,MANY_DUPLICATES_10,199526,5974745,769235,2188357
dual_pivot_sequential,MANY_DUPLICATES_10,251189,7796365,1038791,2819262
dual_pivot_sequential,MANY_DUPLICATES_10,316228,11332626,1161242,3833220
dual_pivot_sequential,MANY_DUPLICATES_10,398107,12754966,1595688,4537781
dual_pivot_sequential,MANY_DUPLICATES_10,501187,17019208,1907241,5856992
dual_pivot_sequential,MANY_DUPLICATES_10,630957,23206827,2447242,7755957
dual_pivot_sequential,MANY_DUPLICATES_10,794328,26879694,3290297,9315241
dual_pivot_sequential,MANY_DUPLICATES_10,1000000,34084629,4558798,11790099
dual_pivot_sequential,MANY_DUPLICATES_10,1258925,46842605,5290626,15656651
dual_pivot_sequential,MANY_DUPLICATES_10,1584893,56905665,6852603,19331022
dual_pivot_sequential,MANY_DUPLICATES_10,1995262,76855112,8332107,25244400
dual_pivot_sequential,MANY_DUPLICATES_10,2511886,95062485,11821236,31820788
dual_pivot_sequential,MANY_DUPLICATES_10,3162277,124239998,13942939,40687547
dual_pivot_sequential,MANY_DUPLICATES_10,3981071,162342736,18147694,52389501
dual_pivot_sequential,MANY_DUPLICATES_10,5011872,208325795,23181214,66904326
dual_pivot_sequential,MANY_DUPLICATES_10,6309573,261779736,30480267,84336098
dual_pivot_sequential,MANY_DUPLICATES_10,7943282,328979228,40641478,106093214
dual_pivot_sequential,MANY_DUPLICATES_10,10000000,413156140,51229447,133444790
dual_pivot_sequential,MANY_DUPLICATES_50,125893,3816876,394764,1523243
dual_pivot_sequential,MANY_DUPLICATES_50,158489,5038537,498064,1957340
dual_pivot_sequential,MANY_DUPLICATES_50,199526,6416237,672048,2507595
dual_pivot_sequential,MANY_DUPLICATES_50,251189,8334832,812641,3174927
dual_pivot_sequential,MANY_DUPLICATES_50,316228,10616719,1064450,4015095
dual_pivot_sequential,MANY_DUPLICATES_50,398107,13577035,1403466,5107007
dual_pivot_sequential,MANY_DUPLICATES_50,501187,18345626,1700304,6680277
dual_pivot_sequential,MANY_DUPLICATES_50,630957,21899211,2297351,8199065
dual_pivot_sequential,MANY_DUPLICATES_50,794328,29093247,2989301,10558805
dual_pivot_sequential,MANY_DUPLICATES_50,1000000,38339430,3769532,13686420
dual_pivot_sequential,MANY_DUPLICATES_50,1258925,49610120,4750918,17509435
dual_pivot_sequential,MANY_DUPLICATES_50,1584893,58321071,6530824,21292140
dual_pivot_sequential,MANY_DUPLICATES_50,1995262,77098083,8321780,27519656
dual_pivot_sequential,MANY_DUPLICATES_50,2511886,100458914,10798688,35306489
dual_pivot_sequential,MANY_DUPLICATES_50,3162277,124695502,13790814,44222922
dual_pivot_sequential,MANY_DUPLICATES_50,3981071,157664741,18258865,55998358
dual_pivot_sequential,MANY_DUPLICATES_50,5011872,207442759,22349273,71794336
dual_pivot_sequential,MANY_DUPLICATES_50,6309573,264715340,28349109,91134653
dual_pivot_sequential,MANY_DUPLICATES_50,7943282,339795551,35913930,116306769
dual_pivot_sequential,MANY_DUPLICATES_50,10000000,432521877,47551484,147280128
dual_pivot_sequential,MANY_DUPLICATES_90,125893,3804944,453803,1538770
dual_pivot_sequential,MANY_DUPLICATES_90,158489,4972608,515998,1945526
dual_pivot_sequential,MANY_DUPLICATES_90,199526,6758706,619931,2589057
dual_pivot_sequential,MANY_DUPLICATES_90,251189,7927292,863023,3109809
dual_pivot_sequential,MANY_DUPLICATES_90,316228,10413097,1067850,4007968
dual_pivot_sequential,MANY_DUPLICATES_90,398107,13957274,1364708,5205810
dual_pivot_sequential,MANY_DUPLICATES_90,501187,16542554,1898403,6444030
dual_pivot_sequential,MANY_DUPLICATES_90,630957,23303611,2248606,8539209
dual_pivot_sequential,MANY_DUPLICATES_90,794328,29254449,3030369,10733292
dual_pivot_sequential,MANY_DUPLICATES_90,1000000,37340190,3820447,13599258
dual_pivot_sequential,MANY_DUPLICATES_90,1258925,45831326,5019232,16961184
dual_pivot_sequential,MANY_DUPLICATES_90,1584893,58839106,6710856,21566800
dual_pivot_sequential,MANY_DUPLICATES_90,1995262,76125121,8195488,27514647
dual_pivot_sequential,MANY_DUPLICATES_90,2511886,100328807,10258400,35509119
dual_pivot_sequential,MANY_DUPLICATES_90,3162277,124445894,13696523,44341398
dual_pivot_sequential,MANY_DUPLICATES_90,3981071,160888319,17576404,56752234
dual_pivot_sequential,MANY_DUPLICATES_90,5011872,201538132,23310907,71372313
dual_pivot_sequential,MANY_DUPLICATES_90,6309573,282565638,27865765,95028480
dual_pivot_sequential,MANY_DUPLICATES_90,7943282,353134507,34987771,119150541
dual_pivot_sequential,MANY_DUPLICATES_90,10000000,454900293,46258825,152499802
dual_pivot_sequential,ORGAN_PIPE,125893,346207,0,283259
dual_pivot_sequential,ORGAN_PIPE,158489,435846,0,356600
dual_pivot_sequential,ORGAN_PIPE,199526,548697,0,448933
dual_pivot_sequential,ORGAN_PIPE,251189,690771,0,565175
dual_pivot_sequential,ORGAN_PIPE,316228,869627,0,711511
dual_pivot_sequential,ORGAN_PIPE,398107,1094795,0,895739
dual_pivot_sequential,ORGAN_PIPE,501187,1378265,0,1127669
dual_pivot_sequential,ORGAN_PIPE,630957,1735133,0,1419653
dual_pivot_sequential,ORGAN_PIPE,794328,2184402,0,1787236
dual_pivot_sequential,ORGAN_PIPE,1000000,2750000,0,2249998
dual_pivot_sequential,ORGAN_PIPE,1258925,3462045,0,2832581
dual_pivot_sequential,ORGAN_PIPE,1584893,4358457,0,3566009
dual_pivot_sequential,ORGAN_PIPE,1995262,5486971,0,4489339
dual_pivot_sequential,ORGAN_PIPE,2511886,6907687,0,5651743
dual_pivot_sequential,ORGAN_PIPE,3162277,8696263,0,7115123
dual_pivot_sequential,ORGAN_PIPE,3981071,10947946,0,8957408
dual_pivot_sequential,ORGAN_PIPE,5011872,13782648,0,11276710
dual_pivot_sequential,ORGAN_PIPE,6309573,17351327,0,14196539
dual_pivot_sequential,ORGAN_PIPE,7943282,21844026,0,17872384
dual_pivot_sequential,ORGAN_PIPE,10000000,27500000,0,22499998
dual_pivot_sequential,SAWTOOTH,125893,566559,0,453219
dual_pivot_sequential,SAWTOOTH,158489,713256,0,570573
dual_pivot_sequential,SAWTOOTH,199526,897915,0,718302
dual_pivot_sequential,SAWTOOTH,251189,1130406,0,904293
dual_pivot_sequential,SAWTOOTH,316228,1423079,0,1138432
dual_pivot_sequential,SAWTOOTH,398107,1791532,0,1433195
dual_pivot_sequential,SAWTOOTH,501187,2255392,0,1804283
dual_pivot_sequential,SAWTOOTH,630957,2839357,0,2271455
dual_pivot_sequential,SAWTOOTH,794328,3574529,0,2859592
dual_pivot_sequential,SAWTOOTH,1000000,4500029,0,3500000
dual_pivot_sequential,SAWTOOTH,1258925,5665208,0,4532137
dual_pivot_sequential,SAWTOOTH,1584893,7132059,0,5705619
dual_pivot_sequential,SAWTOOTH,1995262,8978717,0,7182946
dual_pivot_sequential,SAWTOOTH,2511886,11303535,0,9042798
dual_pivot_sequential,SAWTOOTH,3162277,14230297,0,11384207
dual_pivot_sequential,SAWTOOTH,3981071,17914853,0,14331857
dual_pivot_sequential,SAWTOOTH,5011872,22553462,0,18042742
dual_pivot_sequential,SAWTOOTH,6309573,28393119,0,22714467
dual_pivot_sequential,SAWTOOTH,7943282,35744807,0,28595818
dual_pivot_sequential,SAWTOOTH,10000000,45000029,0,35000000
